# Converted from flange.dae
v -0.013348 0.014894 0.008302
v -0.013191 0.015033 0.008093
v -0.012622 0.015514 0.010000
v -0.013528 0.014730 0.008472
v -0.014349 0.013932 0.008674
v -0.014246 0.014037 0.008694
v -0.014414 0.013865 0.010000
v -0.014142 0.014142 0.008700
v -0.013543 0.014716 0.010000
v -0.014037 0.014246 0.008694
v -0.013932 0.014349 0.008674
v -0.013827 0.014450 0.008642
v -0.013725 0.014547 0.008597
v -0.013625 0.014641 0.008541
v -0.013063 0.015145 0.007850
v -0.013011 0.015189 0.007719
v -0.012967 0.015227 0.007581
v -0.012933 0.015256 0.007439
v -0.012909 0.015276 0.007295
v -0.012894 0.015289 0.007149
v -0.012889 0.015293 0.007000
v -0.012894 0.015289 0.006851
v -0.012622 0.015514 0.003500
v -0.012909 0.015276 0.006705
v -0.012933 0.015256 0.006561
v -0.012967 0.015227 0.006419
v -0.013011 0.015189 0.006281
v -0.013063 0.015145 0.006150
v -0.013191 0.015033 0.005907
v -0.013348 0.014894 0.005698
v -0.013528 0.014730 0.005528
v -0.013625 0.014641 0.005459
v -0.013932 0.014349 0.005326
v -0.014141 0.014143 0.003500
v -0.013827 0.014450 0.005358
v -0.013725 0.014547 0.005403
v -0.014037 0.014247 0.005306
v -0.014142 0.014142 0.005300
v -0.014414 0.013865 0.003500
v -0.014247 0.014037 0.005306
v -0.014349 0.013932 0.005326
v -0.014894 0.013348 0.005698
v -0.015033 0.013191 0.005907
v -0.015992 0.012010 0.003500
v -0.014730 0.013528 0.005528
v -0.014414 0.013865 0.005345
v -0.014547 0.013725 0.005403
v -0.014641 0.013625 0.005459
v -0.015145 0.013063 0.006150
v -0.015190 0.013011 0.006282
v -0.015227 0.012967 0.006419
v -0.015255 0.012933 0.006559
v -0.015276 0.012909 0.006705
v -0.015289 0.012894 0.006852
v -0.015293 0.012889 0.007000
v -0.015289 0.012894 0.007148
v -0.015992 0.012010 0.010000
v -0.015276 0.012909 0.007295
v -0.015255 0.012933 0.007440
v -0.015227 0.012967 0.007581
v -0.015190 0.013011 0.007718
v -0.015145 0.013063 0.007850
v -0.015033 0.013191 0.008093
v -0.014894 0.013348 0.008302
v -0.015231 0.012962 0.010000
v -0.014730 0.013528 0.008472
v -0.014641 0.013625 0.008541
v -0.014547 0.013725 0.008597
v -0.014414 0.013865 0.008655
v 0.014894 0.013348 0.008302
v 0.015033 0.013191 0.008093
v 0.015676 0.012420 0.010000
v 0.014050 0.014233 0.008695
v 0.014142 0.014142 0.008700
v 0.014050 0.014233 0.010000
v 0.014246 0.014037 0.008694
v 0.014891 0.013352 0.010000
v 0.014349 0.013932 0.008674
v 0.014450 0.013827 0.008642
v 0.014547 0.013725 0.008597
v 0.014641 0.013625 0.008541
v 0.014730 0.013528 0.008472
v 0.015145 0.013063 0.007850
v 0.015189 0.013011 0.007719
v 0.015227 0.012967 0.007581
v 0.015256 0.012933 0.007439
v 0.015276 0.012909 0.007295
v 0.015289 0.012894 0.007149
v 0.015293 0.012889 0.007000
v 0.015289 0.012894 0.006851
v 0.015676 0.012420 0.003500
v 0.015276 0.012909 0.006705
v 0.015256 0.012933 0.006561
v 0.015227 0.012967 0.006419
v 0.015189 0.013011 0.006281
v 0.015145 0.013063 0.006150
v 0.015033 0.013191 0.005907
v 0.014894 0.013348 0.005698
v 0.014730 0.013528 0.005528
v 0.014641 0.013625 0.005459
v 0.014349 0.013932 0.005326
v 0.014050 0.014233 0.003500
v 0.014450 0.013827 0.005358
v 0.014547 0.013725 0.005403
v 0.014247 0.014037 0.005306
v 0.014142 0.014142 0.005300
v 0.014050 0.014233 0.005305
v 0.013625 0.014641 0.005459
v 0.013528 0.014730 0.005528
v 0.012216 0.015835 0.003500
v 0.013932 0.014349 0.005326
v 0.013828 0.014449 0.005358
v 0.013725 0.014547 0.005403
v 0.013348 0.014894 0.005698
v 0.013191 0.015033 0.005907
v 0.013063 0.015145 0.006150
v 0.013011 0.015190 0.006282
v 0.012967 0.015227 0.006419
v 0.012933 0.015255 0.006559
v 0.012909 0.015276 0.006705
v 0.012894 0.015289 0.006852
v 0.012889 0.015293 0.007000
v 0.012894 0.015289 0.007148
v 0.012216 0.015835 0.010000
v 0.012909 0.015276 0.007295
v 0.012933 0.015255 0.007440
v 0.012967 0.015227 0.007581
v 0.013011 0.015190 0.007718
v 0.013063 0.015145 0.007850
v 0.013191 0.015033 0.008093
v 0.013348 0.014894 0.008302
v 0.013158 0.015062 0.010000
v 0.013528 0.014730 0.008472
v 0.013625 0.014641 0.008541
v 0.013725 0.014547 0.008597
v 0.013827 0.014450 0.008642
v 0.013932 0.014349 0.008674
v 0.014641 -0.013625 0.005459
v 0.014730 -0.013528 0.005528
v 0.015676 -0.012420 0.003500
v 0.013932 -0.014349 0.005326
v 0.014050 -0.014233 0.005305
v 0.014050 -0.014233 0.003500
v 0.014142 -0.014142 0.005300
v 0.014547 -0.013725 0.005403
v 0.014246 -0.014037 0.005306
v 0.014349 -0.013932 0.005326
v 0.014450 -0.013827 0.005358
v 0.014894 -0.013348 0.005698
v 0.015033 -0.013191 0.005907
v 0.015145 -0.013063 0.006150
v 0.015189 -0.013011 0.006281
v 0.015227 -0.012967 0.006419
v 0.015256 -0.012933 0.006561
v 0.015276 -0.012909 0.006705
v 0.015289 -0.012894 0.006851
v 0.015293 -0.012889 0.007000
v 0.015676 -0.012420 0.010000
v 0.015289 -0.012894 0.007149
v 0.015276 -0.012909 0.007295
v 0.015256 -0.012933 0.007439
v 0.015227 -0.012967 0.007581
v 0.015189 -0.013011 0.007719
v 0.015145 -0.013063 0.007850
v 0.015033 -0.013191 0.008093
v 0.014894 -0.013348 0.008302
v 0.014730 -0.013528 0.008472
v 0.014891 -0.013352 0.010000
v 0.014641 -0.013625 0.008541
v 0.014547 -0.013725 0.008597
v 0.014450 -0.013827 0.008642
v 0.014349 -0.013932 0.008674
v 0.014050 -0.014233 0.010000
v 0.014247 -0.014037 0.008694
v 0.014142 -0.014142 0.008700
v 0.014050 -0.014233 0.008695
v 0.013932 -0.014349 0.008674
v 0.013158 -0.015062 0.010000
v 0.013828 -0.014449 0.008642
v 0.013725 -0.014547 0.008597
v 0.013625 -0.014641 0.008541
v 0.013528 -0.014730 0.008472
v 0.012216 -0.015835 0.010000
v 0.013348 -0.014894 0.008302
v 0.013191 -0.015033 0.008093
v 0.013063 -0.015145 0.007850
v 0.013011 -0.015190 0.007718
v 0.012967 -0.015227 0.007581
v 0.012933 -0.015255 0.007440
v 0.012909 -0.015276 0.007295
v 0.012894 -0.015289 0.007148
v 0.012889 -0.015293 0.007000
v 0.012894 -0.015289 0.006852
v 0.012216 -0.015835 0.003500
v 0.012909 -0.015276 0.006705
v 0.012933 -0.015255 0.006560
v 0.012967 -0.015227 0.006419
v 0.013011 -0.015190 0.006282
v 0.013063 -0.015145 0.006150
v 0.013191 -0.015033 0.005907
v 0.013348 -0.014894 0.005698
v 0.013528 -0.014730 0.005528
v 0.013625 -0.014641 0.005459
v 0.013725 -0.014547 0.005403
v 0.013827 -0.014450 0.005358
v -0.013625 -0.014641 0.005459
v -0.013528 -0.014730 0.005528
v -0.012622 -0.015514 0.003500
v -0.014414 -0.013865 0.005345
v -0.014349 -0.013932 0.005326
v -0.014414 -0.013865 0.003500
v -0.014246 -0.014037 0.005306
v -0.014142 -0.014142 0.005300
v -0.013725 -0.014547 0.005403
v -0.014037 -0.014246 0.005306
v -0.013932 -0.014349 0.005326
v -0.013827 -0.014450 0.005358
v -0.013348 -0.014894 0.005698
v -0.013191 -0.015033 0.005907
v -0.013063 -0.015145 0.006150
v -0.013011 -0.015189 0.006281
v -0.012967 -0.015227 0.006419
v -0.012933 -0.015256 0.006561
v -0.012909 -0.015276 0.006705
v -0.012894 -0.015289 0.006851
v -0.012889 -0.015293 0.007000
v -0.012894 -0.015289 0.007149
v -0.012622 -0.015514 0.010000
v -0.012909 -0.015276 0.007295
v -0.012933 -0.015256 0.007439
v -0.012967 -0.015227 0.007581
v -0.013011 -0.015189 0.007719
v -0.013063 -0.015145 0.007850
v -0.013191 -0.015033 0.008093
v -0.013348 -0.014894 0.008302
v -0.013528 -0.014730 0.008472
v -0.013625 -0.014641 0.008541
v -0.013543 -0.014716 0.010000
v -0.013725 -0.014547 0.008597
v -0.013827 -0.014450 0.008642
v -0.013932 -0.014349 0.008674
v -0.014037 -0.014247 0.008694
v -0.014414 -0.013865 0.010000
v -0.014142 -0.014142 0.008700
v -0.014247 -0.014037 0.008693
v -0.014349 -0.013932 0.008674
v -0.014414 -0.013865 0.008655
v -0.015231 -0.012962 0.010000
v -0.014547 -0.013725 0.008597
v -0.014641 -0.013625 0.008541
v -0.014730 -0.013528 0.008472
v -0.015992 -0.012010 0.010000
v -0.014894 -0.013348 0.008302
v -0.015033 -0.013191 0.008093
v -0.015145 -0.013063 0.007850
v -0.015190 -0.013011 0.007718
v -0.015227 -0.012967 0.007581
v -0.015289 -0.012894 0.006852
v -0.015276 -0.012909 0.006705
v -0.015992 -0.012010 0.003500
v -0.015293 -0.012889 0.007000
v -0.015255 -0.012933 0.007440
v -0.015276 -0.012909 0.007295
v -0.015289 -0.012894 0.007148
v -0.015255 -0.012933 0.006560
v -0.015227 -0.012967 0.006419
v -0.015190 -0.013011 0.006282
v -0.015145 -0.013063 0.006150
v -0.015033 -0.013191 0.005907
v -0.014894 -0.013348 0.005698
v -0.014730 -0.013528 0.005528
v -0.014641 -0.013625 0.005459
v -0.014547 -0.013725 0.005403
v -0.016694 -0.011014 0.010000
v -0.017333 -0.009978 0.003500
v -0.017333 -0.009978 0.010000
v -0.011655 -0.016253 0.010000
v -0.010644 -0.016933 0.003500
v -0.010644 -0.016933 0.010000
v -0.009593 -0.017549 0.010000
v -0.008507 -0.018101 0.003500
v -0.008507 -0.018101 0.010000
v -0.007389 -0.018585 0.010000
v -0.006244 -0.019000 0.003500
v -0.006244 -0.019000 0.010000
v -0.005076 -0.019345 0.010000
v -0.003889 -0.019618 0.003500
v -0.003889 -0.019618 0.010000
v -0.002687 -0.019819 0.010000
v -0.001476 -0.019945 0.003500
v -0.001476 -0.019945 0.010000
v -0.000259 -0.019998 0.010000
v 0.000959 -0.019977 0.003500
v 0.000959 -0.019977 0.010000
v 0.002173 -0.019882 0.010000
v 0.003379 -0.019712 0.003500
v 0.003379 -0.019712 0.010000
v 0.004573 -0.019470 0.010000
v 0.005750 -0.019156 0.003500
v 0.005750 -0.019156 0.010000
v 0.006905 -0.018770 0.010000
v 0.008035 -0.018315 0.003500
v 0.008035 -0.018315 0.010000
v 0.009135 -0.017792 0.010000
v 0.010201 -0.017203 0.003500
v 0.011230 -0.016550 0.010000
v 0.010201 -0.017203 0.010000
v 0.016403 -0.011443 0.010000
v 0.017069 -0.010423 0.003500
v 0.017069 -0.010423 0.010000
v 0.017672 -0.009365 0.010000
v 0.018209 -0.008272 0.003500
v 0.018209 -0.008272 0.010000
v 0.018679 -0.007148 0.010000
v 0.019079 -0.005998 0.003500
v 0.019079 -0.005998 0.010000
v 0.019409 -0.004825 0.010000
v 0.019667 -0.003634 0.003500
v 0.019667 -0.003634 0.010000
v 0.019852 -0.002430 0.010000
v 0.019963 -0.001217 0.003500
v 0.019963 -0.001217 0.010000
v 0.020000 0.000000 0.010000
v 0.019963 0.001217 0.003500
v 0.019963 0.001217 0.010000
v 0.019852 0.002430 0.010000
v 0.019667 0.003634 0.003500
v 0.019667 0.003634 0.010000
v 0.019409 0.004825 0.010000
v 0.019079 0.005998 0.003500
v 0.019079 0.005998 0.010000
v 0.018679 0.007148 0.010000
v 0.018209 0.008272 0.003500
v 0.018209 0.008272 0.010000
v 0.017672 0.009365 0.010000
v 0.017069 0.010423 0.003500
v 0.016403 0.011443 0.010000
v 0.017069 0.010423 0.010000
v 0.011230 0.016550 0.010000
v 0.010201 0.017203 0.003500
v 0.010201 0.017203 0.010000
v 0.009135 0.017792 0.010000
v 0.008035 0.018315 0.003500
v 0.008035 0.018315 0.010000
v 0.006905 0.018770 0.010000
v 0.005750 0.019156 0.003500
v 0.005750 0.019156 0.010000
v 0.004573 0.019470 0.010000
v 0.003379 0.019712 0.003500
v 0.003379 0.019712 0.010000
v 0.002173 0.019882 0.010000
v 0.000959 0.019977 0.003500
v 0.000959 0.019977 0.010000
v -0.000259 0.019998 0.010000
v -0.001476 0.019945 0.003500
v -0.001476 0.019945 0.010000
v -0.002687 0.019819 0.010000
v -0.003889 0.019618 0.003500
v -0.003889 0.019618 0.010000
v -0.005076 0.019345 0.010000
v -0.006244 0.019000 0.003500
v -0.006244 0.019000 0.010000
v -0.007389 0.018585 0.010000
v -0.008507 0.018101 0.003500
v -0.008507 0.018101 0.010000
v -0.009593 0.017549 0.010000
v -0.010644 0.016933 0.003500
v -0.011655 0.016253 0.010000
v -0.010644 0.016933 0.010000
v -0.017333 0.009978 0.010000
v -0.017333 0.009978 0.003500
v -0.016694 0.011014 0.010000
v -0.006300 -0.010416 0.003500
v -0.003026 -0.011293 0.003500
v -0.006199 -0.009839 0.003500
v -0.006199 -0.009253 0.003500
v -0.011473 -0.012298 0.003500
v -0.017700 -0.009189 0.003500
v -0.012791 -0.008676 0.003500
v -0.012591 -0.008126 0.003500
v -0.011922 -0.011922 0.003500
v -0.012298 -0.011473 0.003500
v -0.006501 -0.010966 0.003500
v -0.006794 -0.011473 0.003500
v -0.007170 -0.011922 0.003500
v -0.007619 -0.012298 0.003500
v -0.008126 -0.012591 0.003500
v -0.012591 -0.010966 0.003500
v -0.012791 -0.010416 0.003500
v -0.012893 -0.009839 0.003500
v -0.012893 -0.009253 0.003500
v -0.012298 -0.007619 0.003500
v -0.011922 -0.007170 0.003500
v -0.011293 -0.003026 0.003500
v -0.011473 -0.006794 0.003500
v -0.010966 -0.006501 0.003500
v -0.007170 -0.007170 0.003500
v -0.006794 -0.007619 0.003500
v -0.006501 -0.008126 0.003500
v -0.006300 -0.008676 0.003500
v -0.008676 -0.012791 0.003500
v -0.009253 -0.012893 0.003500
v -0.009839 -0.012893 0.003500
v -0.010416 -0.012791 0.003500
v -0.010966 -0.012591 0.003500
v -0.010416 -0.006300 0.003500
v -0.009839 -0.006199 0.003500
v -0.009253 -0.006199 0.003500
v -0.008676 -0.006300 0.003500
v -0.008126 -0.006501 0.003500
v -0.007619 -0.006794 0.003500
v -0.017924 -0.008349 0.003500
v -0.018000 -0.007483 0.003500
v -0.009693 0.003201 0.003500
v -0.009794 0.002624 0.003500
v -0.004133 0.004133 0.003500
v -0.011113 0.000742 0.003500
v -0.011620 0.000449 0.003500
v -0.013910 0.000249 0.003500
v -0.014460 0.000449 0.003500
v -0.014967 0.000742 0.003500
v -0.015416 0.001118 0.003500
v -0.015792 0.001567 0.003500
v -0.016085 0.002074 0.003500
v -0.010288 0.005421 0.003500
v -0.009995 0.004914 0.003500
v -0.012170 0.000249 0.003500
v -0.012747 0.000147 0.003500
v -0.013333 0.000147 0.003500
v -0.009794 0.004364 0.003500
v -0.009693 0.003787 0.003500
v -0.009995 0.002074 0.003500
v -0.010288 0.001567 0.003500
v -0.010664 0.001118 0.003500
v -0.014967 0.006246 0.003500
v -0.014460 0.006539 0.003500
v -0.013910 0.006740 0.003500
v -0.013333 0.006841 0.003500
v -0.012747 0.006841 0.003500
v -0.012170 0.006740 0.003500
v -0.011620 0.006539 0.003500
v -0.011113 0.006246 0.003500
v -0.010664 0.005870 0.003500
v -0.016285 0.002624 0.003500
v -0.016387 0.003201 0.003500
v -0.018000 0.007483 0.003500
v -0.016387 0.003787 0.003500
v -0.016285 0.004364 0.003500
v -0.016085 0.004914 0.003500
v -0.015792 0.005421 0.003500
v -0.017924 0.008349 0.003500
v -0.015416 0.005870 0.003500
v -0.017700 0.009189 0.003500
v -0.000742 0.014967 0.003500
v -0.000449 0.014460 0.003500
v 0.003026 0.011293 0.003500
v -0.000249 0.013910 0.003500
v -0.000147 0.013333 0.003500
v -0.003201 0.016387 0.003500
v -0.002624 0.016285 0.003500
v -0.005421 0.015792 0.003500
v -0.000147 0.012747 0.003500
v -0.000249 0.012170 0.003500
v -0.000449 0.011620 0.003500
v -0.002074 0.016085 0.003500
v -0.001567 0.015792 0.003500
v -0.001118 0.015416 0.003500
v -0.004914 0.016085 0.003500
v -0.004364 0.016285 0.003500
v -0.003787 0.016387 0.003500
v -0.006841 0.013333 0.003500
v -0.006740 0.013910 0.003500
v -0.006539 0.014460 0.003500
v -0.006246 0.014967 0.003500
v -0.005870 0.015416 0.003500
v -0.001567 0.010288 0.003500
v -0.001118 0.010664 0.003500
v -0.000742 0.011113 0.003500
v -0.002074 0.009995 0.003500
v -0.002624 0.009794 0.003500
v -0.003201 0.009693 0.003500
v -0.003787 0.009693 0.003500
v -0.004364 0.009794 0.003500
v -0.004914 0.009995 0.003500
v -0.006539 0.011620 0.003500
v -0.006740 0.012170 0.003500
v -0.006841 0.012747 0.003500
v -0.005421 0.010288 0.003500
v -0.005870 0.010664 0.003500
v -0.006246 0.011113 0.003500
v 0.008898 0.017165 0.003500
v 0.017165 0.008898 0.003500
v 0.011293 0.003026 0.003500
v 0.011620 -0.000449 0.003500
v 0.012170 -0.000249 0.003500
v 0.014460 -0.006539 0.003500
v 0.013910 -0.006740 0.003500
v 0.012393 -0.012393 0.003500
v 0.011113 -0.000742 0.003500
v 0.016387 -0.003787 0.003500
v 0.016285 -0.004364 0.003500
v 0.016085 -0.004914 0.003500
v 0.015792 -0.001567 0.003500
v 0.016085 -0.002074 0.003500
v 0.016285 -0.002624 0.003500
v 0.016387 -0.003201 0.003500
v 0.015792 -0.005421 0.003500
v 0.015416 -0.005870 0.003500
v 0.014967 -0.006246 0.003500
v 0.009794 -0.004364 0.003500
v 0.009693 -0.003787 0.003500
v 0.004133 -0.004133 0.003500
v 0.009693 -0.003201 0.003500
v 0.009794 -0.002624 0.003500
v 0.009995 -0.002074 0.003500
v 0.010288 -0.001567 0.003500
v 0.010664 -0.001118 0.003500
v 0.012747 -0.000147 0.003500
v 0.013333 -0.000147 0.003500
v 0.013910 -0.000249 0.003500
v 0.014460 -0.000449 0.003500
v 0.014967 -0.000742 0.003500
v 0.015416 -0.001118 0.003500
v 0.013333 -0.006841 0.003500
v 0.012747 -0.006841 0.003500
v 0.012170 -0.006740 0.003500
v 0.011620 -0.006539 0.003500
v 0.011113 -0.006246 0.003500
v 0.010664 -0.005870 0.003500
v 0.010288 -0.005421 0.003500
v 0.009995 -0.004914 0.003500
v 0.000742 -0.014967 0.003500
v 0.000449 -0.014460 0.003500
v 0.006246 -0.011113 0.003500
v 0.006539 -0.011620 0.003500
v 0.005870 -0.010664 0.003500
v 0.006740 -0.012170 0.003500
v 0.006841 -0.012747 0.003500
v 0.006841 -0.013333 0.003500
v 0.003201 -0.016387 0.003500
v 0.002624 -0.016285 0.003500
v 0.002074 -0.016085 0.003500
v 0.001567 -0.015792 0.003500
v 0.001118 -0.015416 0.003500
v 0.005421 -0.010288 0.003500
v 0.002074 -0.009995 0.003500
v 0.002624 -0.009794 0.003500
v 0.003201 -0.009693 0.003500
v 0.003787 -0.009693 0.003500
v 0.004364 -0.009794 0.003500
v 0.004914 -0.009995 0.003500
v 0.005870 -0.015416 0.003500
v 0.005421 -0.015792 0.003500
v 0.000147 -0.012747 0.003500
v 0.000249 -0.012170 0.003500
v 0.000449 -0.011620 0.003500
v 0.006246 -0.014967 0.003500
v 0.004914 -0.016085 0.003500
v 0.004364 -0.016285 0.003500
v 0.003787 -0.016387 0.003500
v 0.000742 -0.011113 0.003500
v 0.001118 -0.010664 0.003500
v 0.001567 -0.010288 0.003500
v 0.006740 -0.013910 0.003500
v 0.006539 -0.014460 0.003500
v 0.000249 -0.013910 0.003500
v 0.000147 -0.013333 0.003500
v 0.012893 0.009839 0.003500
v 0.012791 0.010416 0.003500
v 0.012591 0.010966 0.003500
v 0.009839 0.006199 0.003500
v 0.009253 0.006199 0.003500
v 0.007170 0.007170 0.003500
v 0.006794 0.007619 0.003500
v 0.012298 0.007619 0.003500
v 0.011922 0.007170 0.003500
v 0.011473 0.006794 0.003500
v 0.012893 0.009253 0.003500
v 0.012791 0.008676 0.003500
v 0.012591 0.008126 0.003500
v 0.010966 0.006501 0.003500
v 0.010416 0.006300 0.003500
v 0.006501 0.008126 0.003500
v 0.006300 0.008676 0.003500
v 0.006199 0.009253 0.003500
v 0.008676 0.006300 0.003500
v 0.008126 0.006501 0.003500
v 0.007619 0.006794 0.003500
v 0.006199 0.009839 0.003500
v 0.006300 0.010416 0.003500
v 0.006501 0.010966 0.003500
v 0.008676 0.012791 0.003500
v 0.009253 0.012893 0.003500
v 0.008126 0.012591 0.003500
v 0.010966 0.012591 0.003500
v 0.011473 0.012298 0.003500
v 0.011922 0.011922 0.003500
v 0.012298 0.011473 0.003500
v 0.006794 0.011473 0.003500
v 0.007170 0.011922 0.003500
v 0.007619 0.012298 0.003500
v 0.009839 0.012893 0.003500
v 0.010416 0.012791 0.003500
v -0.017451 -0.013066 0.000000
v -0.014013 -0.016700 0.000000
v -0.015857 -0.014960 0.000000
v -0.014682 0.003934 0.000000
v -0.014733 0.003642 0.000000
v -0.020884 0.006252 0.000000
v 0.028272 0.003601 0.000000
v 0.028491 0.000722 0.000000
v 0.027296 -0.001936 0.000000
v 0.028418 -0.002164 0.000000
v -0.028272 -0.003601 0.000000
v -0.028437 -0.001900 0.000000
v -0.028300 -0.001900 0.000000
v 0.011758 -0.025356 0.000000
v 0.010572 -0.026467 0.000000
v 0.009111 -0.026423 0.000000
v 0.007840 -0.027400 0.000000
v 0.006368 -0.027215 0.000000
v 0.005028 -0.028053 0.000000
v 0.003560 -0.027722 0.000000
v 0.002164 -0.028418 0.000000
v 0.000714 -0.027941 0.000000
v -0.000722 -0.028491 0.000000
v -0.002140 -0.027868 0.000000
v -0.003601 -0.028272 0.000000
v -0.004971 -0.027504 0.000000
v -0.006442 -0.027762 0.000000
v -0.007750 -0.026854 0.000000
v -0.009218 -0.026968 0.000000
v -0.010448 -0.025924 0.000000
v -0.011899 -0.025897 0.000000
v -0.013038 -0.024723 0.000000
v -0.014458 -0.024560 0.000000
v -0.015491 -0.023264 0.000000
v -0.016868 -0.022972 0.000000
v -0.017783 -0.021563 0.000000
v -0.019106 -0.021147 0.000000
v -0.019889 -0.019637 0.000000
v -0.021147 -0.019106 0.000000
v -0.021788 -0.017506 0.000000
v -0.022972 -0.016868 0.000000
v -0.023460 -0.015193 0.000000
v -0.024560 -0.014458 0.000000
v -0.024887 -0.012721 0.000000
v -0.025897 -0.011899 0.000000
v -0.026055 -0.010116 0.000000
v -0.026968 -0.009218 0.000000
v -0.026951 -0.007406 0.000000
v -0.027762 -0.006442 0.000000
v -0.027566 -0.004619 0.000000
v -0.027893 -0.001783 0.000000
v -0.027929 0.001071 0.000000
v -0.028300 0.001900 0.000000
v -0.027675 0.003913 0.000000
v 0.026467 -0.010572 0.000000
v 0.024571 -0.011904 0.000000
v 0.024432 -0.011386 0.000000
v 0.023519 -0.010082 0.000000
v 0.021776 -0.007457 0.000000
v 0.023080 -0.009774 0.000000
v 0.022594 -0.009548 0.000000
v 0.015857 -0.014960 0.000000
v 0.014616 -0.014616 0.000000
v 0.017486 -0.013018 0.000000
v 0.018879 -0.010900 0.000000
v 0.022076 -0.009409 0.000000
v 0.021542 -0.009362 0.000000
v 0.021008 -0.009409 0.000000
v 0.019187 -0.010461 0.000000
v 0.019566 -0.010082 0.000000
v 0.024205 -0.013975 0.000000
v 0.024432 -0.013489 0.000000
v 0.025261 -0.013195 0.000000
v 0.024571 -0.012971 0.000000
v 0.024617 -0.012437 0.000000
v 0.024205 -0.010900 0.000000
v 0.023898 -0.010461 0.000000
v 0.020491 -0.009548 0.000000
v 0.020005 -0.009774 0.000000
v 0.022654 -0.016371 0.000000
v 0.023797 -0.015683 0.000000
v 0.020866 -0.018596 0.000000
v 0.022088 -0.018010 0.000000
v 0.018861 -0.020627 0.000000
v 0.020153 -0.020153 0.000000
v 0.016659 -0.022443 0.000000
v 0.018010 -0.022088 0.000000
v 0.014283 -0.024025 0.000000
v 0.015683 -0.023797 0.000000
v 0.013195 -0.025261 0.000000
v 0.028053 -0.005028 0.000000
v 0.027400 -0.007840 0.000000
v 0.022972 0.016868 0.000000
v 0.024560 0.014458 0.000000
v 0.016813 0.008546 0.000000
v 0.025897 0.011899 0.000000
v 0.026968 0.009218 0.000000
v 0.027762 0.006442 0.000000
v 0.014458 0.024560 0.000000
v 0.016868 0.022972 0.000000
v 0.008546 0.016813 0.000000
v 0.019106 0.021147 0.000000
v 0.021147 0.019106 0.000000
v 0.002356 0.022898 0.000000
v 0.002663 0.023337 0.000000
v 0.003028 0.024341 0.000000
v 0.003075 0.024875 0.000000
v 0.002356 0.026852 0.000000
v 0.001977 0.027231 0.000000
v 0.003601 0.028272 0.000000
v 0.001537 0.027538 0.000000
v 0.000722 0.028491 0.000000
v 0.001052 0.027765 0.000000
v 0.002890 0.023823 0.000000
v 0.002663 0.026412 0.000000
v 0.006442 0.027762 0.000000
v 0.002890 0.025927 0.000000
v 0.003028 0.025409 0.000000
v 0.009218 0.026968 0.000000
v 0.011899 0.025897 0.000000
v 0.000534 0.027903 0.000000
v 0.000000 0.027950 0.000000
v -0.002164 0.028418 0.000000
v -0.002851 0.027804 0.000000
v -0.005028 0.028053 0.000000
v -0.005671 0.027369 0.000000
v -0.007840 0.027400 0.000000
v -0.008433 0.026647 0.000000
v -0.010572 0.026467 0.000000
v -0.011107 0.025648 0.000000
v -0.013195 0.025261 0.000000
v -0.013665 0.024382 0.000000
v -0.015683 0.023797 0.000000
v -0.016080 0.022861 0.000000
v -0.018010 0.022088 0.000000
v -0.018328 0.021102 0.000000
v -0.020153 0.020153 0.000000
v -0.020384 0.019123 0.000000
v -0.022088 0.018010 0.000000
v -0.022228 0.016944 0.000000
v -0.023797 0.015683 0.000000
v -0.023841 0.014589 0.000000
v -0.025261 0.013195 0.000000
v -0.025204 0.012081 0.000000
v -0.026467 0.010572 0.000000
v -0.026305 0.009448 0.000000
v -0.027400 0.007840 0.000000
v -0.027131 0.006715 0.000000
v -0.028053 0.005028 0.000000
v -0.028418 0.002164 0.000000
v -0.028437 0.001900 0.000000
v -0.005027 0.021212 0.000000
v -0.002531 0.021653 0.000000
v 0.003026 0.011293 0.000000
v 0.000000 0.021800 0.000000
v 0.000534 0.021847 0.000000
v 0.001052 0.021985 0.000000
v 0.001537 0.022212 0.000000
v 0.001977 0.022519 0.000000
v -0.005188 0.012892 0.000000
v -0.005136 0.012600 0.000000
v -0.014616 0.014616 0.000000
v -0.004887 0.014015 0.000000
v -0.005035 0.013758 0.000000
v -0.005136 0.013480 0.000000
v -0.005188 0.013188 0.000000
v -0.003934 0.011398 0.000000
v -0.004133 0.004133 0.000000
v -0.004212 0.011499 0.000000
v -0.004469 0.011647 0.000000
v -0.007456 0.020485 0.000000
v -0.004469 0.014433 0.000000
v -0.009784 0.019481 0.000000
v -0.004696 0.014242 0.000000
v -0.005035 0.012322 0.000000
v -0.004887 0.012065 0.000000
v -0.004696 0.011838 0.000000
v -0.003642 0.011346 0.000000
v -0.003346 0.011346 0.000000
v -0.003054 0.011398 0.000000
v -0.001800 0.013188 0.000000
v -0.001852 0.013480 0.000000
v -0.002519 0.014433 0.000000
v -0.002776 0.014581 0.000000
v -0.003054 0.014682 0.000000
v -0.003346 0.014733 0.000000
v -0.002101 0.012065 0.000000
v -0.001953 0.012322 0.000000
v -0.003642 0.014733 0.000000
v -0.003934 0.014682 0.000000
v -0.004212 0.014581 0.000000
v -0.002776 0.011499 0.000000
v -0.002519 0.011647 0.000000
v -0.002292 0.011838 0.000000
v -0.001852 0.012600 0.000000
v -0.001800 0.012892 0.000000
v -0.001953 0.013758 0.000000
v -0.002101 0.014015 0.000000
v -0.002292 0.014242 0.000000
v -0.011979 0.018214 0.000000
v -0.014013 0.016700 0.000000
v -0.018879 0.010900 0.000000
v -0.017486 0.013018 0.000000
v -0.015857 0.014960 0.000000
v -0.014581 0.004212 0.000000
v -0.014733 0.003346 0.000000
v -0.014682 0.003054 0.000000
v -0.014581 0.002776 0.000000
v -0.011293 -0.003026 0.000000
v -0.014433 0.002519 0.000000
v -0.014242 0.002292 0.000000
v -0.012322 0.005035 0.000000
v -0.012600 0.005136 0.000000
v -0.012892 0.005188 0.000000
v -0.014433 0.004469 0.000000
v -0.020017 0.008635 0.000000
v -0.014242 0.004696 0.000000
v -0.014015 0.004887 0.000000
v -0.014015 0.002101 0.000000
v -0.013758 0.001953 0.000000
v -0.013480 0.001852 0.000000
v -0.011838 0.002292 0.000000
v -0.011647 0.002519 0.000000
v -0.011499 0.004212 0.000000
v -0.011647 0.004469 0.000000
v -0.011838 0.004696 0.000000
v -0.012065 0.004887 0.000000
v -0.013188 0.005188 0.000000
v -0.013480 0.005136 0.000000
v -0.013758 0.005035 0.000000
v -0.013188 0.001800 0.000000
v -0.012892 0.001800 0.000000
v -0.012600 0.001852 0.000000
v -0.012322 0.001953 0.000000
v -0.012065 0.002101 0.000000
v -0.011499 0.002776 0.000000
v -0.011398 0.003054 0.000000
v -0.011346 0.003346 0.000000
v -0.011346 0.003642 0.000000
v -0.011398 0.003934 0.000000
v -0.020884 -0.006252 0.000000
v -0.021469 -0.003785 0.000000
v -0.021763 -0.001268 0.000000
v -0.021763 0.001268 0.000000
v -0.021469 0.003785 0.000000
v -0.009694 -0.007852 0.000000
v -0.009986 -0.007904 0.000000
v -0.018879 -0.010900 0.000000
v -0.011188 -0.009986 0.000000
v -0.017486 -0.013018 0.000000
v -0.011087 -0.010264 0.000000
v -0.010938 -0.010521 0.000000
v -0.010748 -0.010748 0.000000
v -0.010521 -0.010938 0.000000
v -0.010264 -0.011087 0.000000
v -0.011979 -0.018214 0.000000
v -0.009986 -0.011188 0.000000
v -0.009784 -0.019481 0.000000
v -0.009694 -0.011239 0.000000
v -0.020017 -0.008635 0.000000
v -0.010938 -0.008571 0.000000
v -0.011087 -0.008827 0.000000
v -0.010748 -0.008344 0.000000
v -0.011188 -0.009106 0.000000
v -0.011239 -0.009398 0.000000
v -0.011239 -0.009694 0.000000
v -0.007904 -0.009986 0.000000
v -0.007852 -0.009694 0.000000
v -0.003026 -0.011293 0.000000
v -0.007852 -0.009398 0.000000
v -0.007904 -0.009106 0.000000
v -0.010264 -0.008005 0.000000
v -0.010521 -0.008153 0.000000
v -0.009398 -0.011239 0.000000
v -0.009106 -0.011188 0.000000
v -0.008827 -0.011087 0.000000
v -0.008571 -0.010938 0.000000
v -0.008344 -0.010748 0.000000
v -0.008153 -0.010521 0.000000
v -0.008005 -0.010264 0.000000
v -0.008005 -0.008827 0.000000
v -0.008153 -0.008571 0.000000
v -0.008344 -0.008344 0.000000
v -0.008827 -0.008005 0.000000
v -0.008571 -0.008153 0.000000
v -0.009106 -0.007904 0.000000
v -0.009398 -0.007852 0.000000
v 0.005027 -0.021212 0.000000
v 0.002531 -0.021653 0.000000
v 0.000000 -0.021800 0.000000
v -0.002531 -0.021653 0.000000
v -0.005027 -0.021212 0.000000
v -0.007456 -0.020485 0.000000
v 0.003642 -0.014733 0.000000
v 0.003934 -0.014682 0.000000
v 0.001800 -0.013188 0.000000
v 0.001852 -0.013480 0.000000
v 0.007456 -0.020485 0.000000
v 0.002101 -0.012065 0.000000
v 0.001953 -0.012322 0.000000
v 0.002519 -0.014433 0.000000
v 0.002776 -0.014581 0.000000
v 0.004212 -0.014581 0.000000
v 0.004469 -0.014433 0.000000
v 0.009784 -0.019481 0.000000
v 0.001852 -0.012600 0.000000
v 0.001800 -0.012892 0.000000
v 0.003054 -0.014682 0.000000
v 0.003346 -0.014733 0.000000
v 0.003642 -0.011346 0.000000
v 0.003346 -0.011346 0.000000
v 0.004133 -0.004133 0.000000
v 0.003054 -0.011398 0.000000
v 0.005035 -0.013758 0.000000
v 0.004887 -0.014015 0.000000
v 0.004696 -0.014242 0.000000
v 0.002776 -0.011499 0.000000
v 0.002519 -0.011647 0.000000
v 0.002292 -0.011838 0.000000
v 0.005136 -0.013480 0.000000
v 0.005188 -0.013188 0.000000
v 0.005188 -0.012892 0.000000
v 0.001953 -0.013758 0.000000
v 0.002101 -0.014015 0.000000
v 0.002292 -0.014242 0.000000
v 0.004887 -0.012065 0.000000
v 0.004696 -0.011838 0.000000
v 0.004469 -0.011647 0.000000
v 0.005136 -0.012600 0.000000
v 0.005035 -0.012322 0.000000
v 0.004212 -0.011499 0.000000
v 0.003934 -0.011398 0.000000
v 0.014013 -0.016700 0.000000
v 0.011979 -0.018214 0.000000
v 0.008153 0.010521 0.000000
v 0.008005 0.010264 0.000000
v 0.007904 0.009986 0.000000
v 0.010264 0.011087 0.000000
v 0.009986 0.011188 0.000000
v 0.009694 0.011239 0.000000
v 0.009398 0.011239 0.000000
v 0.009106 0.011188 0.000000
v 0.008827 0.008005 0.000000
v 0.009106 0.007904 0.000000
v 0.011293 0.003026 0.000000
v 0.007852 0.009694 0.000000
v 0.007852 0.009398 0.000000
v 0.007904 0.009106 0.000000
v 0.008005 0.008827 0.000000
v 0.008153 0.008571 0.000000
v 0.008344 0.008344 0.000000
v 0.008571 0.008153 0.000000
v 0.009398 0.007852 0.000000
v 0.009694 0.007852 0.000000
v 0.009986 0.007904 0.000000
v 0.010938 0.008571 0.000000
v 0.011087 0.008827 0.000000
v 0.011188 0.009106 0.000000
v 0.011239 0.009398 0.000000
v 0.011239 0.009694 0.000000
v 0.011188 0.009986 0.000000
v 0.011087 0.010264 0.000000
v 0.010264 0.008005 0.000000
v 0.010521 0.008153 0.000000
v 0.010748 0.008344 0.000000
v 0.010938 0.010521 0.000000
v 0.010748 0.010748 0.000000
v 0.010521 0.010938 0.000000
v 0.008827 0.011087 0.000000
v 0.008571 0.010938 0.000000
v 0.008344 0.010748 0.000000
v 0.013188 -0.005188 0.000000
v 0.013480 -0.005136 0.000000
v 0.014242 -0.002292 0.000000
v 0.014015 -0.002101 0.000000
v 0.011499 -0.004212 0.000000
v 0.011398 -0.003934 0.000000
v 0.011346 -0.003642 0.000000
v 0.013758 -0.005035 0.000000
v 0.014015 -0.004887 0.000000
v 0.014242 -0.004696 0.000000
v 0.014433 -0.004469 0.000000
v 0.014581 -0.002776 0.000000
v 0.014433 -0.002519 0.000000
v 0.011499 -0.002776 0.000000
v 0.011398 -0.003054 0.000000
v 0.011346 -0.003346 0.000000
v 0.012322 -0.005035 0.000000
v 0.012600 -0.005136 0.000000
v 0.012892 -0.005188 0.000000
v 0.014581 -0.004212 0.000000
v 0.014682 -0.003934 0.000000
v 0.014733 -0.003642 0.000000
v 0.014733 -0.003346 0.000000
v 0.014682 -0.003054 0.000000
v 0.013758 -0.001953 0.000000
v 0.013480 -0.001852 0.000000
v 0.013188 -0.001800 0.000000
v 0.011647 -0.004469 0.000000
v 0.011838 -0.004696 0.000000
v 0.012065 -0.004887 0.000000
v 0.012892 -0.001800 0.000000
v 0.012600 -0.001852 0.000000
v 0.012322 -0.001953 0.000000
v 0.012065 -0.002101 0.000000
v 0.011838 -0.002292 0.000000
v 0.011647 -0.002519 0.000000
v -0.020359 0.019944 0.003654
v -0.020153 0.020153 0.003640
v 0.020358 -0.019945 0.003654
v 0.020153 -0.020153 0.003640
v -0.028437 0.001900 0.003000
v -0.028437 0.001893 0.003166
v -0.028418 0.002164 0.010500
v -0.028438 0.001871 0.003330
v -0.028441 0.001835 0.003492
v -0.028444 0.001785 0.003650
v -0.028448 0.001722 0.003803
v -0.028452 0.001645 0.003950
v -0.028463 0.001455 0.004221
v -0.028474 0.001221 0.004455
v -0.028484 0.000950 0.004645
v -0.028489 0.000803 0.004722
v -0.028493 0.000650 0.004785
v -0.028496 0.000492 0.004835
v -0.028498 0.000330 0.004871
v -0.028491 -0.000722 0.010500
v -0.028499 0.000165 0.004893
v -0.028500 0.000000 0.004900
v -0.028499 -0.000165 0.004893
v -0.028498 -0.000330 0.004871
v -0.028496 -0.000492 0.004835
v -0.028493 -0.000650 0.004785
v -0.028491 -0.000722 0.004757
v -0.028272 -0.003601 0.010500
v -0.028484 -0.000950 0.004645
v -0.028474 -0.001221 0.004455
v -0.028463 -0.001455 0.004221
v -0.028452 -0.001645 0.003950
v -0.028448 -0.001722 0.003803
v -0.028444 -0.001785 0.003650
v -0.028441 -0.001835 0.003491
v -0.028438 -0.001871 0.003330
v -0.028437 -0.001900 0.003000
v -0.028437 -0.001893 0.003166
v -0.019106 -0.021147 0.010500
v -0.019106 -0.021147 0.009994
v -0.016868 -0.022972 0.010500
v -0.018948 -0.021289 0.009868
v -0.018772 -0.021445 0.009702
v -0.017913 -0.022167 0.005905
v -0.018082 -0.022029 0.005388
v -0.018606 -0.021589 0.009514
v -0.018314 -0.021836 0.009090
v -0.018082 -0.022029 0.008611
v -0.017811 -0.022249 0.006447
v -0.017913 -0.022167 0.008095
v -0.017811 -0.022249 0.007553
v -0.017777 -0.022276 0.007000
v -0.018314 -0.021836 0.004910
v -0.018455 -0.021718 0.004688
v -0.018606 -0.021589 0.004486
v -0.019106 -0.021147 0.004006
v -0.018948 -0.021289 0.004132
v -0.018771 -0.021445 0.004299
v -0.020560 -0.019736 0.010303
v -0.021147 -0.019106 0.010500
v -0.020755 -0.019531 0.010233
v -0.020943 -0.019329 0.010136
v -0.020359 -0.019944 0.010346
v -0.020153 -0.020153 0.010360
v -0.019944 -0.020359 0.010346
v -0.019736 -0.020560 0.010303
v -0.019532 -0.020755 0.010233
v -0.019329 -0.020943 0.010136
v -0.021147 -0.019106 0.004006
v -0.021289 -0.018948 0.004132
v -0.021445 -0.018771 0.004299
v -0.021589 -0.018606 0.004486
v -0.021836 -0.018314 0.004910
v -0.022029 -0.018082 0.005388
v -0.022249 -0.017811 0.007553
v -0.022167 -0.017913 0.008095
v -0.022972 -0.016868 0.010500
v -0.022276 -0.017777 0.007000
v -0.022167 -0.017913 0.005905
v -0.022249 -0.017811 0.006447
v -0.022029 -0.018082 0.008611
v -0.021836 -0.018314 0.009090
v -0.021589 -0.018606 0.009514
v -0.021445 -0.018771 0.009701
v -0.021289 -0.018948 0.009868
v -0.021147 -0.019106 0.009994
v -0.019329 -0.020943 0.003864
v -0.019530 -0.020756 0.003767
v -0.019736 -0.020560 0.003697
v -0.019945 -0.020358 0.003654
v -0.020153 -0.020153 0.003640
v -0.020357 -0.019945 0.003654
v -0.020560 -0.019736 0.003697
v -0.020756 -0.019531 0.003767
v -0.020943 -0.019329 0.003864
v 0.021836 -0.018314 0.004910
v 0.022029 -0.018082 0.005388
v 0.022094 -0.018002 0.005604
v 0.021289 -0.018948 0.004132
v 0.021121 -0.019135 0.003985
v 0.021445 -0.018771 0.004299
v 0.021718 -0.018455 0.004688
v 0.021589 -0.018606 0.004486
v 0.020943 -0.019329 0.003864
v 0.020756 -0.019530 0.003767
v 0.020560 -0.019736 0.003697
v 0.023797 -0.015683 0.010500
v 0.022249 -0.017811 0.007553
v 0.022276 -0.017777 0.007000
v 0.022167 -0.017913 0.005905
v 0.022249 -0.017811 0.006447
v 0.020153 -0.020153 0.010360
v 0.020359 -0.019944 0.010346
v 0.020153 -0.020153 0.010500
v 0.020560 -0.019736 0.010303
v 0.022088 -0.018010 0.010500
v 0.020755 -0.019532 0.010233
v 0.020943 -0.019329 0.010136
v 0.021122 -0.019134 0.010014
v 0.021289 -0.018948 0.009868
v 0.021445 -0.018772 0.009702
v 0.021589 -0.018606 0.009514
v 0.021836 -0.018314 0.009090
v 0.022029 -0.018082 0.008611
v 0.022094 -0.018002 0.008396
v 0.022167 -0.017913 0.008095
v 0.018082 -0.022029 0.008611
v 0.018314 -0.021836 0.009090
v 0.018010 -0.022088 0.010500
v 0.018606 -0.021589 0.009514
v 0.019135 -0.021121 0.010014
v 0.019329 -0.020943 0.010136
v 0.018771 -0.021445 0.009701
v 0.018948 -0.021289 0.009868
v 0.019531 -0.020755 0.010233
v 0.019736 -0.020560 0.010303
v 0.019944 -0.020359 0.010346
v 0.017811 -0.022249 0.006447
v 0.017777 -0.022276 0.007000
v 0.015683 -0.023797 0.010500
v 0.017811 -0.022249 0.007553
v 0.017913 -0.022167 0.008095
v 0.018002 -0.022094 0.008396
v 0.019945 -0.020357 0.003654
v 0.019736 -0.020560 0.003697
v 0.019531 -0.020756 0.003767
v 0.019329 -0.020943 0.003864
v 0.019135 -0.021121 0.003986
v 0.018948 -0.021289 0.004132
v 0.018771 -0.021445 0.004299
v 0.018606 -0.021589 0.004486
v 0.018314 -0.021836 0.004910
v 0.018082 -0.022029 0.005388
v 0.018002 -0.022094 0.005604
v 0.017913 -0.022167 0.005905
v 0.021147 0.019106 0.004006
v 0.021289 0.018948 0.004132
v 0.021445 0.018771 0.004299
v 0.021589 0.018606 0.004486
v 0.021718 0.018455 0.004688
v 0.021836 0.018314 0.004910
v 0.022029 0.018082 0.005388
v 0.022249 0.017811 0.007553
v 0.022167 0.017913 0.008095
v 0.022972 0.016868 0.010500
v 0.022276 0.017777 0.007000
v 0.022167 0.017913 0.005905
v 0.022249 0.017811 0.006447
v 0.022029 0.018082 0.008611
v 0.021836 0.018314 0.009090
v 0.021589 0.018606 0.009514
v 0.021147 0.019106 0.009994
v 0.021147 0.019106 0.010500
v 0.021289 0.018948 0.009868
v 0.021445 0.018771 0.009701
v 0.019736 0.020560 0.003697
v 0.019531 0.020755 0.003767
v 0.019329 0.020943 0.003864
v 0.019944 0.020359 0.003654
v 0.020153 0.020153 0.003640
v 0.020358 0.019944 0.003654
v 0.020560 0.019736 0.003697
v 0.020756 0.019531 0.003767
v 0.020943 0.019329 0.003864
v 0.019106 0.021147 0.010500
v 0.019106 0.021147 0.009994
v 0.016868 0.022972 0.010500
v 0.018948 0.021289 0.009868
v 0.018772 0.021445 0.009702
v 0.018606 0.021589 0.009514
v 0.018314 0.021836 0.009090
v 0.018082 0.022029 0.008611
v 0.017811 0.022249 0.006447
v 0.017913 0.022167 0.005905
v 0.017913 0.022167 0.008095
v 0.017811 0.022249 0.007553
v 0.017777 0.022276 0.007000
v 0.018082 0.022029 0.005388
v 0.018314 0.021836 0.004910
v 0.018606 0.021589 0.004486
v 0.018772 0.021445 0.004298
v 0.018948 0.021289 0.004132
v 0.019106 0.021147 0.004006
v 0.020943 0.019329 0.010136
v 0.020755 0.019531 0.010233
v 0.020560 0.019736 0.010303
v 0.020359 0.019944 0.010346
v 0.020153 0.020153 0.010360
v 0.019944 0.020359 0.010346
v 0.019736 0.020560 0.010303
v 0.019532 0.020755 0.010233
v 0.019329 0.020943 0.010136
v -0.019944 0.020358 0.003654
v -0.019736 0.020560 0.003697
v -0.019531 0.020756 0.003767
v -0.019329 0.020943 0.003864
v -0.019135 0.021121 0.003986
v -0.018948 0.021289 0.004132
v -0.018771 0.021445 0.004299
v -0.018606 0.021589 0.004486
v -0.018455 0.021718 0.004688
v -0.018314 0.021836 0.004910
v -0.022094 0.018002 0.005604
v -0.022029 0.018082 0.005388
v -0.021836 0.018314 0.004910
v -0.021589 0.018606 0.004486
v -0.021445 0.018772 0.004298
v -0.021289 0.018948 0.004132
v -0.021122 0.019134 0.003987
v -0.020943 0.019329 0.003864
v -0.020755 0.019531 0.003767
v -0.020560 0.019736 0.003697
v -0.023797 0.015683 0.010500
v -0.022249 0.017811 0.007553
v -0.022276 0.017777 0.007000
v -0.022167 0.017913 0.005905
v -0.022249 0.017811 0.006447
v -0.020153 0.020153 0.010360
v -0.020359 0.019944 0.010346
v -0.020153 0.020153 0.010500
v -0.020560 0.019736 0.010303
v -0.022088 0.018010 0.010500
v -0.020755 0.019532 0.010233
v -0.020943 0.019329 0.010136
v -0.021122 0.019134 0.010014
v -0.021289 0.018948 0.009868
v -0.021445 0.018772 0.009702
v -0.021589 0.018606 0.009514
v -0.021836 0.018314 0.009090
v -0.022029 0.018082 0.008611
v -0.022094 0.018002 0.008396
v -0.022167 0.017913 0.008095
v -0.018082 0.022029 0.008611
v -0.018314 0.021836 0.009090
v -0.018010 0.022088 0.010500
v -0.018606 0.021589 0.009514
v -0.019135 0.021122 0.010014
v -0.019329 0.020943 0.010136
v -0.018771 0.021445 0.009701
v -0.018948 0.021289 0.009868
v -0.019531 0.020755 0.010233
v -0.019736 0.020560 0.010303
v -0.019944 0.020359 0.010346
v -0.018082 0.022029 0.005388
v -0.018002 0.022094 0.005604
v -0.017913 0.022167 0.005905
v -0.017811 0.022249 0.006447
v -0.017777 0.022276 0.007000
v -0.015683 0.023797 0.010500
v -0.017811 0.022249 0.007553
v -0.017913 0.022167 0.008095
v -0.018002 0.022094 0.008396
v 0.024560 0.014458 0.010500
v 0.025897 0.011899 0.010500
v 0.026968 0.009218 0.010500
v 0.027762 0.006442 0.010500
v 0.028272 0.003601 0.010500
v 0.028491 0.000722 0.010500
v 0.028418 -0.002164 0.010500
v 0.028053 -0.005028 0.010500
v 0.027400 -0.007840 0.010500
v 0.026467 -0.010572 0.010500
v 0.025261 -0.013195 0.010500
v -0.013195 0.025261 0.010500
v -0.010572 0.026467 0.010500
v -0.007840 0.027400 0.010500
v -0.005028 0.028053 0.010500
v -0.002164 0.028418 0.010500
v 0.000722 0.028491 0.010500
v 0.003601 0.028272 0.010500
v 0.006442 0.027762 0.010500
v 0.009218 0.026968 0.010500
v 0.011899 0.025897 0.010500
v 0.014458 0.024560 0.010500
v -0.028053 0.005028 0.010500
v -0.027400 0.007840 0.010500
v -0.026467 0.010572 0.010500
v -0.025261 0.013195 0.010500
v -0.024560 -0.014458 0.010500
v -0.025897 -0.011899 0.010500
v -0.026968 -0.009218 0.010500
v -0.027762 -0.006442 0.010500
v 0.013195 -0.025261 0.010500
v 0.010572 -0.026467 0.010500
v 0.007840 -0.027400 0.010500
v 0.005028 -0.028053 0.010500
v 0.002164 -0.028418 0.010500
v -0.000722 -0.028491 0.010500
v -0.003601 -0.028272 0.010500
v -0.006442 -0.027762 0.010500
v -0.009218 -0.026968 0.010500
v -0.011899 -0.025897 0.010500
v -0.014458 -0.024560 0.010500
v -0.018500 0.007483 0.010500
v -0.018417 0.008436 0.010500
v 0.020500 0.000000 0.010500
v 0.019557 0.006148 0.010500
v 0.007078 -0.019239 0.010500
v 0.000983 -0.020476 0.010500
v -0.018500 -0.007483 0.010500
v 0.005894 -0.019634 0.010500
v 0.004687 -0.019957 0.010500
v 0.003464 -0.020205 0.010500
v 0.002227 -0.020379 0.010500
v -0.000266 -0.020498 0.010500
v -0.001513 -0.020444 0.010500
v -0.002755 -0.020314 0.010500
v -0.003986 -0.020109 0.010500
v -0.005203 -0.019829 0.010500
v 0.007078 0.019239 0.010500
v 0.019894 0.004946 0.010500
v 0.020159 0.003725 0.010500
v 0.020348 0.002491 0.010500
v 0.020462 0.001248 0.010500
v 0.019557 -0.006148 0.010500
v 0.019146 -0.007327 0.010500
v 0.018664 -0.008479 0.010500
v 0.018114 -0.009599 0.010500
v 0.017496 -0.010684 0.010500
v 0.016813 -0.011729 0.010500
v -0.010910 -0.017356 0.010500
v -0.011946 -0.016660 0.010500
v -0.012938 -0.015901 0.010500
v -0.013882 -0.015084 0.010500
v -0.014775 -0.014211 0.010500
v -0.015612 -0.013286 0.010500
v -0.018417 -0.008436 0.010500
v -0.018170 -0.009360 0.010500
v -0.017767 -0.010227 0.010500
v -0.017111 -0.011290 0.010500
v -0.016392 -0.012311 0.010500
v -0.010910 0.017356 0.010500
v -0.005203 0.019829 0.010500
v 0.020462 -0.001248 0.010500
v 0.020348 -0.002491 0.010500
v 0.020159 -0.003725 0.010500
v 0.019894 -0.004946 0.010500
v 0.016068 -0.012731 0.010500
v 0.015263 -0.013685 0.010500
v 0.014401 -0.014589 0.010500
v 0.013487 -0.015439 0.010500
v 0.012522 -0.016231 0.010500
v -0.006400 -0.019475 0.010500
v -0.007574 -0.019049 0.010500
v -0.008720 -0.018553 0.010500
v -0.009833 -0.017988 0.010500
v -0.018170 0.009360 0.010500
v -0.017767 0.010227 0.010500
v -0.017111 0.011290 0.010500
v -0.003986 0.020109 0.010500
v -0.002755 0.020314 0.010500
v -0.001513 0.020444 0.010500
v -0.000266 0.020498 0.010500
v 0.000983 0.020476 0.010500
v 0.012522 0.016231 0.010500
v 0.016813 0.011729 0.010500
v 0.011510 -0.016963 0.010500
v 0.010456 -0.017633 0.010500
v 0.009364 -0.018237 0.010500
v 0.008236 -0.018773 0.010500
v -0.013882 0.015084 0.010500
v -0.012938 0.015901 0.010500
v -0.011946 0.016660 0.010500
v -0.009833 0.017988 0.010500
v -0.008720 0.018553 0.010500
v -0.007574 0.019049 0.010500
v -0.006400 0.019475 0.010500
v 0.008236 0.018773 0.010500
v 0.009364 0.018237 0.010500
v 0.010456 0.017633 0.010500
v 0.011510 0.016963 0.010500
v 0.013487 0.015439 0.010500
v 0.014401 0.014589 0.010500
v 0.015263 0.013685 0.010500
v 0.016068 0.012731 0.010500
v 0.017496 0.010684 0.010500
v 0.018114 0.009599 0.010500
v 0.018664 0.008479 0.010500
v 0.019146 0.007327 0.010500
v -0.016392 0.012311 0.010500
v -0.015612 0.013286 0.010500
v -0.014775 0.014211 0.010500
v 0.002227 0.020379 0.010500
v 0.003464 0.020205 0.010500
v 0.004687 0.019957 0.010500
v 0.005894 0.019634 0.010500
v 0.002292 -0.011838 0.000000
v 0.002292 -0.011838 0.001840
v 0.002101 -0.012065 0.000000
v 0.002101 -0.012065 0.001840
v 0.001953 -0.012322 0.000000
v 0.001953 -0.012322 0.001840
v 0.001852 -0.012600 0.000000
v 0.001852 -0.012600 0.001840
v 0.001800 -0.012892 0.000000
v 0.001800 -0.012892 0.001840
v 0.001800 -0.013188 0.000000
v 0.001800 -0.013188 0.001840
v 0.001852 -0.013480 0.000000
v 0.001852 -0.013480 0.001840
v 0.001953 -0.013758 0.000000
v 0.001953 -0.013758 0.001840
v 0.002101 -0.014015 0.000000
v 0.002101 -0.014015 0.001840
v 0.002292 -0.014242 0.000000
v 0.002292 -0.014242 0.001840
v 0.002519 -0.014433 0.000000
v 0.002519 -0.014433 0.001840
v 0.002776 -0.014581 0.000000
v 0.002776 -0.014581 0.001840
v 0.003054 -0.014682 0.000000
v 0.003054 -0.014682 0.001840
v 0.003346 -0.014733 0.000000
v 0.003346 -0.014733 0.001840
v 0.003642 -0.014733 0.000000
v 0.003642 -0.014733 0.001840
v 0.003934 -0.014682 0.000000
v 0.003934 -0.014682 0.001840
v 0.004212 -0.014581 0.000000
v 0.004212 -0.014581 0.001840
v 0.004469 -0.014433 0.000000
v 0.004469 -0.014433 0.001840
v 0.004696 -0.014242 0.000000
v 0.004696 -0.014242 0.001840
v 0.004887 -0.014015 0.000000
v 0.004887 -0.014015 0.001840
v 0.005035 -0.013758 0.000000
v 0.005035 -0.013758 0.001840
v 0.005136 -0.013480 0.000000
v 0.005136 -0.013480 0.001840
v 0.005188 -0.013188 0.000000
v 0.005188 -0.013188 0.001840
v 0.005188 -0.012892 0.000000
v 0.005188 -0.012892 0.001840
v 0.005136 -0.012600 0.000000
v 0.005136 -0.012600 0.001840
v 0.005035 -0.012322 0.000000
v 0.005035 -0.012322 0.001840
v 0.004887 -0.012065 0.000000
v 0.004887 -0.012065 0.001840
v 0.004696 -0.011838 0.000000
v 0.004696 -0.011838 0.001840
v 0.004469 -0.011647 0.000000
v 0.004469 -0.011647 0.001840
v 0.004212 -0.011499 0.000000
v 0.004212 -0.011499 0.001840
v 0.003934 -0.011398 0.000000
v 0.003934 -0.011398 0.001840
v 0.003642 -0.011346 0.000000
v 0.003642 -0.011346 0.001840
v 0.003346 -0.011346 0.000000
v 0.003346 -0.011346 0.001840
v 0.003054 -0.011398 0.000000
v 0.003054 -0.011398 0.001840
v 0.002776 -0.011499 0.000000
v 0.002776 -0.011499 0.001840
v 0.002519 -0.011647 0.000000
v 0.002519 -0.011647 0.001840
v 0.011838 -0.002292 0.000000
v 0.011838 -0.002292 0.001840
v 0.011647 -0.002519 0.000000
v 0.011647 -0.002519 0.001840
v 0.011499 -0.002776 0.000000
v 0.011499 -0.002776 0.001840
v 0.011398 -0.003054 0.000000
v 0.011398 -0.003054 0.001840
v 0.011346 -0.003346 0.000000
v 0.011346 -0.003346 0.001840
v 0.011346 -0.003642 0.000000
v 0.011346 -0.003642 0.001840
v 0.011398 -0.003934 0.000000
v 0.011398 -0.003934 0.001840
v 0.011499 -0.004212 0.000000
v 0.011499 -0.004212 0.001840
v 0.011647 -0.004469 0.000000
v 0.011647 -0.004469 0.001840
v 0.011838 -0.004696 0.000000
v 0.011838 -0.004696 0.001840
v 0.012065 -0.004887 0.000000
v 0.012065 -0.004887 0.001840
v 0.012322 -0.005035 0.000000
v 0.012322 -0.005035 0.001840
v 0.012600 -0.005136 0.000000
v 0.012600 -0.005136 0.001840
v 0.012892 -0.005188 0.000000
v 0.012892 -0.005188 0.001840
v 0.013188 -0.005188 0.000000
v 0.013188 -0.005188 0.001840
v 0.013480 -0.005136 0.000000
v 0.013480 -0.005136 0.001840
v 0.013758 -0.005035 0.000000
v 0.013758 -0.005035 0.001840
v 0.014015 -0.004887 0.000000
v 0.014015 -0.004887 0.001840
v 0.014242 -0.004696 0.000000
v 0.014242 -0.004696 0.001840
v 0.014433 -0.004469 0.000000
v 0.014433 -0.004469 0.001840
v 0.014581 -0.004212 0.000000
v 0.014581 -0.004212 0.001840
v 0.014682 -0.003934 0.000000
v 0.014682 -0.003934 0.001840
v 0.014733 -0.003642 0.000000
v 0.014733 -0.003642 0.001840
v 0.014733 -0.003346 0.000000
v 0.014733 -0.003346 0.001840
v 0.014682 -0.003054 0.000000
v 0.014682 -0.003054 0.001840
v 0.014581 -0.002776 0.000000
v 0.014581 -0.002776 0.001840
v 0.014433 -0.002519 0.000000
v 0.014433 -0.002519 0.001840
v 0.014242 -0.002292 0.000000
v 0.014242 -0.002292 0.001840
v 0.014015 -0.002101 0.000000
v 0.014015 -0.002101 0.001840
v 0.013758 -0.001953 0.000000
v 0.013758 -0.001953 0.001840
v 0.013480 -0.001852 0.000000
v 0.013480 -0.001852 0.001840
v 0.013188 -0.001800 0.000000
v 0.013188 -0.001800 0.001840
v 0.012892 -0.001800 0.000000
v 0.012892 -0.001800 0.001840
v 0.012600 -0.001852 0.000000
v 0.012600 -0.001852 0.001840
v 0.012322 -0.001953 0.000000
v 0.012322 -0.001953 0.001840
v 0.012065 -0.002101 0.000000
v 0.012065 -0.002101 0.001840
v 0.008344 0.010748 0.000000
v 0.008344 0.010748 0.001840
v 0.008153 0.010521 0.000000
v 0.008153 0.010521 0.001840
v 0.008005 0.010264 0.000000
v 0.008005 0.010264 0.001840
v 0.007904 0.009986 0.000000
v 0.007904 0.009986 0.001840
v 0.007852 0.009694 0.000000
v 0.007852 0.009694 0.001840
v 0.007852 0.009398 0.000000
v 0.007852 0.009398 0.001840
v 0.007904 0.009106 0.000000
v 0.007904 0.009106 0.001840
v 0.008005 0.008827 0.000000
v 0.008005 0.008827 0.001840
v 0.008153 0.008571 0.000000
v 0.008153 0.008571 0.001840
v 0.008344 0.008344 0.000000
v 0.008344 0.008344 0.001840
v 0.008571 0.008153 0.000000
v 0.008571 0.008153 0.001840
v 0.008827 0.008005 0.000000
v 0.008827 0.008005 0.001840
v 0.009106 0.007904 0.000000
v 0.009106 0.007904 0.001840
v 0.009398 0.007852 0.000000
v 0.009398 0.007852 0.001840
v 0.009694 0.007852 0.000000
v 0.009694 0.007852 0.001840
v 0.009986 0.007904 0.000000
v 0.009986 0.007904 0.001840
v 0.010264 0.008005 0.000000
v 0.010264 0.008005 0.001840
v 0.010521 0.008153 0.000000
v 0.010521 0.008153 0.001840
v 0.010748 0.008344 0.000000
v 0.010748 0.008344 0.001840
v 0.010938 0.008571 0.000000
v 0.010938 0.008571 0.001840
v 0.011087 0.008827 0.000000
v 0.011087 0.008827 0.001840
v 0.011188 0.009106 0.000000
v 0.011188 0.009106 0.001840
v 0.011239 0.009398 0.000000
v 0.011239 0.009398 0.001840
v 0.011239 0.009694 0.000000
v 0.011239 0.009694 0.001840
v 0.011188 0.009986 0.000000
v 0.011188 0.009986 0.001840
v 0.011087 0.010264 0.000000
v 0.011087 0.010264 0.001840
v 0.010938 0.010521 0.000000
v 0.010938 0.010521 0.001840
v 0.010748 0.010748 0.000000
v 0.010748 0.010748 0.001840
v 0.010521 0.010938 0.000000
v 0.010521 0.010938 0.001840
v 0.010264 0.011087 0.000000
v 0.010264 0.011087 0.001840
v 0.009986 0.011188 0.000000
v 0.009986 0.011188 0.001840
v 0.009694 0.011239 0.000000
v 0.009694 0.011239 0.001840
v 0.009398 0.011239 0.000000
v 0.009398 0.011239 0.001840
v 0.009106 0.011188 0.000000
v 0.009106 0.011188 0.001840
v 0.008827 0.011087 0.000000
v 0.008827 0.011087 0.001840
v 0.008571 0.010938 0.000000
v 0.008571 0.010938 0.001840
v -0.004696 0.014242 0.000000
v -0.004696 0.014242 0.001840
v -0.004887 0.014015 0.000000
v -0.004887 0.014015 0.001840
v -0.005035 0.013758 0.000000
v -0.005035 0.013758 0.001840
v -0.005136 0.013480 0.000000
v -0.005136 0.013480 0.001840
v -0.005188 0.013188 0.000000
v -0.005188 0.013188 0.001840
v -0.005188 0.012892 0.000000
v -0.005188 0.012892 0.001840
v -0.005136 0.012600 0.000000
v -0.005136 0.012600 0.001840
v -0.005035 0.012322 0.000000
v -0.005035 0.012322 0.001840
v -0.004887 0.012065 0.000000
v -0.004887 0.012065 0.001840
v -0.004696 0.011838 0.000000
v -0.004696 0.011838 0.001840
v -0.004469 0.011647 0.000000
v -0.004469 0.011647 0.001840
v -0.004212 0.011499 0.000000
v -0.004212 0.011499 0.001840
v -0.003934 0.011398 0.000000
v -0.003934 0.011398 0.001840
v -0.003642 0.011346 0.000000
v -0.003642 0.011346 0.001840
v -0.003346 0.011346 0.000000
v -0.003346 0.011346 0.001840
v -0.003054 0.011398 0.000000
v -0.003054 0.011398 0.001840
v -0.002776 0.011499 0.000000
v -0.002776 0.011499 0.001840
v -0.002519 0.011647 0.000000
v -0.002519 0.011647 0.001840
v -0.002292 0.011838 0.000000
v -0.002292 0.011838 0.001840
v -0.002101 0.012065 0.000000
v -0.002101 0.012065 0.001840
v -0.001953 0.012322 0.000000
v -0.001953 0.012322 0.001840
v -0.001852 0.012600 0.000000
v -0.001852 0.012600 0.001840
v -0.001800 0.012892 0.000000
v -0.001800 0.012892 0.001840
v -0.001800 0.013188 0.000000
v -0.001800 0.013188 0.001840
v -0.001852 0.013480 0.000000
v -0.001852 0.013480 0.001840
v -0.001953 0.013758 0.000000
v -0.001953 0.013758 0.001840
v -0.002101 0.014015 0.000000
v -0.002101 0.014015 0.001840
v -0.002292 0.014242 0.000000
v -0.002292 0.014242 0.001840
v -0.002519 0.014433 0.000000
v -0.002519 0.014433 0.001840
v -0.002776 0.014581 0.000000
v -0.002776 0.014581 0.001840
v -0.003054 0.014682 0.000000
v -0.003054 0.014682 0.001840
v -0.003346 0.014733 0.000000
v -0.003346 0.014733 0.001840
v -0.003642 0.014733 0.000000
v -0.003642 0.014733 0.001840
v -0.003934 0.014682 0.000000
v -0.003934 0.014682 0.001840
v -0.004212 0.014581 0.000000
v -0.004212 0.014581 0.001840
v -0.004469 0.014433 0.000000
v -0.004469 0.014433 0.001840
v -0.014242 0.004696 0.000000
v -0.014242 0.004696 0.001840
v -0.014433 0.004469 0.000000
v -0.014433 0.004469 0.001840
v -0.014581 0.004212 0.000000
v -0.014581 0.004212 0.001840
v -0.014682 0.003934 0.000000
v -0.014682 0.003934 0.001840
v -0.014733 0.003642 0.000000
v -0.014733 0.003642 0.001840
v -0.014733 0.003346 0.000000
v -0.014733 0.003346 0.001840
v -0.014682 0.003054 0.000000
v -0.014682 0.003054 0.001840
v -0.014581 0.002776 0.000000
v -0.014581 0.002776 0.001840
v -0.014433 0.002519 0.000000
v -0.014433 0.002519 0.001840
v -0.014242 0.002292 0.000000
v -0.014242 0.002292 0.001840
v -0.014015 0.002101 0.000000
v -0.014015 0.002101 0.001840
v -0.013758 0.001953 0.000000
v -0.013758 0.001953 0.001840
v -0.013480 0.001852 0.000000
v -0.013480 0.001852 0.001840
v -0.013188 0.001800 0.000000
v -0.013188 0.001800 0.001840
v -0.012892 0.001800 0.000000
v -0.012892 0.001800 0.001840
v -0.012600 0.001852 0.000000
v -0.012600 0.001852 0.001840
v -0.012322 0.001953 0.000000
v -0.012322 0.001953 0.001840
v -0.012065 0.002101 0.000000
v -0.012065 0.002101 0.001840
v -0.011838 0.002292 0.000000
v -0.011838 0.002292 0.001840
v -0.011647 0.002519 0.000000
v -0.011647 0.002519 0.001840
v -0.011499 0.002776 0.000000
v -0.011499 0.002776 0.001840
v -0.011398 0.003054 0.000000
v -0.011398 0.003054 0.001840
v -0.011346 0.003346 0.000000
v -0.011346 0.003346 0.001840
v -0.011346 0.003642 0.000000
v -0.011346 0.003642 0.001840
v -0.011398 0.003934 0.000000
v -0.011398 0.003934 0.001840
v -0.011499 0.004212 0.000000
v -0.011499 0.004212 0.001840
v -0.011647 0.004469 0.000000
v -0.011647 0.004469 0.001840
v -0.011838 0.004696 0.000000
v -0.011838 0.004696 0.001840
v -0.012065 0.004887 0.000000
v -0.012065 0.004887 0.001840
v -0.012322 0.005035 0.000000
v -0.012322 0.005035 0.001840
v -0.012600 0.005136 0.000000
v -0.012600 0.005136 0.001840
v -0.012892 0.005188 0.000000
v -0.012892 0.005188 0.001840
v -0.013188 0.005188 0.000000
v -0.013188 0.005188 0.001840
v -0.013480 0.005136 0.000000
v -0.013480 0.005136 0.001840
v -0.013758 0.005035 0.000000
v -0.013758 0.005035 0.001840
v -0.014015 0.004887 0.000000
v -0.014015 0.004887 0.001840
v -0.010748 -0.008344 0.000000
v -0.010748 -0.008344 0.001840
v -0.010938 -0.008571 0.000000
v -0.010938 -0.008571 0.001840
v -0.011087 -0.008827 0.000000
v -0.011087 -0.008827 0.001840
v -0.011188 -0.009106 0.000000
v -0.011188 -0.009106 0.001840
v -0.011239 -0.009398 0.000000
v -0.011239 -0.009398 0.001840
v -0.011239 -0.009694 0.000000
v -0.011239 -0.009694 0.001840
v -0.011188 -0.009986 0.000000
v -0.011188 -0.009986 0.001840
v -0.011087 -0.010264 0.000000
v -0.011087 -0.010264 0.001840
v -0.010938 -0.010521 0.000000
v -0.010938 -0.010521 0.001840
v -0.010748 -0.010748 0.000000
v -0.010748 -0.010748 0.001840
v -0.010521 -0.010938 0.000000
v -0.010521 -0.010938 0.001840
v -0.010264 -0.011087 0.000000
v -0.010264 -0.011087 0.001840
v -0.009986 -0.011188 0.000000
v -0.009986 -0.011188 0.001840
v -0.009694 -0.011239 0.000000
v -0.009694 -0.011239 0.001840
v -0.009398 -0.011239 0.000000
v -0.009398 -0.011239 0.001840
v -0.009106 -0.011188 0.000000
v -0.009106 -0.011188 0.001840
v -0.008827 -0.011087 0.000000
v -0.008827 -0.011087 0.001840
v -0.008571 -0.010938 0.000000
v -0.008571 -0.010938 0.001840
v -0.008344 -0.010748 0.000000
v -0.008344 -0.010748 0.001840
v -0.008153 -0.010521 0.000000
v -0.008153 -0.010521 0.001840
v -0.008005 -0.010264 0.000000
v -0.008005 -0.010264 0.001840
v -0.007904 -0.009986 0.000000
v -0.007904 -0.009986 0.001840
v -0.007852 -0.009694 0.000000
v -0.007852 -0.009694 0.001840
v -0.007852 -0.009398 0.000000
v -0.007852 -0.009398 0.001840
v -0.007904 -0.009106 0.000000
v -0.007904 -0.009106 0.001840
v -0.008005 -0.008827 0.000000
v -0.008005 -0.008827 0.001840
v -0.008153 -0.008571 0.000000
v -0.008153 -0.008571 0.001840
v -0.008344 -0.008344 0.000000
v -0.008344 -0.008344 0.001840
v -0.008571 -0.008153 0.000000
v -0.008571 -0.008153 0.001840
v -0.008827 -0.008005 0.000000
v -0.008827 -0.008005 0.001840
v -0.009106 -0.007904 0.000000
v -0.009106 -0.007904 0.001840
v -0.009398 -0.007852 0.000000
v -0.009398 -0.007852 0.001840
v -0.009694 -0.007852 0.000000
v -0.009694 -0.007852 0.001840
v -0.009986 -0.007904 0.000000
v -0.009986 -0.007904 0.001840
v -0.010264 -0.008005 0.000000
v -0.010264 -0.008005 0.001840
v -0.010521 -0.008153 0.000000
v -0.010521 -0.008153 0.001840
v -0.019187 -0.018770 0.005326
v -0.019390 -0.018568 0.008597
v -0.019187 -0.018770 0.008674
v -0.019580 -0.018378 0.008472
v -0.019751 -0.018206 0.008302
v -0.019900 -0.018058 0.008093
v -0.020020 -0.017938 0.007850
v -0.020108 -0.017849 0.007581
v -0.020163 -0.017795 0.007295
v -0.020181 -0.017777 0.007000
v -0.020163 -0.017795 0.006705
v -0.020108 -0.017849 0.006419
v -0.020020 -0.017938 0.006150
v -0.019900 -0.018058 0.005907
v -0.019751 -0.018206 0.005698
v -0.019580 -0.018378 0.005528
v -0.019390 -0.018568 0.005403
v -0.018979 -0.018979 0.005300
v -0.018770 -0.019187 0.005326
v -0.018568 -0.019390 0.005403
v -0.018378 -0.019580 0.005528
v -0.018206 -0.019751 0.005698
v -0.018058 -0.019900 0.005907
v -0.017938 -0.020020 0.006150
v -0.017849 -0.020108 0.006419
v -0.017795 -0.020163 0.006705
v -0.017777 -0.020181 0.007000
v -0.017795 -0.020163 0.007295
v -0.017849 -0.020108 0.007581
v -0.017938 -0.020020 0.007850
v -0.018058 -0.019900 0.008093
v -0.018206 -0.019751 0.008302
v -0.018378 -0.019580 0.008472
v -0.018568 -0.019390 0.008597
v -0.018770 -0.019187 0.008674
v -0.018979 -0.018979 0.008700
v 0.018770 -0.019187 0.005326
v 0.018568 -0.019390 0.008597
v 0.018770 -0.019187 0.008674
v 0.018378 -0.019580 0.008472
v 0.018206 -0.019751 0.008302
v 0.018058 -0.019900 0.008093
v 0.017938 -0.020020 0.007850
v 0.017849 -0.020108 0.007581
v 0.017795 -0.020163 0.007295
v 0.017777 -0.020181 0.007000
v 0.017795 -0.020163 0.006705
v 0.017849 -0.020108 0.006419
v 0.017938 -0.020020 0.006150
v 0.018058 -0.019900 0.005907
v 0.018206 -0.019751 0.005698
v 0.018378 -0.019580 0.005528
v 0.018568 -0.019390 0.005403
v 0.018979 -0.018979 0.005300
v 0.019187 -0.018770 0.005326
v 0.019390 -0.018568 0.005403
v 0.019580 -0.018378 0.005528
v 0.019751 -0.018206 0.005698
v 0.019900 -0.018058 0.005907
v 0.020020 -0.017938 0.006150
v 0.020108 -0.017849 0.006419
v 0.020163 -0.017795 0.006705
v 0.020181 -0.017777 0.007000
v 0.020163 -0.017795 0.007295
v 0.020108 -0.017849 0.007581
v 0.020020 -0.017938 0.007850
v 0.019900 -0.018058 0.008093
v 0.019751 -0.018206 0.008302
v 0.019580 -0.018378 0.008472
v 0.019390 -0.018568 0.008597
v 0.019187 -0.018770 0.008674
v 0.018979 -0.018979 0.008700
v 0.018770 0.019187 0.008674
v 0.018568 0.019390 0.005403
v 0.018770 0.019187 0.005326
v 0.018378 0.019580 0.005528
v 0.018206 0.019751 0.005698
v 0.018058 0.019900 0.005907
v 0.017938 0.020020 0.006150
v 0.017849 0.020108 0.006419
v 0.017795 0.020163 0.006705
v 0.017777 0.020181 0.007000
v 0.017795 0.020163 0.007295
v 0.017849 0.020108 0.007581
v 0.017938 0.020020 0.007850
v 0.018058 0.019900 0.008093
v 0.018206 0.019751 0.008302
v 0.018378 0.019580 0.008472
v 0.018568 0.019390 0.008597
v 0.018979 0.018979 0.008700
v 0.019187 0.018770 0.008674
v 0.019390 0.018568 0.008597
v 0.019580 0.018378 0.008472
v 0.019751 0.018206 0.008302
v 0.019900 0.018058 0.008093
v 0.020020 0.017938 0.007850
v 0.020108 0.017849 0.007581
v 0.020163 0.017795 0.007295
v 0.020181 0.017777 0.007000
v 0.020163 0.017795 0.006705
v 0.020108 0.017849 0.006419
v 0.020020 0.017938 0.006150
v 0.019900 0.018058 0.005907
v 0.019751 0.018206 0.005698
v 0.019580 0.018378 0.005528
v 0.019390 0.018568 0.005403
v 0.019187 0.018770 0.005326
v 0.018979 0.018979 0.005300
v -0.019187 0.018770 0.008674
v -0.019390 0.018568 0.005403
v -0.019187 0.018770 0.005326
v -0.019580 0.018378 0.005528
v -0.019751 0.018206 0.005698
v -0.019900 0.018058 0.005907
v -0.020020 0.017938 0.006150
v -0.020108 0.017849 0.006419
v -0.020163 0.017795 0.006705
v -0.020181 0.017777 0.007000
v -0.020163 0.017795 0.007295
v -0.020108 0.017849 0.007581
v -0.020020 0.017938 0.007850
v -0.019900 0.018058 0.008093
v -0.019751 0.018206 0.008302
v -0.019580 0.018378 0.008472
v -0.019390 0.018568 0.008597
v -0.018979 0.018979 0.008700
v -0.018770 0.019187 0.008674
v -0.018568 0.019390 0.008597
v -0.018378 0.019580 0.008472
v -0.018206 0.019751 0.008302
v -0.018058 0.019900 0.008093
v -0.017938 0.020020 0.007850
v -0.017849 0.020108 0.007581
v -0.017795 0.020163 0.007295
v -0.017777 0.020181 0.007000
v -0.017795 0.020163 0.006705
v -0.017849 0.020108 0.006419
v -0.017938 0.020020 0.006150
v -0.018058 0.019900 0.005907
v -0.018206 0.019751 0.005698
v -0.018378 0.019580 0.005528
v -0.018568 0.019390 0.005403
v -0.018770 0.019187 0.005326
v -0.018979 0.018979 0.005300
v 0.000000 0.027750 0.004000
v 0.000000 0.027750 0.000200
v 0.000499 0.027706 0.004000
v 0.000499 0.027706 0.000200
v 0.000983 0.027577 0.004000
v 0.000983 0.027577 0.000200
v 0.001437 0.027365 0.004000
v 0.001437 0.027365 0.000200
v 0.001848 0.027077 0.004000
v 0.001848 0.027077 0.000200
v 0.002202 0.026723 0.004000
v 0.002202 0.026723 0.000200
v 0.002490 0.026312 0.004000
v 0.002490 0.026312 0.000200
v 0.002702 0.025858 0.004000
v 0.002702 0.025858 0.000200
v 0.002831 0.025374 0.004000
v 0.002831 0.025374 0.000200
v 0.002875 0.024875 0.004000
v 0.002875 0.024875 0.000200
v 0.002831 0.024376 0.004000
v 0.002831 0.024376 0.000200
v 0.002702 0.023892 0.004000
v 0.002702 0.023892 0.000200
v 0.002490 0.023438 0.004000
v 0.002490 0.023438 0.000200
v 0.002202 0.023027 0.004000
v 0.002202 0.023027 0.000200
v 0.001848 0.022673 0.004000
v 0.001848 0.022673 0.000200
v 0.001437 0.022385 0.004000
v 0.001437 0.022385 0.000200
v 0.000983 0.022173 0.004000
v 0.000983 0.022173 0.000200
v 0.000499 0.022044 0.004000
v 0.000499 0.022044 0.000200
v 0.000000 0.022000 0.004000
v 0.000000 0.022000 0.000200
v 0.024032 -0.013875 0.004000
v 0.024032 -0.013875 0.000200
v 0.022492 -0.016254 0.004000
v 0.022492 -0.016254 0.000200
v 0.020717 -0.018463 0.004000
v 0.020717 -0.018463 0.000200
v 0.018726 -0.020479 0.004000
v 0.018726 -0.020479 0.000200
v 0.016540 -0.022282 0.004000
v 0.016540 -0.022282 0.000200
v 0.014181 -0.023853 0.004000
v 0.014181 -0.023853 0.000200
v 0.011674 -0.025175 0.004000
v 0.011674 -0.025175 0.000200
v 0.009046 -0.026234 0.004000
v 0.009046 -0.026234 0.000200
v 0.006323 -0.027020 0.004000
v 0.006323 -0.027020 0.000200
v 0.003534 -0.027524 0.004000
v 0.003534 -0.027524 0.000200
v 0.000709 -0.027741 0.004000
v 0.000709 -0.027741 0.000200
v -0.002124 -0.027669 0.004000
v -0.002124 -0.027669 0.000200
v -0.004935 -0.027308 0.004000
v -0.004935 -0.027308 0.000200
v -0.007694 -0.026662 0.004000
v -0.007694 -0.026662 0.000200
v -0.010373 -0.025738 0.004000
v -0.010373 -0.025738 0.000200
v -0.012944 -0.024546 0.004000
v -0.012944 -0.024546 0.000200
v -0.015380 -0.023098 0.004000
v -0.015380 -0.023098 0.000200
v -0.017656 -0.021409 0.004000
v -0.017656 -0.021409 0.000200
v -0.019747 -0.019496 0.004000
v -0.019747 -0.019496 0.000200
v -0.021633 -0.017381 0.004000
v -0.021633 -0.017381 0.000200
v -0.023292 -0.015084 0.004000
v -0.023292 -0.015084 0.000200
v -0.024709 -0.012630 0.004000
v -0.024709 -0.012630 0.000200
v -0.025869 -0.010044 0.004000
v -0.025869 -0.010044 0.000200
v -0.026758 -0.007353 0.004000
v -0.026758 -0.007353 0.000200
v -0.027368 -0.004586 0.004000
v -0.027368 -0.004586 0.000200
v -0.027693 -0.001771 0.004000
v -0.027693 -0.001771 0.000200
v -0.027730 0.001063 0.004000
v -0.027730 0.001063 0.000200
v -0.027477 0.003885 0.004000
v -0.027477 0.003885 0.000200
v -0.026937 0.006667 0.004000
v -0.026937 0.006667 0.000200
v -0.026117 0.009380 0.004000
v -0.026117 0.009380 0.000200
v -0.025024 0.011995 0.004000
v -0.025024 0.011995 0.000200
v -0.023670 0.014484 0.004000
v -0.023670 0.014484 0.000200
v -0.022069 0.016823 0.004000
v -0.022069 0.016823 0.000200
v -0.020239 0.018986 0.004000
v -0.020239 0.018986 0.000200
v -0.018197 0.020951 0.004000
v -0.018197 0.020951 0.000200
v -0.015965 0.022697 0.004000
v -0.015965 0.022697 0.000200
v -0.013567 0.024207 0.004000
v -0.013567 0.024207 0.000200
v -0.011027 0.025465 0.004000
v -0.011027 0.025465 0.000200
v -0.008373 0.026457 0.004000
v -0.008373 0.026457 0.000200
v -0.005631 0.027173 0.004000
v -0.005631 0.027173 0.000200
v -0.002830 0.027605 0.004000
v -0.002830 0.027605 0.000200
v 0.000000 0.027750 0.004000
v 0.000000 0.027750 0.000200
v 0.019053 -0.011000 0.004000
v 0.019053 -0.011000 0.000200
v 0.019340 -0.010589 0.004000
v 0.019340 -0.010589 0.000200
v 0.019694 -0.010235 0.004000
v 0.019694 -0.010235 0.000200
v 0.020105 -0.009948 0.004000
v 0.020105 -0.009948 0.000200
v 0.020559 -0.009736 0.004000
v 0.020559 -0.009736 0.000200
v 0.021043 -0.009606 0.004000
v 0.021043 -0.009606 0.000200
v 0.021542 -0.009562 0.004000
v 0.021542 -0.009562 0.000200
v 0.022042 -0.009606 0.004000
v 0.022042 -0.009606 0.000200
v 0.022526 -0.009736 0.004000
v 0.022526 -0.009736 0.000200
v 0.022980 -0.009948 0.004000
v 0.022980 -0.009948 0.000200
v 0.023390 -0.010235 0.004000
v 0.023390 -0.010235 0.000200
v 0.023745 -0.010589 0.004000
v 0.023745 -0.010589 0.000200
v 0.024032 -0.011000 0.004000
v 0.024032 -0.011000 0.000200
v 0.024244 -0.011454 0.004000
v 0.024244 -0.011454 0.000200
v 0.024374 -0.011938 0.004000
v 0.024374 -0.011938 0.000200
v 0.024417 -0.012437 0.004000
v 0.024417 -0.012437 0.000200
v 0.024374 -0.012937 0.004000
v 0.024374 -0.012937 0.000200
v 0.024244 -0.013421 0.004000
v 0.024244 -0.013421 0.000200
v 0.000000 0.022000 0.004000
v 0.000000 0.022000 0.000200
v -0.002554 0.021851 0.000200
v -0.002554 0.021851 0.004000
v -0.005074 0.021407 0.000200
v -0.005074 0.021407 0.004000
v -0.007524 0.020673 0.000200
v -0.007524 0.020673 0.004000
v -0.009874 0.019660 0.000200
v -0.009874 0.019660 0.004000
v -0.012089 0.018381 0.000200
v -0.012089 0.018381 0.004000
v -0.014141 0.016853 0.000200
v -0.014141 0.016853 0.004000
v -0.016002 0.015097 0.000200
v -0.016002 0.015097 0.004000
v -0.017647 0.013137 0.000200
v -0.017647 0.013137 0.004000
v -0.019053 0.011000 0.000200
v -0.019053 0.011000 0.004000
v -0.020201 0.008714 0.000200
v -0.020201 0.008714 0.004000
v -0.021076 0.006310 0.000200
v -0.021076 0.006310 0.004000
v -0.021666 0.003820 0.000200
v -0.021666 0.003820 0.004000
v -0.021963 0.001279 0.000200
v -0.021963 0.001279 0.004000
v -0.021963 -0.001279 0.000200
v -0.021963 -0.001279 0.004000
v -0.021666 -0.003820 0.000200
v -0.021666 -0.003820 0.004000
v -0.021076 -0.006310 0.000200
v -0.021076 -0.006310 0.004000
v -0.020201 -0.008714 0.000200
v -0.020201 -0.008714 0.004000
v -0.019053 -0.011000 0.000200
v -0.019053 -0.011000 0.004000
v -0.017647 -0.013137 0.000200
v -0.017647 -0.013137 0.004000
v -0.016002 -0.015097 0.000200
v -0.016002 -0.015097 0.004000
v -0.014141 -0.016853 0.000200
v -0.014141 -0.016853 0.004000
v -0.012089 -0.018381 0.000200
v -0.012089 -0.018381 0.004000
v -0.009874 -0.019660 0.000200
v -0.009874 -0.019660 0.004000
v -0.007524 -0.020673 0.000200
v -0.007524 -0.020673 0.004000
v -0.005074 -0.021407 0.000200
v -0.005074 -0.021407 0.004000
v -0.002554 -0.021851 0.000200
v -0.002554 -0.021851 0.004000
v 0.000000 -0.022000 0.000200
v 0.000000 -0.022000 0.004000
v 0.002554 -0.021851 0.000200
v 0.002554 -0.021851 0.004000
v 0.005074 -0.021407 0.000200
v 0.005074 -0.021407 0.004000
v 0.007524 -0.020673 0.000200
v 0.007524 -0.020673 0.004000
v 0.009874 -0.019660 0.000200
v 0.009874 -0.019660 0.004000
v 0.012089 -0.018381 0.000200
v 0.012089 -0.018381 0.004000
v 0.014141 -0.016853 0.000200
v 0.014141 -0.016853 0.004000
v 0.016002 -0.015097 0.000200
v 0.016002 -0.015097 0.004000
v 0.017647 -0.013137 0.000200
v 0.017647 -0.013137 0.004000
v 0.000000 -0.022000 0.004000
v 0.000000 0.027750 0.004000
v 0.000000 0.022000 0.004000
v -0.028300 0.001900 0.000000
v -0.028300 -0.001900 0.000000
v -0.028300 0.001900 0.003000
v -0.028300 -0.001900 0.003000
v -0.028300 0.001871 0.003330
v -0.028300 0.001455 0.004221
v -0.028300 0.001645 0.003950
v -0.028300 0.001785 0.003650
v -0.028300 0.001221 0.004455
v -0.028300 -0.001871 0.003330
v -0.028300 -0.001785 0.003650
v -0.028300 -0.001221 0.004455
v -0.028300 -0.000950 0.004645
v -0.028300 -0.000650 0.004785
v -0.028300 0.000330 0.004871
v -0.028300 0.000650 0.004785
v -0.028300 0.000950 0.004645
v -0.028300 -0.001645 0.003950
v -0.028300 -0.001455 0.004221
v -0.028300 -0.000330 0.004871
v -0.028300 0.000000 0.004900
v -0.028500 0.000000 0.004900
v 0.018879 -0.010900 0.000000
v 0.017486 -0.013018 0.000000
v 0.015857 -0.014960 0.000000
v 0.014013 -0.016700 0.000000
v 0.011979 -0.018214 0.000000
v 0.009784 -0.019481 0.000000
v 0.007456 -0.020485 0.000000
v 0.005027 -0.021212 0.000000
v 0.002531 -0.021653 0.000000
v 0.000000 -0.022000 0.000200
v 0.000000 -0.021800 0.000000
v -0.002531 -0.021653 0.000000
v -0.005027 -0.021212 0.000000
v -0.007456 -0.020485 0.000000
v -0.009784 -0.019481 0.000000
v -0.011979 -0.018214 0.000000
v -0.014013 -0.016700 0.000000
v -0.015857 -0.014960 0.000000
v -0.017486 -0.013018 0.000000
v -0.018879 -0.010900 0.000000
v -0.020017 -0.008635 0.000000
v -0.020884 -0.006252 0.000000
v -0.021469 -0.003785 0.000000
v -0.021763 -0.001268 0.000000
v -0.021763 0.001268 0.000000
v -0.021469 0.003785 0.000000
v -0.020884 0.006252 0.000000
v -0.020017 0.008635 0.000000
v -0.018879 0.010900 0.000000
v -0.017486 0.013018 0.000000
v -0.015857 0.014960 0.000000
v -0.014013 0.016700 0.000000
v -0.011979 0.018214 0.000000
v -0.009784 0.019481 0.000000
v -0.007456 0.020485 0.000000
v -0.005027 0.021212 0.000000
v -0.002531 0.021653 0.000000
v 0.000000 0.022000 0.000200
v 0.000000 0.021800 0.000000
v 0.018879 -0.010900 0.000000
v 0.019187 -0.010461 0.000000
v 0.019566 -0.010082 0.000000
v 0.020005 -0.009774 0.000000
v 0.020491 -0.009548 0.000000
v 0.021008 -0.009409 0.000000
v 0.021542 -0.009362 0.000000
v 0.022076 -0.009409 0.000000
v 0.022594 -0.009548 0.000000
v 0.023080 -0.009774 0.000000
v 0.023519 -0.010082 0.000000
v 0.023898 -0.010461 0.000000
v 0.024205 -0.010900 0.000000
v 0.024432 -0.011386 0.000000
v 0.024571 -0.011904 0.000000
v 0.024617 -0.012437 0.000000
v 0.024571 -0.012971 0.000000
v 0.024432 -0.013489 0.000000
v 0.024205 -0.013975 0.000000
v 0.000000 0.027750 0.000200
v 0.000000 0.027950 0.000000
v 0.000534 0.027903 0.000000
v 0.001052 0.027765 0.000000
v 0.001537 0.027538 0.000000
v 0.001977 0.027231 0.000000
v 0.002356 0.026852 0.000000
v 0.002663 0.026412 0.000000
v 0.002890 0.025927 0.000000
v 0.003028 0.025409 0.000000
v 0.003075 0.024875 0.000000
v 0.003028 0.024341 0.000000
v 0.002890 0.023823 0.000000
v 0.002663 0.023337 0.000000
v 0.002356 0.022898 0.000000
v 0.001977 0.022519 0.000000
v 0.001537 0.022212 0.000000
v 0.001052 0.021985 0.000000
v 0.000534 0.021847 0.000000
v 0.000000 0.022000 0.000200
v 0.000000 0.021800 0.000000
v 0.000000 0.027750 0.000200
v 0.000000 0.027950 0.000000
v -0.018000 -0.007483 0.010000
v -0.018000 0.007483 0.010000
v -0.017700 0.009189 0.010000
v -0.017924 0.008349 0.010000
v -0.017924 -0.008349 0.010000
v -0.017700 -0.009189 0.010000
v 0.020000 0.000000 0.010000
v 0.020500 0.000000 0.010500
vn 0.658463 -0.752583 -0.006706
vn 0.665597 -0.746213 -0.012082
vn 0.714938 -0.699188 -0.000419
vn 0.709767 -0.704435 -0.001776
vn 0.699253 -0.714848 -0.006199
vn 0.704120 -0.710002 -0.010581
vn 0.698597 -0.715486 -0.006521
vn 0.693409 -0.720535 -0.003603
vn 0.688431 -0.725300 -0.001629
vn 0.654438 -0.756088 0.006486
vn 0.676202 -0.736317 -0.024246
vn 0.671627 -0.740659 -0.018505
vn 0.652472 -0.757804 -0.003603
vn 0.648578 -0.761145 -0.002233
vn 0.646485 -0.762925 -0.001624
vn 0.644667 -0.764463 -0.001182
vn 0.643077 -0.765801 -0.000854
vn 0.641651 -0.766996 -0.000598
vn 0.639886 -0.768470 0.000267
vn 0.641931 -0.766763 0.000547
vn 0.643398 -0.765531 0.000770
vn 0.644982 -0.764197 0.001043
vn 0.646869 -0.762600 0.001423
vn 0.649004 -0.760782 0.001933
vn 0.653034 -0.757322 0.003084
vn 0.659266 -0.751888 0.005642
vn 0.666712 -0.745248 0.009974
vn 0.673007 -0.739483 0.015013
vn 0.693689 -0.720272 0.001837
vn 0.669947 -0.742348 0.009508
vn 0.682878 -0.730108 0.024897
vn 0.677749 -0.735036 0.019421
vn 0.699164 -0.714962 0.000607
vn 0.704480 -0.709723 -0.000002
vn 0.713928 -0.700219 0.000004
vn 0.709771 -0.704431 0.001281
vn 0.714935 -0.699191 0.000305
vn 0.759077 -0.650785 0.016777
vn 0.752049 -0.658630 0.025066
vn 0.719087 -0.694920 0.000000
vn 0.724051 -0.689747 0.000000
vn 0.761564 -0.648065 0.005684
vn 0.740773 -0.670462 0.041662
vn 0.745766 -0.665340 0.034000
vn 0.764813 -0.644154 0.011237
vn 0.768574 -0.639707 0.008269
vn 0.770758 -0.637092 0.006698
vn 0.772837 -0.634582 0.005329
vn 0.774936 -0.632027 0.004053
vn 0.777269 -0.629162 0.002728
vn 0.780601 -0.625028 -0.001104
vn 0.777840 -0.628456 -0.002847
vn 0.775674 -0.631119 -0.004305
vn 0.773682 -0.633549 -0.005755
vn 0.771714 -0.635927 -0.007319
vn 0.769633 -0.638421 -0.009145
vn 0.766065 -0.642640 -0.012616
vn 0.760632 -0.648898 -0.019224
vn 0.780891 -0.624530 0.013092
vn 0.742823 -0.669471 -0.004723
vn 0.737340 -0.675466 -0.008745
vn 0.733169 -0.679933 -0.012465
vn 0.741483 -0.670962 -0.003525
vn 0.724051 -0.689747 0.000000
vn 0.719082 -0.694925 0.000000
vn -0.755027 -0.655610 -0.010468
vn -0.704817 -0.709390 0.000000
vn -0.709738 -0.704465 -0.000694
vn -0.723850 -0.689940 -0.004995
vn -0.716040 -0.697938 -0.013043
vn -0.721276 -0.692595 -0.008567
vn -0.726078 -0.687592 -0.005257
vn -0.730527 -0.682877 -0.002913
vn -0.764478 -0.644571 0.010077
vn -0.742919 -0.668903 -0.025302
vn -0.748604 -0.662790 -0.017351
vn -0.760265 -0.649583 -0.006267
vn -0.763641 -0.645627 -0.004251
vn -0.765501 -0.643427 -0.003285
vn -0.767183 -0.641424 -0.002520
vn -0.768764 -0.639530 -0.001881
vn -0.770368 -0.637598 -0.001296
vn -0.772348 -0.635199 0.000535
vn -0.769982 -0.638065 0.001213
vn -0.768303 -0.640084 0.001730
vn -0.766697 -0.642005 0.002272
vn -0.764943 -0.644092 0.002933
vn -0.763029 -0.646353 0.003748
vn -0.759512 -0.650470 0.005450
vn -0.754033 -0.656776 0.008933
vn -0.747316 -0.664311 0.014504
vn -0.741416 -0.670724 0.020759
vn -0.720524 -0.693422 0.003494
vn -0.744457 -0.667517 0.014310
vn -0.731657 -0.680880 0.032870
vn -0.736817 -0.675585 0.026178
vn -0.715058 -0.699063 0.001667
vn -0.709739 -0.704465 0.000501
vn -0.704817 -0.709390 0.000000
vn -0.668154 -0.743529 0.027110
vn -0.699554 -0.714580 0.000000
vn -0.693890 -0.720081 0.000716
vn -0.657860 -0.753088 0.008865
vn -0.678650 -0.733278 0.041680
vn -0.673140 -0.738751 0.033605
vn -0.661603 -0.749599 0.019564
vn -0.653928 -0.756451 0.012675
vn -0.647478 -0.762040 0.008200
vn -0.643212 -0.765666 0.005892
vn -0.640768 -0.767720 0.004717
vn -0.638482 -0.769628 0.003731
vn -0.636222 -0.771501 0.002846
vn -0.633731 -0.773551 0.001951
vn -0.630323 -0.776333 0.000808
vn -0.630005 -0.776591 -0.000825
vn -0.633124 -0.774048 -0.002053
vn -0.635474 -0.772116 -0.003054
vn -0.637656 -0.770311 -0.004074
vn -0.639842 -0.768489 -0.005212
vn -0.642195 -0.766513 -0.006590
vn -0.646270 -0.763052 -0.009306
vn -0.652398 -0.757734 -0.014675
vn -0.634637 -0.772791 0.005518
vn -0.671053 -0.741408 -0.001688
vn -0.677157 -0.735826 -0.004382
vn -0.681622 -0.731671 -0.007012
vn -0.686355 -0.727190 -0.010572
vn -0.680505 -0.732725 -0.005190
vn -0.693834 -0.720134 -0.000996
vn -0.699554 -0.714580 0.000000
vn -0.741414 0.670727 0.020761
vn -0.699554 0.714580 0.000000
vn -0.704817 0.709390 0.000000
vn -0.736821 0.675581 0.026173
vn -0.709732 0.704472 0.000500
vn -0.715053 0.699068 0.001665
vn -0.744482 0.667540 0.011694
vn -0.725694 0.686779 0.041269
vn -0.731656 0.680881 0.032870
vn -0.747316 0.664311 0.014504
vn -0.754033 0.656776 0.008933
vn -0.759512 0.650470 0.005450
vn -0.763023 0.646360 0.003751
vn -0.764951 0.644082 0.002930
vn -0.766687 0.642017 0.002276
vn -0.768316 0.640069 0.001726
vn -0.769976 0.638071 0.001214
vn -0.772358 0.635188 0.000532
vn -0.772578 0.634919 -0.000551
vn -0.770373 0.637592 -0.001294
vn -0.768752 0.639545 -0.001886
vn -0.767192 0.641413 -0.002516
vn -0.765493 0.643436 -0.003289
vn -0.763647 0.645620 -0.004248
vn -0.760265 0.649583 -0.006267
vn -0.755027 0.655610 -0.010468
vn -0.748604 0.662790 -0.017351
vn -0.764504 0.644594 0.005683
vn -0.734760 0.678326 -0.001336
vn -0.730523 0.682882 -0.002915
vn -0.726078 0.687593 -0.005258
vn -0.721281 0.692590 -0.008563
vn -0.723844 0.689934 -0.006354
vn -0.715118 0.699000 -0.002323
vn -0.709745 0.704458 -0.000695
vn -0.704817 0.709390 0.000000
vn -0.699554 0.714580 0.000000
vn -0.680510 0.732731 -0.003287
vn -0.691474 0.722239 -0.015332
vn -0.686368 0.727178 -0.010581
vn -0.681612 0.731680 -0.007004
vn -0.677149 0.735833 -0.004378
vn -0.634585 0.772727 0.013963
vn -0.659670 0.751199 -0.023149
vn -0.652398 0.757734 -0.014675
vn -0.646270 0.763052 -0.009306
vn -0.642190 0.766517 -0.006586
vn -0.639847 0.768484 -0.005214
vn -0.637652 0.770314 -0.004072
vn -0.635485 0.772107 -0.003059
vn -0.633126 0.774046 -0.002054
vn -0.630320 0.776335 0.000807
vn -0.633729 0.773552 0.001950
vn -0.636210 0.771511 0.002842
vn -0.638486 0.769624 0.003733
vn -0.640762 0.767725 0.004715
vn -0.643217 0.765661 0.005895
vn -0.647478 0.762040 0.008200
vn -0.653928 0.756451 0.012675
vn -0.661603 0.749599 0.019564
vn -0.668164 0.743520 0.027121
vn -0.673152 0.738740 0.033622
vn -0.657840 0.753066 0.011781
vn -0.688356 0.725371 0.001995
vn -0.693879 0.720092 0.000718
vn 0.673010 0.739481 0.015015
vn 0.719082 0.694925 0.000000
vn 0.714927 0.699199 0.000305
vn 0.709752 0.704450 0.001287
vn 0.677745 0.735041 0.019416
vn 0.704394 0.709804 0.002922
vn 0.698718 0.715377 0.005285
vn 0.677082 0.735725 0.016402
vn 0.688546 0.724496 0.031784
vn 0.682878 0.730108 0.024897
vn 0.666712 0.745248 0.009974
vn 0.659266 0.751888 0.005642
vn 0.653034 0.757322 0.003084
vn 0.649013 0.760775 0.001935
vn 0.646858 0.762610 0.001421
vn 0.644996 0.764185 0.001046
vn 0.643379 0.765548 0.000767
vn 0.641940 0.766755 0.000549
vn 0.639870 0.768483 0.000265
vn 0.639672 0.768648 -0.000280
vn 0.641643 0.767003 -0.000597
vn 0.643096 0.765785 -0.000857
vn 0.644654 0.764474 -0.001179
vn 0.646496 0.762916 -0.001626
vn 0.648571 0.761151 -0.002230
vn 0.652472 0.757804 -0.003603
vn 0.658463 0.752583 -0.006706
vn 0.665597 0.746213 -0.012082
vn 0.671624 0.740661 -0.018503
vn 0.654450 0.756101 0.002536
vn 0.683627 0.729832 -0.000460
vn 0.688432 0.725299 -0.001629
vn 0.693404 0.720540 -0.003601
vn 0.698592 0.715491 -0.006518
vn 0.699249 0.714844 -0.006999
vn 0.704348 0.709843 -0.004064
vn 0.709786 0.704415 -0.001768
vn 0.714945 0.699180 -0.000418
vn 0.719087 0.694920 0.000000
vn 0.741488 0.670966 0.000000
vn 0.727676 0.685677 -0.018271
vn 0.733178 0.679922 -0.012455
vn 0.737347 0.675457 -0.008740
vn 0.780725 0.624397 0.024432
vn 0.753943 0.656282 -0.029373
vn 0.760632 0.648898 -0.019224
vn 0.766065 0.642640 -0.012616
vn 0.769637 0.638417 -0.009141
vn 0.771711 0.635931 -0.007322
vn 0.777271 0.629160 0.002728
vn 0.780331 0.625366 0.001086
vn 0.773684 0.633546 -0.005753
vn 0.775666 0.631129 -0.004311
vn 0.777839 0.628457 -0.002848
vn 0.774945 0.632016 0.004048
vn 0.772834 0.634585 0.005331
vn 0.770762 0.637088 0.006695
vn 0.768570 0.639712 0.008272
vn 0.764813 0.644154 0.011237
vn 0.759077 0.650785 0.016777
vn 0.752049 0.658630 0.025066
vn 0.745757 0.665350 0.034013
vn 0.761546 0.648050 0.008863
vn 0.729954 0.683496 0.000872
vn 0.724051 0.689747 0.000000
vn 0.780599 0.625031 -0.001106
vn 0.782443 0.622723 0.000000
vn 0.817531 0.575885 0.000000
vn 0.834676 0.550712 0.005707
vn 0.851073 0.525047 0.000000
vn 0.637806 0.770197 0.000000
vn 0.607210 0.794542 0.000000
vn 0.582723 0.812651 0.005706
vn 0.557715 0.830032 0.000000
vn 0.506153 0.862444 0.000000
vn 0.479647 0.877443 0.005706
vn 0.452712 0.891657 0.000000
vn 0.397592 0.917562 0.000000
vn 0.369459 0.929229 0.005707
vn 0.340996 0.940065 0.000000
vn 0.283137 0.959079 0.000000
vn 0.253795 0.967241 0.005707
vn 0.224226 0.974537 0.000000
vn 0.164486 0.986379 0.000000
vn 0.134370 0.990915 0.005707
vn 0.104133 0.994563 0.000000
vn 0.043398 0.999058 0.000000
vn 0.012953 0.999900 0.005707
vn -0.017503 0.999847 0.000000
vn -0.078336 0.996927 0.000000
vn -0.108658 0.994063 0.005707
vn -0.138882 0.990309 0.000000
vn -0.198907 0.980018 0.000000
vn -0.228656 0.973491 0.005707
vn -0.258200 0.966091 0.000000
vn -0.316532 0.948582 0.000000
vn -0.345265 0.938488 0.005706
vn -0.373688 0.927554 0.000000
vn -0.429463 0.903085 0.000000
vn -0.456757 0.889573 0.005706
vn -0.630008 0.776589 -0.000826
vn -0.627777 0.778393 0.000000
vn -0.586425 0.810003 0.000000
vn -0.561478 0.827472 0.005706
vn -0.536028 0.844200 0.000000
vn -0.483642 0.875266 0.000000
vn -0.774310 0.632807 0.000000
vn -0.802340 0.596867 0.000000
vn -0.820130 0.572148 0.005706
vn -0.837186 0.546917 0.000000
vn -0.868927 0.494940 0.000000
vn -0.883583 0.468241 0.005707
vn -0.897447 0.441123 0.000000
vn -0.922636 0.385672 0.000000
vn -0.933937 0.357393 0.005706
vn -0.944402 0.328793 0.000000
vn -0.962666 0.270691 0.000000
vn -0.970447 0.241246 0.005707
vn -0.977360 0.211584 0.000000
vn -0.988427 0.151698 0.000000
vn -0.992572 0.121524 0.005707
vn -0.995829 0.091241 0.000000
vn -0.999536 0.030453 0.000000
vn -0.999984 0.000000 0.005707
vn -0.999536 -0.030453 0.000000
vn -0.995829 -0.091241 0.000000
vn -0.992572 -0.121524 0.005707
vn -0.988427 -0.151698 0.000000
vn -0.977360 -0.211584 0.000000
vn -0.970447 -0.241246 0.005707
vn -0.962666 -0.270691 0.000000
vn -0.944402 -0.328793 0.000000
vn -0.933937 -0.357393 0.005706
vn -0.922636 -0.385672 0.000000
vn -0.897447 -0.441123 0.000000
vn -0.883583 -0.468241 0.005707
vn -0.772587 -0.634909 -0.000548
vn -0.774310 -0.632807 0.000000
vn -0.802340 -0.596867 0.000000
vn -0.820130 -0.572148 0.005706
vn -0.837186 -0.546917 0.000000
vn -0.868927 -0.494940 0.000000
vn -0.627777 -0.778393 0.000000
vn -0.586425 -0.810003 0.000000
vn -0.561478 -0.827472 0.005706
vn -0.536028 -0.844200 0.000000
vn -0.483642 -0.875266 0.000000
vn -0.456757 -0.889573 0.005706
vn -0.429463 -0.903085 0.000000
vn -0.373688 -0.927554 0.000000
vn -0.345265 -0.938488 0.005706
vn -0.316532 -0.948582 0.000000
vn -0.258200 -0.966091 0.000000
vn -0.228656 -0.973491 0.005707
vn -0.198907 -0.980018 0.000000
vn -0.138882 -0.990309 0.000000
vn -0.108658 -0.994063 0.005707
vn -0.078336 -0.996927 0.000000
vn -0.017503 -0.999847 0.000000
vn 0.012953 -0.999900 0.005707
vn 0.043398 -0.999058 0.000000
vn 0.104133 -0.994563 0.000000
vn 0.134370 -0.990915 0.005707
vn 0.164486 -0.986379 0.000000
vn 0.224226 -0.974537 0.000000
vn 0.253795 -0.967241 0.005707
vn 0.283137 -0.959079 0.000000
vn 0.340996 -0.940065 0.000000
vn 0.369459 -0.929229 0.005707
vn 0.397592 -0.917562 0.000000
vn 0.452712 -0.891657 0.000000
vn 0.479647 -0.877443 0.005706
vn 0.639656 -0.768661 -0.000277
vn 0.637806 -0.770197 0.000000
vn 0.607210 -0.794542 0.000000
vn 0.582723 -0.812651 0.005706
vn 0.557715 -0.830032 0.000000
vn 0.506153 -0.862444 0.000000
vn 0.851073 -0.525047 0.000000
vn 0.834676 -0.550712 0.005707
vn 0.817531 -0.575885 0.000000
vn 0.782342 -0.622849 0.000000
vn 0.784763 -0.619795 0.001398
vn 0.000000 0.000000 1.000000
vn 0.000000 0.000000 1.000000
vn 0.000000 0.000000 1.000000
vn 0.000000 0.000000 1.000000
vn 0.000000 0.000000 1.000000
vn 0.000000 0.000000 1.000000
vn 0.000000 0.000000 1.000000
vn 0.000000 0.000000 1.000000
vn 0.000000 0.000000 1.000000
vn 0.000000 0.000000 1.000000
vn 0.000000 0.000000 1.000000
vn 0.000000 0.000000 1.000000
vn 0.000000 0.000000 1.000000
vn 0.000000 0.000000 1.000000
vn 0.000000 0.000000 1.000000
vn 0.000000 0.000000 1.000000
vn 0.000000 0.000000 1.000000
vn 0.000000 0.000000 1.000000
vn 0.000000 0.000000 1.000000
vn 0.000000 0.000000 1.000000
vn 0.000000 0.000000 1.000000
vn 0.000000 0.000000 1.000000
vn 0.000000 0.000000 1.000000
vn 0.000000 0.000000 1.000000
vn 0.000000 0.000000 1.000000
vn 0.000000 0.000000 1.000000
vn 0.000000 0.000000 1.000000
vn 0.000000 0.000000 1.000000
vn 0.000000 0.000000 1.000000
vn 0.000000 0.000000 1.000000
vn 0.000000 0.000000 1.000000
vn 0.000000 0.000000 1.000000
vn 0.000000 0.000000 1.000000
vn 0.000000 0.000000 1.000000
vn 0.000000 0.000000 1.000000
vn 0.000000 0.000000 1.000000
vn 0.000000 0.000000 1.000000
vn 0.000000 0.000000 1.000000
vn 0.000000 0.000000 1.000000
vn 0.000000 0.000000 1.000000
vn 0.000000 0.000000 1.000000
vn 0.000000 0.000000 1.000000
vn 0.000000 0.000000 1.000000
vn 0.000000 0.000000 1.000000
vn 0.000000 0.000000 1.000000
vn 0.000000 0.000000 1.000000
vn 0.000000 0.000000 1.000000
vn 0.000000 0.000000 1.000000
vn 0.000000 0.000000 1.000000
vn 0.000000 0.000000 1.000000
vn 0.000000 0.000000 1.000000
vn 0.000000 0.000000 1.000000
vn 0.000000 0.000000 1.000000
vn 0.000000 0.000000 1.000000
vn 0.000000 0.000000 1.000000
vn 0.000000 0.000000 1.000000
vn 0.000000 0.000000 1.000000
vn 0.000000 0.000000 1.000000
vn 0.000000 0.000000 1.000000
vn 0.000000 0.000000 1.000000
vn 0.000000 0.000000 1.000000
vn 0.000000 0.000000 1.000000
vn 0.000000 0.000000 1.000000
vn 0.000000 0.000000 1.000000
vn 0.000000 0.000000 1.000000
vn 0.000000 0.000000 1.000000
vn 0.000000 0.000000 1.000000
vn 0.000000 0.000000 1.000000
vn 0.000000 0.000000 1.000000
vn 0.000000 0.000000 1.000000
vn 0.000000 0.000000 1.000000
vn 0.000000 0.000000 1.000000
vn 0.000000 0.000000 1.000000
vn 0.000000 0.000000 1.000000
vn 0.000000 0.000000 1.000000
vn 0.000000 0.000000 1.000000
vn 0.000000 0.000000 1.000000
vn 0.000000 0.000000 1.000000
vn 0.000000 0.000000 1.000000
vn 0.000000 0.000000 1.000000
vn 0.000000 0.000000 1.000000
vn 0.000000 0.000000 1.000000
vn 0.000000 0.000000 1.000000
vn 0.000000 0.000000 1.000000
vn 0.000000 0.000000 1.000000
vn 0.000000 0.000000 1.000000
vn 0.000000 0.000000 1.000000
vn 0.000000 0.000000 1.000000
vn 0.000000 0.000000 1.000000
vn 0.000000 0.000000 1.000000
vn 0.000000 0.000000 1.000000
vn 0.000000 0.000000 1.000000
vn 0.000000 0.000000 1.000000
vn 0.000000 0.000000 1.000000
vn 0.000000 0.000000 1.000000
vn 0.000000 0.000000 1.000000
vn 0.000000 0.000000 1.000000
vn 0.000000 0.000000 1.000000
vn 0.000000 0.000000 1.000000
vn 0.000000 0.000000 1.000000
vn 0.000000 0.000000 1.000000
vn 0.000000 0.000000 1.000000
vn 0.000000 0.000000 1.000000
vn 0.000000 0.000000 1.000000
vn 0.000000 0.000000 1.000000
vn 0.000000 0.000000 1.000000
vn 0.000000 0.000000 1.000000
vn 0.000000 0.000000 1.000000
vn 0.000000 0.000000 1.000000
vn 0.000000 0.000000 1.000000
vn 0.000000 0.000000 1.000000
vn 0.000000 0.000000 1.000000
vn 0.000000 0.000000 1.000000
vn 0.000000 0.000000 1.000000
vn 0.000000 0.000000 1.000000
vn 0.000000 0.000000 1.000000
vn 0.000000 0.000000 1.000000
vn 0.000000 0.000000 1.000000
vn 0.000000 0.000000 1.000000
vn 0.000000 0.000000 1.000000
vn 0.000000 0.000000 1.000000
vn 0.000000 0.000000 1.000000
vn 0.000000 0.000000 1.000000
vn 0.000000 0.000000 1.000000
vn 0.000000 0.000000 1.000000
vn 0.000000 0.000000 1.000000
vn 0.000000 0.000000 1.000000
vn 0.000000 0.000000 1.000000
vn 0.000000 0.000000 1.000000
vn 0.000000 0.000000 1.000000
vn 0.000000 0.000000 1.000000
vn 0.000000 0.000000 1.000000
vn 0.000000 0.000000 1.000000
vn 0.000000 0.000000 1.000000
vn 0.000000 0.000000 1.000000
vn 0.000000 0.000000 1.000000
vn 0.000000 0.000000 1.000000
vn 0.000000 0.000000 1.000000
vn 0.000000 0.000000 1.000000
vn 0.000000 0.000000 1.000000
vn 0.000000 0.000000 1.000000
vn 0.000000 0.000000 1.000000
vn 0.000000 0.000000 1.000000
vn 0.000000 0.000000 1.000000
vn 0.000000 0.000000 1.000000
vn 0.000000 0.000000 1.000000
vn 0.000000 0.000000 1.000000
vn 0.000000 0.000000 1.000000
vn 0.000000 0.000000 1.000000
vn 0.000000 0.000000 1.000000
vn 0.000000 0.000000 1.000000
vn 0.000000 0.000000 1.000000
vn 0.000000 0.000000 1.000000
vn 0.000000 0.000000 1.000000
vn 0.000000 0.000000 1.000000
vn 0.000000 0.000000 1.000000
vn 0.000000 0.000000 1.000000
vn 0.000000 0.000000 1.000000
vn 0.000000 0.000000 1.000000
vn 0.000000 0.000000 1.000000
vn 0.000000 0.000000 1.000000
vn 0.000000 0.000000 1.000000
vn 0.000000 0.000000 1.000000
vn 0.000000 0.000000 1.000000
vn 0.000000 0.000000 1.000000
vn 0.000000 0.000000 1.000000
vn 0.000000 0.000000 1.000000
vn 0.000000 0.000000 1.000000
vn 0.000000 0.000000 1.000000
vn 0.000000 0.000000 1.000000
vn 0.000000 0.000000 1.000000
vn 0.000000 0.000000 1.000000
vn 0.000000 0.000000 1.000000
vn 0.000000 0.000000 1.000000
vn 0.000000 0.000000 1.000000
vn 0.000000 0.000000 1.000000
vn 0.000000 0.000000 1.000000
vn 0.000000 0.000000 1.000000
vn 0.000000 0.000000 1.000000
vn 0.000000 0.000000 1.000000
vn 0.000000 0.000000 1.000000
vn 0.000000 0.000000 1.000000
vn 0.000000 0.000000 1.000000
vn 0.000000 0.000000 1.000000
vn 0.000000 0.000000 1.000000
vn 0.000000 0.000000 1.000000
vn 0.000000 0.000000 1.000000
vn 0.000000 0.000000 1.000000
vn 0.000000 0.000000 1.000000
vn 0.000000 0.000000 1.000000
vn 0.000000 0.000000 1.000000
vn 0.000000 0.000000 1.000000
vn 0.000000 0.000000 1.000000
vn 0.000000 0.000000 1.000000
vn 0.000000 0.000000 1.000000
vn 0.000000 0.000000 1.000000
vn 0.000000 0.000000 1.000000
vn 0.000000 0.000000 1.000000
vn 0.000000 0.000000 1.000000
vn 0.000000 0.000000 1.000000
vn 0.000000 0.000000 1.000000
vn 0.000000 0.000000 1.000000
vn 0.000000 0.000000 1.000000
vn 0.000000 0.000000 1.000000
vn 0.000000 0.000000 1.000000
vn 0.000000 0.000000 1.000000
vn 0.000000 0.000000 1.000000
vn 0.000000 0.000000 1.000000
vn 0.000000 0.000000 1.000000
vn 0.000000 0.000000 1.000000
vn 0.000000 0.000000 1.000000
vn 0.000000 0.000000 1.000000
vn 0.000000 0.000000 1.000000
vn 0.000000 0.000000 1.000000
vn 0.000000 0.000000 1.000000
vn 0.000000 0.000000 1.000000
vn 0.000000 0.000000 1.000000
vn 0.000000 0.000000 1.000000
vn 0.000000 0.000000 1.000000
vn 0.000000 0.000000 1.000000
vn 0.000000 0.000000 1.000000
vn 0.000000 0.000000 1.000000
vn 0.000000 0.000000 1.000000
vn 0.000000 0.000000 1.000000
vn 0.000000 0.000000 1.000000
vn 0.000000 0.000000 1.000000
vn 0.000000 0.000000 1.000000
vn 0.000000 0.000000 1.000000
vn 0.000000 0.000000 1.000000
vn 0.000000 0.000000 1.000000
vn 0.000000 0.000000 1.000000
vn 0.000000 0.000000 1.000000
vn 0.000000 0.000000 1.000000
vn 0.000000 0.000000 1.000000
vn 0.000000 0.000000 1.000000
vn 0.000000 0.000000 1.000000
vn 0.000000 0.000000 1.000000
vn 0.000000 0.000000 1.000000
vn 0.000000 0.000000 1.000000
vn 0.000000 0.000000 1.000000
vn 0.000000 0.000000 1.000000
vn 0.000000 0.000000 1.000000
vn 0.000000 0.000000 1.000000
vn 0.000000 0.000000 1.000000
vn 0.000000 0.000000 1.000000
vn 0.000000 0.000000 1.000000
vn 0.000000 0.000000 1.000000
vn 0.000000 0.000000 1.000000
vn 0.000000 0.000000 1.000000
vn 0.000000 0.000000 1.000000
vn 0.000000 0.000000 1.000000
vn 0.000000 0.000000 1.000000
vn 0.000000 0.000000 1.000000
vn 0.000000 0.000000 1.000000
vn 0.000000 0.000000 1.000000
vn 0.000000 0.000000 1.000000
vn 0.000000 0.000000 1.000000
vn 0.000000 0.000000 1.000000
vn 0.000000 0.000000 1.000000
vn 0.000000 0.000000 1.000000
vn 0.000000 0.000000 1.000000
vn 0.000000 0.000000 1.000000
vn 0.000000 0.000000 1.000000
vn 0.000000 0.000000 1.000000
vn 0.000000 0.000000 1.000000
vn 0.000000 0.000000 1.000000
vn 0.000000 0.000000 1.000000
vn 0.000000 0.000000 1.000000
vn 0.000000 0.000000 1.000000
vn 0.000000 0.000000 1.000000
vn 0.000000 0.000000 1.000000
vn 0.000000 0.000000 1.000000
vn 0.000000 0.000000 1.000000
vn 0.000000 0.000000 1.000000
vn 0.000000 0.000000 1.000000
vn 0.000000 0.000000 1.000000
vn 0.000000 0.000000 1.000000
vn 0.000000 0.000000 1.000000
vn 0.000000 0.000000 1.000000
vn 0.000000 0.000000 1.000000
vn 0.000000 0.000000 1.000000
vn 0.000000 0.000000 1.000000
vn 0.000000 0.000000 1.000000
vn 0.000000 0.000000 1.000000
vn 0.000000 0.000000 1.000000
vn 0.000000 0.000000 1.000000
vn 0.000000 0.000000 1.000000
vn 0.000000 0.000000 1.000000
vn 0.000000 0.000000 1.000000
vn 0.000000 0.000000 1.000000
vn 0.000000 0.000000 1.000000
vn 0.000000 0.000000 1.000000
vn 0.000000 0.000000 1.000000
vn 0.000000 0.000000 1.000000
vn 0.000000 0.000000 1.000000
vn 0.000000 0.000000 -1.000000
vn 0.000000 0.000000 -1.000000
vn 0.000000 0.000000 -1.000000
vn 0.000000 0.000000 -1.000000
vn 0.000000 0.000000 -1.000000
vn 0.000000 0.000000 -1.000000
vn 0.000000 0.000000 -1.000000
vn 0.000000 0.000000 -1.000000
vn 0.000000 0.000000 -1.000000
vn 0.000000 0.000000 -1.000000
vn 0.000000 0.000000 -1.000000
vn 0.000000 0.000000 -1.000000
vn 0.000000 0.000000 -1.000000
vn 0.000000 0.000000 -1.000000
vn 0.000000 0.000000 -1.000000
vn 0.000000 0.000000 -1.000000
vn 0.000000 0.000000 -1.000000
vn 0.000000 0.000000 -1.000000
vn 0.000000 0.000000 -1.000000
vn 0.000000 0.000000 -1.000000
vn 0.000000 0.000000 -1.000000
vn 0.000000 0.000000 -1.000000
vn 0.000000 0.000000 -1.000000
vn 0.000000 0.000000 -1.000000
vn 0.000000 0.000000 -1.000000
vn 0.000000 0.000000 -1.000000
vn 0.000000 0.000000 -1.000000
vn 0.000000 0.000000 -1.000000
vn 0.000000 0.000000 -1.000000
vn 0.000000 0.000000 -1.000000
vn 0.000000 0.000000 -1.000000
vn 0.000000 0.000000 -1.000000
vn 0.000000 0.000000 -1.000000
vn 0.000000 0.000000 -1.000000
vn 0.000000 0.000000 -1.000000
vn 0.000000 0.000000 -1.000000
vn 0.000000 0.000000 -1.000000
vn 0.000000 0.000000 -1.000000
vn 0.000000 0.000000 -1.000000
vn 0.000000 0.000000 -1.000000
vn 0.000000 0.000000 -1.000000
vn 0.000000 0.000000 -1.000000
vn 0.000000 0.000000 -1.000000
vn 0.000000 0.000000 -1.000000
vn 0.000000 0.000000 -1.000000
vn 0.000000 0.000000 -1.000000
vn 0.000000 0.000000 -1.000000
vn 0.000000 0.000000 -1.000000
vn 0.000000 0.000000 -1.000000
vn 0.000000 0.000000 -1.000000
vn 0.000000 0.000000 -1.000000
vn 0.000000 0.000000 -1.000000
vn 0.000000 0.000000 -1.000000
vn 0.000000 0.000000 -1.000000
vn 0.000000 0.000000 -1.000000
vn 0.000000 0.000000 -1.000000
vn 0.000000 0.000000 -1.000000
vn 0.000000 0.000000 -1.000000
vn 0.000000 0.000000 -1.000000
vn 0.000000 0.000000 -1.000000
vn 0.000000 0.000000 -1.000000
vn 0.000000 0.000000 -1.000000
vn 0.000000 0.000000 -1.000000
vn 0.000000 0.000000 -1.000000
vn 0.000000 0.000000 -1.000000
vn 0.000000 0.000000 -1.000000
vn 0.000000 0.000000 -1.000000
vn 0.000000 0.000000 -1.000000
vn 0.000000 0.000000 -1.000000
vn 0.000000 0.000000 -1.000000
vn 0.000000 0.000000 -1.000000
vn 0.000000 0.000000 -1.000000
vn 0.000000 0.000000 -1.000000
vn 0.000000 0.000000 -1.000000
vn 0.000000 0.000000 -1.000000
vn 0.000000 0.000000 -1.000000
vn 0.000000 0.000000 -1.000000
vn 0.000000 0.000000 -1.000000
vn 0.000000 0.000000 -1.000000
vn 0.000000 0.000000 -1.000000
vn 0.000000 0.000000 -1.000000
vn 0.000000 0.000000 -1.000000
vn 0.000000 0.000000 -1.000000
vn 0.000000 0.000000 -1.000000
vn 0.000000 0.000000 -1.000000
vn 0.000000 0.000000 -1.000000
vn 0.000000 0.000000 -1.000000
vn 0.000000 0.000000 -1.000000
vn 0.000000 0.000000 -1.000000
vn 0.000000 0.000000 -1.000000
vn 0.000000 0.000000 -1.000000
vn 0.000000 0.000000 -1.000000
vn 0.000000 0.000000 -1.000000
vn 0.000000 0.000000 -1.000000
vn 0.000000 0.000000 -1.000000
vn 0.000000 0.000000 -1.000000
vn 0.000000 0.000000 -1.000000
vn 0.000000 0.000000 -1.000000
vn 0.000000 0.000000 -1.000000
vn 0.000000 0.000000 -1.000000
vn 0.000000 0.000000 -1.000000
vn 0.000000 0.000000 -1.000000
vn 0.000000 0.000000 -1.000000
vn 0.000000 0.000000 -1.000000
vn 0.000000 0.000000 -1.000000
vn 0.000000 0.000000 -1.000000
vn 0.000000 0.000000 -1.000000
vn 0.000000 0.000000 -1.000000
vn 0.000000 0.000000 -1.000000
vn 0.000000 0.000000 -1.000000
vn 0.000000 0.000000 -1.000000
vn 0.000000 0.000000 -1.000000
vn 0.000000 0.000000 -1.000000
vn 0.000000 0.000000 -1.000000
vn 0.000000 0.000000 -1.000000
vn 0.000000 0.000000 -1.000000
vn 0.000000 0.000000 -1.000000
vn 0.000000 0.000000 -1.000000
vn 0.000000 0.000000 -1.000000
vn 0.000000 0.000000 -1.000000
vn 0.000000 0.000000 -1.000000
vn 0.000000 0.000000 -1.000000
vn 0.000000 0.000000 -1.000000
vn 0.000000 0.000000 -1.000000
vn 0.000000 0.000000 -1.000000
vn 0.000000 0.000000 -1.000000
vn 0.000000 0.000000 -1.000000
vn 0.000000 0.000000 -1.000000
vn 0.000000 0.000000 -1.000000
vn 0.000000 0.000000 -1.000000
vn 0.000000 0.000000 -1.000000
vn 0.000000 0.000000 -1.000000
vn 0.000000 0.000000 -1.000000
vn 0.000000 0.000000 -1.000000
vn 0.000000 0.000000 -1.000000
vn 0.000000 0.000000 -1.000000
vn 0.000000 0.000000 -1.000000
vn 0.000000 0.000000 -1.000000
vn 0.000000 0.000000 -1.000000
vn 0.000000 0.000000 -1.000000
vn 0.000000 0.000000 -1.000000
vn 0.000000 0.000000 -1.000000
vn 0.000000 0.000000 -1.000000
vn 0.000000 0.000000 -1.000000
vn 0.000000 0.000000 -1.000000
vn 0.000000 0.000000 -1.000000
vn 0.000000 0.000000 -1.000000
vn 0.000000 0.000000 -1.000000
vn 0.000000 0.000000 -1.000000
vn 0.000000 0.000000 -1.000000
vn 0.000000 0.000000 -1.000000
vn 0.000000 0.000000 -1.000000
vn 0.000000 0.000000 -1.000000
vn 0.000000 0.000000 -1.000000
vn 0.000000 0.000000 -1.000000
vn 0.000000 0.000000 -1.000000
vn 0.000000 0.000000 -1.000000
vn 0.000000 0.000000 -1.000000
vn 0.000000 0.000000 -1.000000
vn 0.000000 0.000000 -1.000000
vn 0.000000 0.000000 -1.000000
vn 0.000000 0.000000 -1.000000
vn 0.000000 0.000000 -1.000000
vn 0.000000 0.000000 -1.000000
vn 0.000000 0.000000 -1.000000
vn 0.000000 0.000000 -1.000000
vn 0.000000 0.000000 -1.000000
vn 0.000000 0.000000 -1.000000
vn 0.000000 0.000000 -1.000000
vn 0.000000 0.000000 -1.000000
vn 0.000000 0.000000 -1.000000
vn 0.000000 0.000000 -1.000000
vn 0.000000 0.000000 -1.000000
vn 0.000000 0.000000 -1.000000
vn 0.000000 0.000000 -1.000000
vn 0.000000 0.000000 -1.000000
vn 0.000000 0.000000 -1.000000
vn 0.000000 0.000000 -1.000000
vn 0.000000 0.000000 -1.000000
vn 0.000000 0.000000 -1.000000
vn 0.000000 0.000000 -1.000000
vn 0.000000 0.000000 -1.000000
vn 0.000000 0.000000 -1.000000
vn 0.000000 0.000000 -1.000000
vn 0.000000 0.000000 -1.000000
vn 0.000000 0.000000 -1.000000
vn 0.000000 0.000000 -1.000000
vn 0.000000 0.000000 -1.000000
vn 0.000000 0.000000 -1.000000
vn 0.000000 0.000000 -1.000000
vn 0.000000 0.000000 -1.000000
vn 0.000000 0.000000 -1.000000
vn 0.000000 0.000000 -1.000000
vn 0.000000 0.000000 -1.000000
vn 0.000000 0.000000 -1.000000
vn 0.000000 0.000000 -1.000000
vn 0.000000 0.000000 -1.000000
vn 0.000000 0.000000 -1.000000
vn 0.000000 0.000000 -1.000000
vn 0.000000 0.000000 -1.000000
vn 0.000000 0.000000 -1.000000
vn 0.000000 0.000000 -1.000000
vn 0.000000 0.000000 -1.000000
vn 0.000000 0.000000 -1.000000
vn 0.000000 0.000000 -1.000000
vn 0.000000 0.000000 -1.000000
vn 0.000000 0.000000 -1.000000
vn 0.000000 0.000000 -1.000000
vn 0.000000 0.000000 -1.000000
vn 0.000000 0.000000 -1.000000
vn 0.000000 0.000000 -1.000000
vn 0.000000 0.000000 -1.000000
vn 0.000000 0.000000 -1.000000
vn 0.000000 0.000000 -1.000000
vn 0.000000 0.000000 -1.000000
vn 0.000000 0.000000 -1.000000
vn 0.000000 0.000000 -1.000000
vn 0.000000 0.000000 -1.000000
vn 0.000000 0.000000 -1.000000
vn 0.000000 0.000000 -1.000000
vn 0.000000 0.000000 -1.000000
vn 0.000000 0.000000 -1.000000
vn 0.000000 0.000000 -1.000000
vn 0.000000 0.000000 -1.000000
vn 0.000000 0.000000 -1.000000
vn 0.000000 0.000000 -1.000000
vn 0.000000 0.000000 -1.000000
vn 0.000000 0.000000 -1.000000
vn 0.000000 0.000000 -1.000000
vn 0.000000 0.000000 -1.000000
vn 0.000000 0.000000 -1.000000
vn 0.000000 0.000000 -1.000000
vn 0.000000 0.000000 -1.000000
vn 0.000000 0.000000 -1.000000
vn 0.000000 0.000000 -1.000000
vn 0.000000 0.000000 -1.000000
vn 0.000000 0.000000 -1.000000
vn 0.000000 0.000000 -1.000000
vn 0.000000 0.000000 -1.000000
vn 0.000000 0.000000 -1.000000
vn 0.000000 0.000000 -1.000000
vn 0.000000 0.000000 -1.000000
vn 0.000000 0.000000 -1.000000
vn 0.000000 0.000000 -1.000000
vn 0.000000 0.000000 -1.000000
vn 0.000000 0.000000 -1.000000
vn 0.000000 0.000000 -1.000000
vn 0.000000 0.000000 -1.000000
vn 0.000000 0.000000 -1.000000
vn 0.000000 0.000000 -1.000000
vn 0.000000 0.000000 -1.000000
vn 0.000000 0.000000 -1.000000
vn 0.000000 0.000000 -1.000000
vn 0.000000 0.000000 -1.000000
vn 0.000000 0.000000 -1.000000
vn 0.000000 0.000000 -1.000000
vn 0.000000 0.000000 -1.000000
vn 0.000000 0.000000 -1.000000
vn 0.000000 0.000000 -1.000000
vn 0.000000 0.000000 -1.000000
vn 0.000000 0.000000 -1.000000
vn 0.000000 0.000000 -1.000000
vn 0.000000 0.000000 -1.000000
vn 0.000000 0.000000 -1.000000
vn 0.000000 0.000000 -1.000000
vn 0.000000 0.000000 -1.000000
vn 0.000000 0.000000 -1.000000
vn 0.000000 0.000000 -1.000000
vn 0.000000 0.000000 -1.000000
vn 0.000000 0.000000 -1.000000
vn 0.000000 0.000000 -1.000000
vn 0.000000 0.000000 -1.000000
vn 0.000000 0.000000 -1.000000
vn 0.000000 0.000000 -1.000000
vn 0.000000 0.000000 -1.000000
vn 0.000000 0.000000 -1.000000
vn 0.000000 0.000000 -1.000000
vn 0.000000 0.000000 -1.000000
vn 0.000000 0.000000 -1.000000
vn 0.000000 0.000000 -1.000000
vn 0.000000 0.000000 -1.000000
vn 0.000000 0.000000 -1.000000
vn 0.000000 0.000000 -1.000000
vn 0.000000 0.000000 -1.000000
vn 0.000000 0.000000 -1.000000
vn 0.000000 0.000000 -1.000000
vn 0.000000 0.000000 -1.000000
vn 0.000000 0.000000 -1.000000
vn 0.000000 0.000000 -1.000000
vn 0.000000 0.000000 -1.000000
vn 0.000000 0.000000 -1.000000
vn 0.000000 0.000000 -1.000000
vn 0.000000 0.000000 -1.000000
vn 0.000000 0.000000 -1.000000
vn 0.000000 0.000000 -1.000000
vn 0.000000 0.000000 -1.000000
vn 0.000000 0.000000 -1.000000
vn 0.000000 0.000000 -1.000000
vn 0.000000 0.000000 -1.000000
vn 0.000000 0.000000 -1.000000
vn 0.000000 0.000000 -1.000000
vn 0.000000 0.000000 -1.000000
vn 0.000000 0.000000 -1.000000
vn 0.000000 0.000000 -1.000000
vn 0.000000 0.000000 -1.000000
vn 0.000000 0.000000 -1.000000
vn 0.000000 0.000000 -1.000000
vn 0.000000 0.000000 -1.000000
vn 0.000000 0.000000 -1.000000
vn 0.000000 0.000000 -1.000000
vn 0.000000 0.000000 -1.000000
vn 0.000000 0.000000 -1.000000
vn 0.000000 0.000000 -1.000000
vn 0.000000 0.000000 -1.000000
vn 0.000000 0.000000 -1.000000
vn 0.000000 0.000000 -1.000000
vn 0.000000 0.000000 -1.000000
vn 0.000000 0.000000 -1.000000
vn 0.000000 0.000000 -1.000000
vn 0.000000 0.000000 -1.000000
vn 0.000000 0.000000 -1.000000
vn 0.000000 0.000000 -1.000000
vn 0.000000 0.000000 -1.000000
vn 0.000000 0.000000 -1.000000
vn 0.000000 0.000000 -1.000000
vn 0.000000 0.000000 -1.000000
vn 0.000000 0.000000 -1.000000
vn 0.000000 0.000000 -1.000000
vn 0.000000 0.000000 -1.000000
vn 0.000000 0.000000 -1.000000
vn 0.000000 0.000000 -1.000000
vn 0.000000 0.000000 -1.000000
vn 0.000000 0.000000 -1.000000
vn 0.000000 0.000000 -1.000000
vn 0.000000 0.000000 -1.000000
vn 0.000000 0.000000 -1.000000
vn 0.000000 0.000000 -1.000000
vn 0.000000 0.000000 -1.000000
vn 0.000000 0.000000 -1.000000
vn 0.000000 0.000000 -1.000000
vn 0.000000 0.000000 -1.000000
vn 0.000000 0.000000 -1.000000
vn 0.000000 0.000000 -1.000000
vn 0.000000 0.000000 -1.000000
vn 0.000000 0.000000 -1.000000
vn 0.000000 0.000000 -1.000000
vn 0.000000 0.000000 -1.000000
vn 0.000000 0.000000 -1.000000
vn 0.000000 0.000000 -1.000000
vn 0.000000 0.000000 -1.000000
vn 0.000000 0.000000 -1.000000
vn 0.000000 0.000000 -1.000000
vn 0.000000 0.000000 -1.000000
vn 0.000000 0.000000 -1.000000
vn 0.000000 0.000000 -1.000000
vn 0.000000 0.000000 -1.000000
vn 0.000000 0.000000 -1.000000
vn 0.000000 0.000000 -1.000000
vn 0.000000 0.000000 -1.000000
vn 0.000000 0.000000 -1.000000
vn 0.000000 0.000000 -1.000000
vn 0.000000 0.000000 -1.000000
vn 0.000000 0.000000 -1.000000
vn 0.000000 0.000000 -1.000000
vn 0.000000 0.000000 -1.000000
vn 0.000000 0.000000 -1.000000
vn 0.000000 0.000000 -1.000000
vn 0.000000 0.000000 -1.000000
vn 0.000000 0.000000 -1.000000
vn 0.000000 0.000000 -1.000000
vn 0.000000 0.000000 -1.000000
vn 0.000000 0.000000 -1.000000
vn 0.000000 0.000000 -1.000000
vn 0.000000 0.000000 -1.000000
vn 0.000000 0.000000 -1.000000
vn 0.000000 0.000000 -1.000000
vn 0.000000 0.000000 -1.000000
vn 0.000000 0.000000 -1.000000
vn 0.000000 0.000000 -1.000000
vn 0.000000 0.000000 -1.000000
vn 0.000000 0.000000 -1.000000
vn 0.000000 0.000000 -1.000000
vn 0.000000 0.000000 -1.000000
vn 0.000000 0.000000 -1.000000
vn 0.000000 0.000000 -1.000000
vn 0.000000 0.000000 -1.000000
vn 0.000000 0.000000 -1.000000
vn 0.000000 0.000000 -1.000000
vn 0.000000 0.000000 -1.000000
vn 0.000000 0.000000 -1.000000
vn 0.000000 0.000000 -1.000000
vn 0.000000 0.000000 -1.000000
vn 0.000000 0.000000 -1.000000
vn 0.000000 0.000000 -1.000000
vn 0.000000 0.000000 -1.000000
vn 0.000000 0.000000 -1.000000
vn 0.000000 0.000000 -1.000000
vn 0.000000 0.000000 -1.000000
vn 0.000000 0.000000 -1.000000
vn 0.000000 0.000000 -1.000000
vn 0.000000 0.000000 -1.000000
vn 0.000000 0.000000 -1.000000
vn 0.000000 0.000000 -1.000000
vn 0.000000 0.000000 -1.000000
vn 0.000000 0.000000 -1.000000
vn 0.000000 0.000000 -1.000000
vn 0.000000 0.000000 -1.000000
vn 0.000000 0.000000 -1.000000
vn 0.000000 0.000000 -1.000000
vn 0.000000 0.000000 -1.000000
vn 0.000000 0.000000 -1.000000
vn 0.000000 0.000000 -1.000000
vn 0.000000 0.000000 -1.000000
vn 0.000000 0.000000 -1.000000
vn 0.000000 0.000000 -1.000000
vn 0.000000 0.000000 -1.000000
vn 0.000000 0.000000 -1.000000
vn 0.000000 0.000000 -1.000000
vn 0.000000 0.000000 -1.000000
vn 0.000000 0.000000 -1.000000
vn 0.000000 0.000000 -1.000000
vn 0.000000 0.000000 -1.000000
vn 0.000000 0.000000 -1.000000
vn 0.000000 0.000000 -1.000000
vn 0.000000 0.000000 -1.000000
vn 0.000000 0.000000 -1.000000
vn 0.000000 0.000000 -1.000000
vn 0.000000 0.000000 -1.000000
vn 0.000000 0.000000 -1.000000
vn 0.000000 0.000000 -1.000000
vn 0.000000 0.000000 -1.000000
vn -0.710730 0.703465 0.000000
vn 0.710709 -0.703486 0.000000
vn -0.997454 0.071307 0.000000
vn -0.997636 0.068722 0.000091
vn -0.997742 0.067168 0.000149
vn -0.997828 0.065877 0.000202
vn -0.997926 0.064375 0.000273
vn -0.998049 0.062443 0.000380
vn -0.998191 0.060125 0.000534
vn -0.998449 0.055671 0.000888
vn -0.998815 0.048635 0.001685
vn -0.999188 0.040192 0.003005
vn -0.999442 0.033087 0.004481
vn -0.999596 0.027845 0.005718
vn -0.999726 0.022300 0.007189
vn -0.999826 0.016409 0.008930
vn -0.999661 0.025333 0.006019
vn -0.999954 0.009073 0.002981
vn -0.999993 0.002987 0.002018
vn -0.999995 -0.002961 0.001251
vn -0.999961 -0.008769 0.000675
vn -0.999895 -0.014490 0.000276
vn -0.999799 -0.020067 0.000050
vn -0.999711 -0.024030 0.000000
vn -0.997113 -0.075934 0.000000
vn -0.999079 -0.038571 0.018804
vn -0.998734 -0.048182 0.014441
vn -0.998281 -0.057631 0.010706
vn -0.997808 -0.065700 0.007935
vn -0.997448 -0.071119 0.006307
vn -0.997209 -0.074462 0.005363
vn -0.996965 -0.077719 0.004494
vn -0.996692 -0.081192 0.003612
vn -0.995328 -0.096546 0.000000
vn -0.995082 -0.099042 0.001429
vn -0.631943 -0.775015 0.000000
vn -0.639045 -0.766728 0.061235
vn -0.636676 -0.769802 0.045254
vn -0.624220 -0.781239 -0.003933
vn -0.633879 -0.772729 0.032982
vn -0.629873 -0.776421 0.020746
vn -0.624425 -0.781000 0.011474
vn -0.618920 -0.785450 -0.002422
vn -0.619589 -0.784900 0.006421
vn -0.615411 -0.788198 0.003502
vn -0.611155 -0.791510 0.001329
vn -0.630783 -0.775933 -0.006339
vn -0.636559 -0.771174 -0.009141
vn -0.641070 -0.767394 -0.011678
vn -0.667624 -0.744499 0.000000
vn -0.631941 -0.775013 -0.002417
vn -0.651453 -0.758452 -0.018979
vn -0.646011 -0.763183 -0.014890
vn -0.728303 -0.684924 0.021306
vn -0.733116 -0.680073 0.006520
vn -0.722329 -0.689465 0.053662
vn -0.708696 -0.692029 0.137277
vn -0.684140 -0.684140 0.252794
vn -0.692034 -0.708725 0.137103
vn -0.689458 -0.722339 0.053608
vn -0.684930 -0.728296 0.021343
vn -0.680080 -0.733109 0.006528
vn -0.674311 -0.738447 0.000000
vn -0.775015 -0.631943 0.000000
vn -0.753567 -0.656943 -0.023729
vn -0.758441 -0.651465 -0.018988
vn -0.763177 -0.646017 -0.014894
vn -0.769185 -0.638943 -0.010303
vn -0.775933 -0.630783 -0.006339
vn -0.788198 -0.615411 0.003502
vn -0.791510 -0.611155 0.001329
vn -0.781239 -0.624220 -0.003933
vn -0.785450 -0.618920 -0.002422
vn -0.789834 -0.613320 -0.001112
vn -0.784900 -0.619589 0.006421
vn -0.781000 -0.624425 0.011474
vn -0.776421 -0.629873 0.020746
vn -0.772736 -0.633871 0.032960
vn -0.769812 -0.636668 0.045205
vn -0.774918 -0.631864 0.015804
vn -0.744499 -0.667624 0.000000
vn -0.738447 -0.674311 0.000000
vn -0.674311 -0.738447 0.000000
vn -0.681548 -0.731773 -0.000771
vn -0.688501 -0.725232 -0.002233
vn -0.695695 -0.718323 -0.004557
vn -0.703192 -0.710956 -0.007872
vn -0.707071 -0.707071 -0.010049
vn -0.710954 -0.703195 -0.007873
vn -0.718324 -0.695694 -0.004557
vn -0.725232 -0.688501 -0.002233
vn -0.731762 -0.681560 -0.000772
vn -0.738447 -0.674311 0.000000
vn 0.769697 -0.638409 -0.000117
vn 0.774100 -0.633063 0.000002
vn 0.746586 -0.665256 -0.006613
vn 0.751741 -0.659445 -0.004299
vn 0.764694 -0.644393 -0.000743
vn 0.760760 -0.649032 -0.001494
vn 0.756463 -0.654031 -0.002635
vn 0.740966 -0.671472 -0.009732
vn 0.734827 -0.678114 -0.013818
vn 0.741989 -0.670363 -0.008159
vn 0.725276 -0.688454 -0.002493
vn 0.717949 -0.696095 -0.000825
vn 0.806497 -0.591229 0.003302
vn 0.776534 -0.630075 -0.000005
vn 0.806028 -0.591877 -0.001027
vn 0.797905 -0.602738 -0.007371
vn 0.710732 -0.703463 0.000000
vn 0.720403 -0.693028 0.027051
vn 0.736760 -0.665639 0.118783
vn 0.738569 -0.665786 0.106036
vn 0.745076 -0.663977 0.063214
vn 0.749405 -0.660978 0.038745
vn 0.753006 -0.657585 0.023756
vn 0.756321 -0.654044 0.014314
vn 0.759547 -0.650400 0.008237
vn 0.763951 -0.645268 0.002910
vn 0.769900 -0.638165 0.000317
vn 0.774095 -0.633070 -0.000007
vn 0.806028 -0.591877 0.000248
vn 0.799756 -0.600151 0.014442
vn 0.802518 -0.596557 0.009239
vn 0.638165 -0.769900 0.000317
vn 0.645268 -0.763951 0.002910
vn 0.660983 -0.749399 0.038781
vn 0.650391 -0.759555 0.008227
vn 0.654037 -0.756327 0.014297
vn 0.657591 -0.753000 0.023772
vn 0.663973 -0.745083 0.063176
vn 0.665787 -0.738582 0.105949
vn 0.665639 -0.736760 0.118783
vn 0.693052 -0.720384 0.026962
vn 0.703471 -0.710724 0.000000
vn 0.583128 -0.812370 -0.004094
vn 0.591229 -0.806497 0.003302
vn 0.596557 -0.802518 0.009239
vn 0.591875 -0.806026 0.002522
vn 0.630059 -0.776547 0.000012
vn 0.633070 -0.774095 -0.000007
vn 0.703489 -0.710707 0.000000
vn 0.696095 -0.717950 -0.000825
vn 0.670372 -0.741998 -0.006372
vn 0.685332 -0.727979 -0.019151
vn 0.678125 -0.734816 -0.013825
vn 0.671465 -0.740973 -0.009728
vn 0.665243 -0.746598 -0.006608
vn 0.659447 -0.751739 -0.004300
vn 0.654038 -0.756457 -0.002637
vn 0.646884 -0.762588 -0.001006
vn 0.638409 -0.769697 -0.000117
vn 0.633063 -0.774100 0.000002
vn 0.591877 -0.806028 -0.000093
vn 0.608217 -0.793700 -0.010600
vn 0.602738 -0.797905 -0.007371
vn 0.775015 0.631943 0.000000
vn 0.753567 0.656943 -0.023729
vn 0.758441 0.651465 -0.018987
vn 0.763189 0.646003 -0.014885
vn 0.767394 0.641070 -0.011678
vn 0.771174 0.636559 -0.009141
vn 0.775933 0.630783 -0.006339
vn 0.788198 0.615411 0.003502
vn 0.791510 0.611155 0.001329
vn 0.781239 0.624220 -0.003933
vn 0.785450 0.618920 -0.002422
vn 0.789834 0.613320 -0.001112
vn 0.784900 0.619589 0.006421
vn 0.781000 0.624425 0.011474
vn 0.776421 0.629873 0.020746
vn 0.744499 0.667624 0.000000
vn 0.774918 0.631864 0.015804
vn 0.769811 0.636668 0.045210
vn 0.772734 0.633873 0.032964
vn 0.688515 0.725218 -0.002237
vn 0.681574 0.731749 -0.000773
vn 0.695661 0.718355 -0.004546
vn 0.703170 0.710978 -0.007859
vn 0.707071 0.707071 -0.010049
vn 0.710970 0.703179 -0.007864
vn 0.718342 0.695675 -0.004551
vn 0.725226 0.688507 -0.002235
vn 0.731768 0.681554 -0.000771
vn 0.738447 0.674311 0.000000
vn 0.631943 0.775015 0.000000
vn 0.639045 0.766728 0.061235
vn 0.636676 0.769802 0.045255
vn 0.633878 0.772730 0.032979
vn 0.629873 0.776421 0.020746
vn 0.624425 0.781000 0.011474
vn 0.618920 0.785450 -0.002422
vn 0.619589 0.784900 0.006421
vn 0.615411 0.788198 0.003502
vn 0.611155 0.791510 0.001329
vn 0.624220 0.781239 -0.003933
vn 0.630783 0.775933 -0.006339
vn 0.638943 0.769185 -0.010303
vn 0.646021 0.763174 -0.014896
vn 0.651465 0.758441 -0.018989
vn 0.631941 0.775013 -0.002417
vn 0.667624 0.744499 0.000000
vn 0.674311 0.738447 0.000000
vn 0.738447 0.674311 0.000000
vn 0.733112 0.680076 0.006524
vn 0.728302 0.684925 0.021309
vn 0.722324 0.689468 0.053684
vn 0.708712 0.692032 0.137184
vn 0.684140 0.684140 0.252794
vn 0.692037 0.708741 0.137007
vn 0.689461 0.722334 0.053635
vn 0.684932 0.728294 0.021361
vn 0.680077 0.733112 0.006525
vn 0.674311 0.738447 0.000000
vn -0.703473 0.710722 0.000000
vn -0.696075 0.717969 -0.000830
vn -0.670372 0.741998 -0.006372
vn -0.685337 0.727974 -0.019155
vn -0.678119 0.734822 -0.013821
vn -0.671470 0.740968 -0.009731
vn -0.665242 0.746599 -0.006608
vn -0.659448 0.751738 -0.004300
vn -0.654023 0.756470 -0.002633
vn -0.649032 0.760760 -0.001494
vn -0.644393 0.764694 -0.000743
vn -0.774100 0.633063 0.000002
vn -0.769697 0.638409 -0.000117
vn -0.762588 0.646884 -0.001006
vn -0.756454 0.654041 -0.002638
vn -0.751731 0.659456 -0.004304
vn -0.746615 0.665223 -0.006601
vn -0.740988 0.671448 -0.009718
vn -0.734803 0.678139 -0.013834
vn -0.741989 0.670363 -0.008151
vn -0.725261 0.688470 -0.002489
vn -0.717982 0.696061 -0.000833
vn -0.806497 0.591229 0.003302
vn -0.776534 0.630075 -0.000005
vn -0.806028 0.591877 -0.001027
vn -0.797905 0.602738 -0.007371
vn -0.710740 0.703454 0.000000
vn -0.720392 0.693042 0.026998
vn -0.736760 0.665639 0.118783
vn -0.738566 0.665786 0.106063
vn -0.745078 0.663976 0.063205
vn -0.749404 0.660979 0.038751
vn -0.753006 0.657585 0.023755
vn -0.756321 0.654045 0.014315
vn -0.759549 0.650398 0.008235
vn -0.763951 0.645268 0.002910
vn -0.769900 0.638165 0.000317
vn -0.774095 0.633070 -0.000007
vn -0.806028 0.591877 0.000248
vn -0.799756 0.600151 0.014442
vn -0.802518 0.596557 0.009239
vn -0.638165 0.769900 0.000317
vn -0.645268 0.763951 0.002910
vn -0.660981 0.749400 0.038769
vn -0.650393 0.759553 0.008229
vn -0.654038 0.756326 0.014299
vn -0.657592 0.752999 0.023775
vn -0.663975 0.745080 0.063192
vn -0.665787 0.738580 0.105961
vn -0.665639 0.736760 0.118783
vn -0.693064 0.720374 0.026916
vn -0.703462 0.710733 0.000000
vn -0.638409 0.769697 -0.000117
vn -0.633063 0.774100 0.000002
vn -0.591877 0.806028 -0.000093
vn -0.608217 0.793700 -0.010600
vn -0.602738 0.797905 -0.007371
vn -0.583128 0.812370 -0.004094
vn -0.591229 0.806497 0.003302
vn -0.596557 0.802518 0.009239
vn -0.591875 0.806026 0.002522
vn -0.630059 0.776547 0.000012
vn -0.633070 0.774095 -0.000007
vn 0.793989 0.607932 0.000000
vn 0.834972 0.550292 0.000000
vn 0.834972 0.550292 0.000000
vn 0.886360 0.462998 0.000000
vn 0.886360 0.462998 0.000000
vn 0.928653 0.370949 0.000000
vn 0.928653 0.370949 0.000000
vn 0.961417 0.275096 0.000000
vn 0.961417 0.275096 0.000000
vn 0.984315 0.176420 0.000000
vn 0.984315 0.176420 0.000000
vn 0.997113 0.075934 0.000000
vn 0.997113 0.075934 0.000000
vn 0.999679 -0.025334 0.000000
vn 0.999679 -0.025334 0.000000
vn 0.991987 -0.126338 0.000000
vn 0.991987 -0.126338 0.000000
vn 0.974116 -0.226049 0.000000
vn 0.974116 -0.226049 0.000000
vn 0.946250 -0.323437 0.000000
vn 0.946250 -0.323437 0.000000
vn 0.908673 -0.417509 0.000000
vn 0.908673 -0.417509 0.000000
vn 0.861772 -0.507296 0.000000
vn 0.861772 -0.507296 0.000000
vn 0.809135 -0.587623 0.000000
vn 0.804317 -0.594193 -0.003011
vn -0.588245 0.808683 0.000000
vn -0.507296 0.861772 0.000000
vn -0.507296 0.861772 0.000000
vn -0.417509 0.908673 0.000000
vn -0.417509 0.908673 0.000000
vn -0.323437 0.946250 0.000000
vn -0.323437 0.946250 0.000000
vn -0.226049 0.974116 0.000000
vn -0.226049 0.974116 0.000000
vn -0.126338 0.991987 0.000000
vn -0.126338 0.991987 0.000000
vn -0.025334 0.999679 0.000000
vn -0.025334 0.999679 0.000000
vn 0.075934 0.997113 0.000000
vn 0.075934 0.997113 0.000000
vn 0.176420 0.984315 0.000000
vn 0.176420 0.984315 0.000000
vn 0.275096 0.961417 0.000000
vn 0.275096 0.961417 0.000000
vn 0.370949 0.928653 0.000000
vn 0.370949 0.928653 0.000000
vn 0.462998 0.886360 0.000000
vn 0.462998 0.886360 0.000000
vn 0.550292 0.834972 0.000000
vn 0.550292 0.834972 0.000000
vn 0.607932 0.793989 0.000000
vn 0.613320 0.789834 -0.001112
vn -0.997454 0.071307 0.000000
vn -0.991987 0.126338 0.000000
vn -0.991987 0.126338 0.000000
vn -0.974116 0.226049 0.000000
vn -0.974116 0.226049 0.000000
vn -0.946250 0.323437 0.000000
vn -0.946250 0.323437 0.000000
vn -0.908673 0.417509 0.000000
vn -0.908673 0.417509 0.000000
vn -0.861772 0.507296 0.000000
vn -0.861772 0.507296 0.000000
vn -0.809135 0.587623 0.000000
vn -0.804317 0.594193 -0.003011
vn -0.793989 -0.607932 0.000000
vn -0.834972 -0.550292 0.000000
vn -0.834972 -0.550292 0.000000
vn -0.886360 -0.462998 0.000000
vn -0.886360 -0.462998 0.000000
vn -0.928653 -0.370949 0.000000
vn -0.928653 -0.370949 0.000000
vn -0.961417 -0.275096 0.000000
vn -0.961417 -0.275096 0.000000
vn -0.984315 -0.176420 0.000000
vn -0.984315 -0.176420 0.000000
vn -0.995377 -0.096041 0.000000
vn -0.994332 -0.106185 0.005321
vn 0.588245 -0.808683 0.000000
vn 0.507296 -0.861772 0.000000
vn 0.507296 -0.861772 0.000000
vn 0.417509 -0.908673 0.000000
vn 0.417509 -0.908673 0.000000
vn 0.323437 -0.946250 0.000000
vn 0.323437 -0.946250 0.000000
vn 0.226049 -0.974116 0.000000
vn 0.226049 -0.974116 0.000000
vn 0.126338 -0.991987 0.000000
vn 0.126338 -0.991987 0.000000
vn 0.025334 -0.999679 0.000000
vn 0.025334 -0.999679 0.000000
vn -0.075934 -0.997113 0.000000
vn -0.075934 -0.997113 0.000000
vn -0.176420 -0.984315 0.000000
vn -0.176420 -0.984315 0.000000
vn -0.275096 -0.961417 0.000000
vn -0.275096 -0.961417 0.000000
vn -0.370949 -0.928653 0.000000
vn -0.370949 -0.928653 0.000000
vn -0.462998 -0.886360 0.000000
vn -0.462998 -0.886360 0.000000
vn -0.550292 -0.834972 0.000000
vn -0.550292 -0.834972 0.000000
vn -0.607932 -0.793989 0.000000
vn -0.613320 -0.789834 -0.001112
vn 0.000000 0.000000 1.000000
vn 0.000000 0.000000 1.000000
vn 0.000000 0.000000 1.000000
vn 0.000000 0.000000 1.000000
vn 0.000000 0.000000 1.000000
vn 0.000000 0.000000 1.000000
vn 0.000000 0.000000 1.000000
vn 0.000000 0.000000 1.000000
vn 0.000000 0.000000 1.000000
vn 0.000000 0.000000 1.000000
vn 0.000000 0.000000 1.000000
vn 0.000000 0.000000 1.000000
vn 0.000000 0.000000 1.000000
vn 0.000000 0.000000 1.000000
vn 0.000000 0.000000 1.000000
vn 0.000000 0.000000 1.000000
vn 0.000000 0.000000 1.000000
vn 0.000000 0.000000 1.000000
vn 0.000000 0.000000 1.000000
vn 0.000000 0.000000 1.000000
vn 0.000000 0.000000 1.000000
vn 0.000000 0.000000 1.000000
vn 0.000000 0.000000 1.000000
vn 0.000000 0.000000 1.000000
vn 0.000000 0.000000 1.000000
vn 0.000000 0.000000 1.000000
vn 0.000000 0.000000 1.000000
vn 0.000000 0.000000 1.000000
vn 0.000000 0.000000 1.000000
vn 0.000000 0.000000 1.000000
vn 0.000000 0.000000 1.000000
vn 0.000000 0.000000 1.000000
vn 0.000000 0.000000 1.000000
vn 0.000000 0.000000 1.000000
vn 0.000000 0.000000 1.000000
vn 0.000000 0.000000 1.000000
vn 0.000000 0.000000 1.000000
vn 0.000000 0.000000 1.000000
vn 0.000000 0.000000 1.000000
vn 0.000000 0.000000 1.000000
vn 0.000000 0.000000 1.000000
vn 0.000000 0.000000 1.000000
vn 0.000000 0.000000 1.000000
vn 0.000000 0.000000 1.000000
vn 0.000000 0.000000 1.000000
vn 0.000000 0.000000 1.000000
vn 0.000000 0.000000 1.000000
vn 0.000000 0.000000 1.000000
vn 0.000000 0.000000 1.000000
vn 0.000000 0.000000 1.000000
vn 0.000000 0.000000 1.000000
vn 0.000000 0.000000 1.000000
vn 0.000000 0.000000 1.000000
vn 0.000000 0.000000 1.000000
vn 0.000000 0.000000 1.000000
vn 0.000000 0.000000 1.000000
vn 0.000000 0.000000 1.000000
vn 0.000000 0.000000 1.000000
vn 0.000000 0.000000 1.000000
vn 0.000000 0.000000 1.000000
vn 0.000000 0.000000 1.000000
vn 0.000000 0.000000 1.000000
vn 0.000000 0.000000 1.000000
vn 0.000000 0.000000 1.000000
vn 0.000000 0.000000 1.000000
vn 0.000000 0.000000 1.000000
vn 0.000000 0.000000 1.000000
vn 0.000000 0.000000 1.000000
vn 0.000000 0.000000 1.000000
vn 0.000000 0.000000 1.000000
vn 0.000000 0.000000 1.000000
vn 0.000000 0.000000 1.000000
vn 0.000000 0.000000 1.000000
vn 0.000000 0.000000 1.000000
vn 0.000000 0.000000 1.000000
vn 0.000000 0.000000 1.000000
vn 0.000000 0.000000 1.000000
vn 0.000000 0.000000 1.000000
vn 0.000000 0.000000 1.000000
vn 0.000000 0.000000 1.000000
vn 0.000000 0.000000 1.000000
vn 0.000000 0.000000 1.000000
vn 0.000000 0.000000 1.000000
vn 0.000000 0.000000 1.000000
vn 0.000000 0.000000 1.000000
vn 0.000000 0.000000 1.000000
vn 0.000000 0.000000 1.000000
vn 0.000000 0.000000 1.000000
vn 0.000000 0.000000 1.000000
vn 0.000000 0.000000 1.000000
vn 0.000000 0.000000 1.000000
vn 0.000000 0.000000 1.000000
vn 0.000000 0.000000 1.000000
vn 0.000000 0.000000 1.000000
vn 0.000000 0.000000 1.000000
vn 0.000000 0.000000 1.000000
vn 0.000000 0.000000 1.000000
vn 0.000000 0.000000 1.000000
vn 0.000000 0.000000 1.000000
vn 0.000000 0.000000 1.000000
vn 0.000000 0.000000 1.000000
vn 0.000000 0.000000 1.000000
vn 0.000000 0.000000 1.000000
vn 0.000000 0.000000 1.000000
vn 0.000000 0.000000 1.000000
vn 0.000000 0.000000 1.000000
vn 0.000000 0.000000 1.000000
vn 0.000000 0.000000 1.000000
vn 0.000000 0.000000 1.000000
vn 0.000000 0.000000 1.000000
vn 0.000000 0.000000 1.000000
vn 0.000000 0.000000 1.000000
vn 0.000000 0.000000 1.000000
vn 0.000000 0.000000 1.000000
vn 0.000000 0.000000 1.000000
vn 0.000000 0.000000 1.000000
vn 0.000000 0.000000 1.000000
vn 0.000000 0.000000 1.000000
vn 0.000000 0.000000 1.000000
vn 0.000000 0.000000 1.000000
vn 0.000000 0.000000 1.000000
vn 0.000000 0.000000 1.000000
vn 0.000000 0.000000 1.000000
vn 0.000000 0.000000 1.000000
vn 0.000000 0.000000 1.000000
vn 0.000000 0.000000 1.000000
vn 0.000000 0.000000 1.000000
vn 0.000000 0.000000 1.000000
vn 0.000000 0.000000 1.000000
vn 0.000000 0.000000 1.000000
vn 0.000000 0.000000 1.000000
vn 0.000000 0.000000 1.000000
vn 0.000000 0.000000 1.000000
vn 0.000000 0.000000 1.000000
vn 0.000000 0.000000 1.000000
vn 0.000000 0.000000 1.000000
vn 0.000000 0.000000 1.000000
vn 0.000000 0.000000 1.000000
vn 0.000000 0.000000 1.000000
vn 0.000000 0.000000 1.000000
vn 0.000000 0.000000 1.000000
vn 0.000000 0.000000 1.000000
vn 0.000000 0.000000 1.000000
vn 0.000000 0.000000 1.000000
vn 0.000000 0.000000 1.000000
vn 0.000000 0.000000 1.000000
vn 0.000000 0.000000 1.000000
vn 0.000000 0.000000 1.000000
vn 0.000000 0.000000 1.000000
vn 0.000000 0.000000 1.000000
vn 0.000000 0.000000 1.000000
vn 0.000000 0.000000 1.000000
vn 0.000000 0.000000 1.000000
vn 0.000000 0.000000 1.000000
vn 0.000000 0.000000 1.000000
vn 0.766043 -0.642789 0.000000
vn 0.766043 -0.642789 0.000000
vn 0.866026 -0.499999 0.000000
vn 0.866026 -0.499999 0.000000
vn 0.939693 -0.342020 0.000000
vn 0.939693 -0.342020 0.000000
vn 0.984808 -0.173648 0.000000
vn 0.984808 -0.173648 0.000000
vn 1.000000 0.000000 0.000000
vn 1.000000 0.000000 0.000000
vn 0.984808 0.173648 0.000000
vn 0.984808 0.173648 0.000000
vn 0.939693 0.342020 0.000000
vn 0.939693 0.342020 0.000000
vn 0.866026 0.499999 0.000000
vn 0.866026 0.499999 0.000000
vn 0.766043 0.642789 0.000000
vn 0.766043 0.642789 0.000000
vn 0.642789 0.766043 0.000000
vn 0.642789 0.766043 0.000000
vn 0.500001 0.866025 0.000000
vn 0.500001 0.866025 0.000000
vn 0.342019 0.939693 0.000000
vn 0.342019 0.939693 0.000000
vn 0.173649 0.984808 0.000000
vn 0.173649 0.984808 0.000000
vn 0.000000 1.000000 0.000000
vn 0.000000 1.000000 0.000000
vn -0.173649 0.984808 0.000000
vn -0.173649 0.984808 0.000000
vn -0.342019 0.939693 0.000000
vn -0.342019 0.939693 0.000000
vn -0.500001 0.866025 0.000000
vn -0.500001 0.866025 0.000000
vn -0.642789 0.766044 0.000000
vn -0.642789 0.766044 0.000000
vn -0.766043 0.642789 0.000000
vn -0.766043 0.642789 0.000000
vn -0.866027 0.499997 0.000000
vn -0.866027 0.499997 0.000000
vn -0.939692 0.342021 0.000000
vn -0.939692 0.342021 0.000000
vn -0.984808 0.173650 0.000000
vn -0.984808 0.173650 0.000000
vn -1.000000 0.000000 0.000000
vn -1.000000 0.000000 0.000000
vn -0.984808 -0.173650 0.000000
vn -0.984808 -0.173650 0.000000
vn -0.939692 -0.342021 0.000000
vn -0.939692 -0.342021 0.000000
vn -0.866027 -0.499997 0.000000
vn -0.866027 -0.499997 0.000000
vn -0.766043 -0.642789 0.000000
vn -0.766043 -0.642789 0.000000
vn -0.642787 -0.766045 0.000000
vn -0.642787 -0.766045 0.000000
vn -0.500003 -0.866023 0.000000
vn -0.500003 -0.866023 0.000000
vn -0.342016 -0.939694 0.000000
vn -0.342016 -0.939694 0.000000
vn -0.173649 -0.984808 0.000000
vn -0.173649 -0.984808 0.000000
vn 0.000000 -1.000000 0.000000
vn 0.000000 -1.000000 0.000000
vn 0.173649 -0.984808 0.000000
vn 0.173649 -0.984808 0.000000
vn 0.342016 -0.939694 0.000000
vn 0.342016 -0.939694 0.000000
vn 0.500003 -0.866023 0.000000
vn 0.500003 -0.866023 0.000000
vn 0.642787 -0.766045 0.000000
vn 0.642787 -0.766045 0.000000
vn 0.613539 -0.354226 0.705757
vn 0.613538 -0.354228 0.705758
vn 0.665728 -0.242305 0.705758
vn 0.665729 -0.242305 0.705758
vn 0.697690 -0.123022 0.705758
vn 0.697690 -0.123022 0.705758
vn 0.708453 0.000000 0.705758
vn 0.708453 0.000000 0.705758
vn 0.697690 0.123022 0.705758
vn 0.697690 0.123022 0.705758
vn 0.665728 0.242305 0.705758
vn 0.665728 0.242306 0.705758
vn 0.613539 0.354226 0.705758
vn 0.613539 0.354226 0.705758
vn 0.542706 0.455386 0.705757
vn 0.542707 0.455385 0.705758
vn 0.455386 0.542706 0.705758
vn 0.455386 0.542706 0.705758
vn 0.354227 0.613538 0.705758
vn 0.354225 0.613540 0.705757
vn 0.242304 0.665729 0.705757
vn 0.242307 0.665728 0.705758
vn 0.123022 0.697690 0.705758
vn 0.123020 0.697691 0.705757
vn 0.000000 0.708453 0.705757
vn 0.000000 0.708454 0.705757
vn -0.123022 0.697690 0.705757
vn -0.123020 0.697691 0.705758
vn -0.242305 0.665729 0.705758
vn -0.242307 0.665728 0.705757
vn -0.354227 0.613538 0.705757
vn -0.354225 0.613539 0.705758
vn -0.455386 0.542706 0.705758
vn -0.455386 0.542706 0.705758
vn -0.542706 0.455386 0.705758
vn -0.542706 0.455386 0.705758
vn -0.613540 0.354225 0.705758
vn -0.613539 0.354226 0.705758
vn -0.665728 0.242306 0.705758
vn -0.665728 0.242306 0.705758
vn -0.697690 0.123023 0.705758
vn -0.697690 0.123022 0.705758
vn -0.708453 0.000000 0.705758
vn -0.708453 0.000000 0.705758
vn -0.697690 -0.123023 0.705758
vn -0.697690 -0.123022 0.705758
vn -0.665728 -0.242306 0.705758
vn -0.665729 -0.242304 0.705758
vn -0.613540 -0.354224 0.705758
vn -0.613538 -0.354227 0.705758
vn -0.542706 -0.455387 0.705757
vn -0.542706 -0.455386 0.705757
vn -0.455385 -0.542707 0.705757
vn -0.455385 -0.542707 0.705758
vn -0.354229 -0.613537 0.705758
vn -0.354228 -0.613538 0.705758
vn -0.242303 -0.665730 0.705757
vn -0.242305 -0.665729 0.705758
vn -0.123022 -0.697690 0.705758
vn -0.123023 -0.697690 0.705758
vn 0.000000 -0.708453 0.705758
vn 0.000000 -0.708453 0.705758
vn 0.123022 -0.697690 0.705758
vn 0.123023 -0.697690 0.705758
vn 0.242302 -0.665729 0.705758
vn 0.242305 -0.665729 0.705757
vn 0.354229 -0.613537 0.705757
vn 0.354227 -0.613538 0.705758
vn 0.455385 -0.542707 0.705758
vn 0.455385 -0.542707 0.705758
vn 0.542706 -0.455386 0.705758
vn 0.542707 -0.455385 0.705757
vn 0.766045 -0.642787 0.000000
vn 0.766045 -0.642787 0.000000
vn 0.866023 -0.500003 0.000000
vn 0.866023 -0.500003 0.000000
vn 0.939694 -0.342016 0.000000
vn 0.939694 -0.342016 0.000000
vn 0.984808 -0.173649 0.000000
vn 0.984808 -0.173649 0.000000
vn 1.000000 0.000000 0.000000
vn 1.000000 0.000000 0.000000
vn 0.984808 0.173649 0.000000
vn 0.984808 0.173649 0.000000
vn 0.939694 0.342016 0.000000
vn 0.939694 0.342016 0.000000
vn 0.866023 0.500003 0.000000
vn 0.866023 0.500003 0.000000
vn 0.766045 0.642787 0.000000
vn 0.766045 0.642787 0.000000
vn 0.642789 0.766043 0.000000
vn 0.642789 0.766043 0.000000
vn 0.499997 0.866027 0.000000
vn 0.499997 0.866027 0.000000
vn 0.342021 0.939692 0.000000
vn 0.342021 0.939692 0.000000
vn 0.173650 0.984808 0.000000
vn 0.173650 0.984808 0.000000
vn 0.000000 1.000000 0.000000
vn 0.000000 1.000000 0.000000
vn -0.173650 0.984808 0.000000
vn -0.173650 0.984808 0.000000
vn -0.342021 0.939692 0.000000
vn -0.342021 0.939692 0.000000
vn -0.499997 0.866027 0.000000
vn -0.499997 0.866027 0.000000
vn -0.642789 0.766043 0.000000
vn -0.642789 0.766043 0.000000
vn -0.766044 0.642789 0.000000
vn -0.766044 0.642789 0.000000
vn -0.866025 0.500001 0.000000
vn -0.866025 0.500001 0.000000
vn -0.939693 0.342019 0.000000
vn -0.939693 0.342019 0.000000
vn -0.984808 0.173649 0.000000
vn -0.984808 0.173649 0.000000
vn -1.000000 0.000000 0.000000
vn -1.000000 0.000000 0.000000
vn -0.984808 -0.173649 0.000000
vn -0.984808 -0.173649 0.000000
vn -0.939693 -0.342019 0.000000
vn -0.939693 -0.342019 0.000000
vn -0.866025 -0.500001 0.000000
vn -0.866025 -0.500001 0.000000
vn -0.766043 -0.642789 0.000000
vn -0.766043 -0.642789 0.000000
vn -0.642789 -0.766043 0.000000
vn -0.642789 -0.766043 0.000000
vn -0.499999 -0.866026 0.000000
vn -0.499999 -0.866026 0.000000
vn -0.342020 -0.939693 0.000000
vn -0.342020 -0.939693 0.000000
vn -0.173648 -0.984808 0.000000
vn -0.173648 -0.984808 0.000000
vn 0.000000 -1.000000 0.000000
vn 0.000000 -1.000000 0.000000
vn 0.173648 -0.984808 0.000000
vn 0.173648 -0.984808 0.000000
vn 0.342020 -0.939693 0.000000
vn 0.342020 -0.939693 0.000000
vn 0.499999 -0.866026 0.000000
vn 0.499999 -0.866026 0.000000
vn 0.642789 -0.766043 0.000000
vn 0.642789 -0.766043 0.000000
vn 0.613537 -0.354229 0.705758
vn 0.613538 -0.354228 0.705757
vn 0.665730 -0.242302 0.705757
vn 0.665728 -0.242305 0.705758
vn 0.697690 -0.123022 0.705758
vn 0.697690 -0.123023 0.705758
vn 0.708453 0.000000 0.705758
vn 0.708453 0.000000 0.705758
vn 0.697690 0.123022 0.705758
vn 0.697690 0.123023 0.705758
vn 0.665729 0.242303 0.705758
vn 0.665729 0.242305 0.705758
vn 0.613537 0.354229 0.705757
vn 0.613538 0.354228 0.705758
vn 0.542707 0.455385 0.705758
vn 0.542707 0.455385 0.705757
vn 0.455386 0.542706 0.705758
vn 0.455386 0.542707 0.705757
vn 0.354225 0.613540 0.705757
vn 0.354227 0.613538 0.705758
vn 0.242306 0.665728 0.705758
vn 0.242304 0.665729 0.705758
vn 0.123023 0.697690 0.705758
vn 0.123022 0.697690 0.705758
vn 0.000000 0.708453 0.705758
vn 0.000000 0.708453 0.705758
vn -0.123023 0.697690 0.705758
vn -0.123022 0.697690 0.705758
vn -0.242306 0.665728 0.705758
vn -0.242305 0.665728 0.705758
vn -0.354225 0.613540 0.705758
vn -0.354226 0.613539 0.705758
vn -0.455386 0.542706 0.705757
vn -0.455386 0.542706 0.705758
vn -0.542706 0.455386 0.705758
vn -0.542706 0.455386 0.705758
vn -0.613538 0.354227 0.705758
vn -0.613540 0.354225 0.705757
vn -0.665729 0.242305 0.705757
vn -0.665728 0.242307 0.705758
vn -0.697690 0.123022 0.705758
vn -0.697691 0.123020 0.705757
vn -0.708453 0.000000 0.705757
vn -0.708454 0.000000 0.705757
vn -0.697690 -0.123023 0.705757
vn -0.697691 -0.123020 0.705758
vn -0.665729 -0.242304 0.705758
vn -0.665728 -0.242307 0.705757
vn -0.613539 -0.354227 0.705757
vn -0.613540 -0.354225 0.705758
vn -0.542706 -0.455386 0.705758
vn -0.542706 -0.455386 0.705758
vn -0.455386 -0.542706 0.705758
vn -0.455385 -0.542707 0.705758
vn -0.354226 -0.613539 0.705758
vn -0.354226 -0.613539 0.705758
vn -0.242305 -0.665728 0.705758
vn -0.242306 -0.665728 0.705758
vn -0.123022 -0.697690 0.705758
vn -0.123022 -0.697690 0.705758
vn 0.000000 -0.708453 0.705758
vn 0.000000 -0.708453 0.705758
vn 0.123022 -0.697690 0.705758
vn 0.123022 -0.697690 0.705758
vn 0.242305 -0.665728 0.705758
vn 0.242305 -0.665729 0.705758
vn 0.354226 -0.613539 0.705758
vn 0.354228 -0.613538 0.705758
vn 0.455387 -0.542706 0.705757
vn 0.455385 -0.542707 0.705758
vn 0.542707 -0.455385 0.705758
vn 0.542707 -0.455385 0.705758
vn 0.766042 -0.642791 0.000000
vn 0.766042 -0.642791 0.000000
vn 0.866027 -0.499997 0.000000
vn 0.866027 -0.499997 0.000000
vn 0.939692 -0.342022 0.000000
vn 0.939692 -0.342022 0.000000
vn 0.984808 -0.173646 0.000000
vn 0.984808 -0.173646 0.000000
vn 1.000000 0.000000 0.000000
vn 1.000000 0.000000 0.000000
vn 0.984808 0.173646 0.000000
vn 0.984808 0.173646 0.000000
vn 0.939691 0.342023 0.000000
vn 0.939691 0.342023 0.000000
vn 0.866027 0.499997 0.000000
vn 0.866027 0.499997 0.000000
vn 0.766043 0.642790 0.000000
vn 0.766043 0.642790 0.000000
vn 0.642790 0.766043 0.000000
vn 0.642790 0.766043 0.000000
vn 0.499997 0.866027 0.000000
vn 0.499997 0.866027 0.000000
vn 0.342023 0.939691 0.000000
vn 0.342023 0.939691 0.000000
vn 0.173646 0.984808 0.000000
vn 0.173646 0.984808 0.000000
vn 0.000000 1.000000 0.000000
vn 0.000000 1.000000 0.000000
vn -0.173646 0.984808 0.000000
vn -0.173646 0.984808 0.000000
vn -0.342022 0.939692 0.000000
vn -0.342022 0.939692 0.000000
vn -0.499997 0.866027 0.000000
vn -0.499997 0.866027 0.000000
vn -0.642791 0.766042 0.000000
vn -0.642791 0.766042 0.000000
vn -0.766043 0.642790 0.000000
vn -0.766043 0.642790 0.000000
vn -0.866026 0.500000 0.000000
vn -0.866026 0.500000 0.000000
vn -0.939693 0.342018 0.000000
vn -0.939693 0.342018 0.000000
vn -0.984808 0.173649 0.000000
vn -0.984808 0.173649 0.000000
vn -1.000000 0.000000 0.000000
vn -1.000000 0.000000 0.000000
vn -0.984808 -0.173649 0.000000
vn -0.984808 -0.173649 0.000000
vn -0.939694 -0.342017 0.000000
vn -0.939694 -0.342017 0.000000
vn -0.866026 -0.500000 0.000000
vn -0.866026 -0.500000 0.000000
vn -0.766042 -0.642791 0.000000
vn -0.766042 -0.642791 0.000000
vn -0.642791 -0.766042 0.000000
vn -0.642791 -0.766042 0.000000
vn -0.500000 -0.866026 0.000000
vn -0.500000 -0.866026 0.000000
vn -0.342017 -0.939694 0.000000
vn -0.342017 -0.939694 0.000000
vn -0.173649 -0.984808 0.000000
vn -0.173649 -0.984808 0.000000
vn 0.000000 -1.000000 0.000000
vn 0.000000 -1.000000 0.000000
vn 0.173649 -0.984808 0.000000
vn 0.173649 -0.984808 0.000000
vn 0.342018 -0.939693 0.000000
vn 0.342018 -0.939693 0.000000
vn 0.500000 -0.866026 0.000000
vn 0.500000 -0.866026 0.000000
vn 0.642790 -0.766043 0.000000
vn 0.642790 -0.766043 0.000000
vn 0.613540 -0.354225 0.705757
vn 0.613539 -0.354226 0.705758
vn 0.665728 -0.242307 0.705758
vn 0.665728 -0.242306 0.705757
vn 0.697691 -0.123020 0.705757
vn 0.697690 -0.123021 0.705758
vn 0.708453 0.000000 0.705758
vn 0.708453 0.000000 0.705758
vn 0.697691 0.123020 0.705758
vn 0.697691 0.123021 0.705757
vn 0.665728 0.242308 0.705757
vn 0.665728 0.242305 0.705758
vn 0.613540 0.354225 0.705758
vn 0.613539 0.354227 0.705757
vn 0.542706 0.455386 0.705757
vn 0.542706 0.455386 0.705758
vn 0.455386 0.542706 0.705758
vn 0.455386 0.542707 0.705758
vn 0.354225 0.613540 0.705757
vn 0.354226 0.613539 0.705758
vn 0.242308 0.665728 0.705758
vn 0.242305 0.665729 0.705757
vn 0.123020 0.697691 0.705757
vn 0.123021 0.697690 0.705758
vn 0.000000 0.708453 0.705757
vn 0.000000 0.708453 0.705758
vn -0.123020 0.697691 0.705758
vn -0.123021 0.697691 0.705757
vn -0.242307 0.665728 0.705757
vn -0.242306 0.665728 0.705758
vn -0.354225 0.613540 0.705758
vn -0.354226 0.613540 0.705757
vn -0.455388 0.542705 0.705757
vn -0.455385 0.542706 0.705758
vn -0.542706 0.455386 0.705758
vn -0.542707 0.455385 0.705757
vn -0.613539 0.354226 0.705757
vn -0.613538 0.354228 0.705758
vn -0.665729 0.242304 0.705758
vn -0.665729 0.242305 0.705758
vn -0.697690 0.123022 0.705758
vn -0.697690 0.123023 0.705758
vn -0.708453 0.000000 0.705758
vn -0.708453 0.000000 0.705758
vn -0.697690 -0.123022 0.705758
vn -0.697690 -0.123023 0.705758
vn -0.665729 -0.242303 0.705758
vn -0.665728 -0.242306 0.705757
vn -0.613539 -0.354226 0.705757
vn -0.613539 -0.354227 0.705757
vn -0.542705 -0.455388 0.705757
vn -0.542707 -0.455384 0.705758
vn -0.455387 -0.542705 0.705758
vn -0.455385 -0.542707 0.705757
vn -0.354226 -0.613539 0.705757
vn -0.354227 -0.613539 0.705757
vn -0.242303 -0.665729 0.705757
vn -0.242305 -0.665728 0.705758
vn -0.123022 -0.697690 0.705758
vn -0.123023 -0.697690 0.705758
vn 0.000000 -0.708453 0.705758
vn 0.000000 -0.708453 0.705758
vn 0.123022 -0.697690 0.705758
vn 0.123023 -0.697690 0.705758
vn 0.242304 -0.665729 0.705758
vn 0.242305 -0.665729 0.705758
vn 0.354226 -0.613539 0.705758
vn 0.354228 -0.613538 0.705757
vn 0.455387 -0.542706 0.705757
vn 0.455385 -0.542707 0.705758
vn 0.542705 -0.455387 0.705758
vn 0.542707 -0.455386 0.705758
vn 0.766043 -0.642789 0.000000
vn 0.766043 -0.642789 0.000000
vn 0.866027 -0.499997 0.000000
vn 0.866027 -0.499997 0.000000
vn 0.939692 -0.342021 0.000000
vn 0.939692 -0.342021 0.000000
vn 0.984808 -0.173650 0.000000
vn 0.984808 -0.173650 0.000000
vn 1.000000 0.000000 0.000000
vn 1.000000 0.000000 0.000000
vn 0.984808 0.173650 0.000000
vn 0.984808 0.173650 0.000000
vn 0.939692 0.342021 0.000000
vn 0.939692 0.342021 0.000000
vn 0.866027 0.499997 0.000000
vn 0.866027 0.499997 0.000000
vn 0.766043 0.642789 0.000000
vn 0.766043 0.642789 0.000000
vn 0.642787 0.766045 0.000000
vn 0.642787 0.766045 0.000000
vn 0.500003 0.866023 0.000000
vn 0.500003 0.866023 0.000000
vn 0.342016 0.939694 0.000000
vn 0.342016 0.939694 0.000000
vn 0.173649 0.984808 0.000000
vn 0.173649 0.984808 0.000000
vn 0.000000 1.000000 0.000000
vn 0.000000 1.000000 0.000000
vn -0.173649 0.984808 0.000000
vn -0.173649 0.984808 0.000000
vn -0.342016 0.939694 0.000000
vn -0.342016 0.939694 0.000000
vn -0.500003 0.866023 0.000000
vn -0.500003 0.866023 0.000000
vn -0.642787 0.766045 0.000000
vn -0.642787 0.766045 0.000000
vn -0.766043 0.642789 0.000000
vn -0.766043 0.642789 0.000000
vn -0.866026 0.499999 0.000000
vn -0.866026 0.499999 0.000000
vn -0.939693 0.342020 0.000000
vn -0.939693 0.342020 0.000000
vn -0.984808 0.173648 0.000000
vn -0.984808 0.173648 0.000000
vn -1.000000 0.000000 0.000000
vn -1.000000 0.000000 0.000000
vn -0.984808 -0.173648 0.000000
vn -0.984808 -0.173648 0.000000
vn -0.939693 -0.342020 0.000000
vn -0.939693 -0.342020 0.000000
vn -0.866026 -0.499999 0.000000
vn -0.866026 -0.499999 0.000000
vn -0.766043 -0.642789 0.000000
vn -0.766043 -0.642789 0.000000
vn -0.642789 -0.766043 0.000000
vn -0.642789 -0.766043 0.000000
vn -0.500001 -0.866025 0.000000
vn -0.500001 -0.866025 0.000000
vn -0.342019 -0.939693 0.000000
vn -0.342019 -0.939693 0.000000
vn -0.173649 -0.984808 0.000000
vn -0.173649 -0.984808 0.000000
vn 0.000000 -1.000000 0.000000
vn 0.000000 -1.000000 0.000000
vn 0.173649 -0.984808 0.000000
vn 0.173649 -0.984808 0.000000
vn 0.342019 -0.939693 0.000000
vn 0.342019 -0.939693 0.000000
vn 0.500001 -0.866025 0.000000
vn 0.500001 -0.866025 0.000000
vn 0.642789 -0.766044 0.000000
vn 0.642789 -0.766044 0.000000
vn 0.613540 -0.354225 0.705758
vn 0.613539 -0.354226 0.705758
vn 0.665728 -0.242306 0.705758
vn 0.665728 -0.242306 0.705758
vn 0.697690 -0.123023 0.705758
vn 0.697690 -0.123022 0.705758
vn 0.708453 0.000000 0.705758
vn 0.708453 0.000000 0.705758
vn 0.697690 0.123023 0.705758
vn 0.697690 0.123022 0.705758
vn 0.665728 0.242306 0.705758
vn 0.665729 0.242304 0.705758
vn 0.613540 0.354224 0.705758
vn 0.613538 0.354227 0.705758
vn 0.542706 0.455387 0.705757
vn 0.542706 0.455386 0.705757
vn 0.455385 0.542707 0.705757
vn 0.455385 0.542707 0.705758
vn 0.354229 0.613537 0.705758
vn 0.354228 0.613538 0.705758
vn 0.242303 0.665730 0.705757
vn 0.242305 0.665729 0.705758
vn 0.123022 0.697690 0.705758
vn 0.123023 0.697690 0.705758
vn 0.000000 0.708453 0.705758
vn 0.000000 0.708453 0.705758
vn -0.123022 0.697690 0.705758
vn -0.123023 0.697690 0.705758
vn -0.242302 0.665729 0.705758
vn -0.242305 0.665729 0.705757
vn -0.354229 0.613537 0.705757
vn -0.354227 0.613538 0.705758
vn -0.455385 0.542707 0.705758
vn -0.455385 0.542707 0.705758
vn -0.542706 0.455386 0.705758
vn -0.542707 0.455385 0.705757
vn -0.613539 0.354226 0.705757
vn -0.613538 0.354228 0.705758
vn -0.665728 0.242305 0.705758
vn -0.665729 0.242305 0.705758
vn -0.697690 0.123022 0.705758
vn -0.697690 0.123022 0.705758
vn -0.708453 0.000000 0.705758
vn -0.708453 0.000000 0.705758
vn -0.697690 -0.123022 0.705758
vn -0.697690 -0.123022 0.705758
vn -0.665728 -0.242305 0.705758
vn -0.665728 -0.242306 0.705758
vn -0.613539 -0.354226 0.705758
vn -0.613539 -0.354226 0.705758
vn -0.542706 -0.455386 0.705757
vn -0.542707 -0.455385 0.705758
vn -0.455386 -0.542706 0.705758
vn -0.455386 -0.542706 0.705758
vn -0.354227 -0.613538 0.705758
vn -0.354225 -0.613540 0.705757
vn -0.242304 -0.665729 0.705757
vn -0.242307 -0.665728 0.705758
vn -0.123022 -0.697690 0.705758
vn -0.123020 -0.697691 0.705757
vn 0.000000 -0.708453 0.705757
vn 0.000000 -0.708454 0.705757
vn 0.123022 -0.697690 0.705757
vn 0.123020 -0.697691 0.705758
vn 0.242305 -0.665729 0.705758
vn 0.242307 -0.665728 0.705757
vn 0.354227 -0.613538 0.705757
vn 0.354225 -0.613539 0.705758
vn 0.455386 -0.542706 0.705758
vn 0.455386 -0.542706 0.705758
vn 0.542706 -0.455386 0.705758
vn 0.542706 -0.455386 0.705758
vn 0.766044 -0.642789 0.000000
vn 0.766044 -0.642789 0.000000
vn 0.866025 -0.500001 0.000000
vn 0.866025 -0.500001 0.000000
vn 0.939693 -0.342019 0.000000
vn 0.939693 -0.342019 0.000000
vn 0.984808 -0.173649 0.000000
vn 0.984808 -0.173649 0.000000
vn 1.000000 0.000000 0.000000
vn 1.000000 0.000000 0.000000
vn 0.984808 0.173649 0.000000
vn 0.984808 0.173649 0.000000
vn 0.939693 0.342019 0.000000
vn 0.939693 0.342019 0.000000
vn 0.866025 0.500001 0.000000
vn 0.866025 0.500001 0.000000
vn 0.766043 0.642789 0.000000
vn 0.766043 0.642789 0.000000
vn 0.642789 0.766043 0.000000
vn 0.642789 0.766043 0.000000
vn 0.499999 0.866026 0.000000
vn 0.499999 0.866026 0.000000
vn 0.342020 0.939693 0.000000
vn 0.342020 0.939693 0.000000
vn 0.173648 0.984808 0.000000
vn 0.173648 0.984808 0.000000
vn 0.000000 1.000000 0.000000
vn 0.000000 1.000000 0.000000
vn -0.173648 0.984808 0.000000
vn -0.173648 0.984808 0.000000
vn -0.342020 0.939693 0.000000
vn -0.342020 0.939693 0.000000
vn -0.499999 0.866026 0.000000
vn -0.499999 0.866026 0.000000
vn -0.642789 0.766043 0.000000
vn -0.642789 0.766043 0.000000
vn -0.766045 0.642787 0.000000
vn -0.766045 0.642787 0.000000
vn -0.866023 0.500003 0.000000
vn -0.866023 0.500003 0.000000
vn -0.939694 0.342016 0.000000
vn -0.939694 0.342016 0.000000
vn -0.984808 0.173649 0.000000
vn -0.984808 0.173649 0.000000
vn -1.000000 0.000000 0.000000
vn -1.000000 0.000000 0.000000
vn -0.984808 -0.173649 0.000000
vn -0.984808 -0.173649 0.000000
vn -0.939694 -0.342016 0.000000
vn -0.939694 -0.342016 0.000000
vn -0.866023 -0.500003 0.000000
vn -0.866023 -0.500003 0.000000
vn -0.766045 -0.642787 0.000000
vn -0.766045 -0.642787 0.000000
vn -0.642789 -0.766043 0.000000
vn -0.642789 -0.766043 0.000000
vn -0.499997 -0.866027 0.000000
vn -0.499997 -0.866027 0.000000
vn -0.342021 -0.939692 0.000000
vn -0.342021 -0.939692 0.000000
vn -0.173650 -0.984808 0.000000
vn -0.173650 -0.984808 0.000000
vn 0.000000 -1.000000 0.000000
vn 0.000000 -1.000000 0.000000
vn 0.173650 -0.984808 0.000000
vn 0.173650 -0.984808 0.000000
vn 0.342021 -0.939692 0.000000
vn 0.342021 -0.939692 0.000000
vn 0.499997 -0.866027 0.000000
vn 0.499997 -0.866027 0.000000
vn 0.642789 -0.766043 0.000000
vn 0.642789 -0.766043 0.000000
vn 0.613538 -0.354227 0.705758
vn 0.613540 -0.354225 0.705757
vn 0.665729 -0.242305 0.705757
vn 0.665728 -0.242307 0.705758
vn 0.697690 -0.123022 0.705758
vn 0.697691 -0.123020 0.705757
vn 0.708453 0.000000 0.705757
vn 0.708454 0.000000 0.705757
vn 0.697690 0.123023 0.705757
vn 0.697691 0.123020 0.705758
vn 0.665729 0.242304 0.705758
vn 0.665728 0.242307 0.705757
vn 0.613539 0.354227 0.705757
vn 0.613540 0.354225 0.705758
vn 0.542706 0.455386 0.705758
vn 0.542706 0.455386 0.705758
vn 0.455386 0.542706 0.705758
vn 0.455385 0.542707 0.705758
vn 0.354226 0.613539 0.705758
vn 0.354226 0.613539 0.705758
vn 0.242305 0.665728 0.705758
vn 0.242306 0.665728 0.705758
vn 0.123022 0.697690 0.705758
vn 0.123022 0.697690 0.705758
vn 0.000000 0.708453 0.705758
vn 0.000000 0.708453 0.705758
vn -0.123022 0.697690 0.705758
vn -0.123022 0.697690 0.705758
vn -0.242305 0.665728 0.705758
vn -0.242305 0.665729 0.705758
vn -0.354226 0.613539 0.705758
vn -0.354228 0.613538 0.705758
vn -0.455387 0.542706 0.705757
vn -0.455385 0.542707 0.705758
vn -0.542707 0.455385 0.705758
vn -0.542707 0.455385 0.705758
vn -0.613537 0.354229 0.705758
vn -0.613538 0.354228 0.705757
vn -0.665730 0.242302 0.705757
vn -0.665728 0.242305 0.705758
vn -0.697690 0.123022 0.705758
vn -0.697690 0.123023 0.705758
vn -0.708453 0.000000 0.705758
vn -0.708453 0.000000 0.705758
vn -0.697690 -0.123022 0.705758
vn -0.697690 -0.123023 0.705758
vn -0.665729 -0.242303 0.705758
vn -0.665729 -0.242305 0.705758
vn -0.613537 -0.354229 0.705757
vn -0.613538 -0.354228 0.705758
vn -0.542707 -0.455385 0.705758
vn -0.542707 -0.455385 0.705757
vn -0.455386 -0.542706 0.705758
vn -0.455386 -0.542707 0.705757
vn -0.354225 -0.613540 0.705757
vn -0.354227 -0.613538 0.705758
vn -0.242306 -0.665728 0.705758
vn -0.242304 -0.665729 0.705758
vn -0.123023 -0.697690 0.705758
vn -0.123022 -0.697690 0.705758
vn 0.000000 -0.708453 0.705758
vn 0.000000 -0.708453 0.705758
vn 0.123023 -0.697690 0.705758
vn 0.123022 -0.697690 0.705758
vn 0.242306 -0.665728 0.705758
vn 0.242305 -0.665728 0.705758
vn 0.354225 -0.613540 0.705758
vn 0.354226 -0.613539 0.705758
vn 0.455386 -0.542706 0.705757
vn 0.455386 -0.542706 0.705758
vn 0.542706 -0.455386 0.705758
vn 0.542706 -0.455386 0.705758
vn 0.766043 -0.642790 0.000000
vn 0.766043 -0.642790 0.000000
vn 0.866026 -0.500000 0.000000
vn 0.866026 -0.500000 0.000000
vn 0.939693 -0.342018 0.000000
vn 0.939693 -0.342018 0.000000
vn 0.984808 -0.173649 0.000000
vn 0.984808 -0.173649 0.000000
vn 1.000000 0.000000 0.000000
vn 1.000000 0.000000 0.000000
vn 0.984808 0.173649 0.000000
vn 0.984808 0.173649 0.000000
vn 0.939694 0.342017 0.000000
vn 0.939694 0.342017 0.000000
vn 0.866026 0.500000 0.000000
vn 0.866026 0.500000 0.000000
vn 0.766042 0.642791 0.000000
vn 0.766042 0.642791 0.000000
vn 0.642791 0.766042 0.000000
vn 0.642791 0.766042 0.000000
vn 0.500000 0.866026 0.000000
vn 0.500000 0.866026 0.000000
vn 0.342017 0.939694 0.000000
vn 0.342017 0.939694 0.000000
vn 0.173649 0.984808 0.000000
vn 0.173649 0.984808 0.000000
vn 0.000000 1.000000 0.000000
vn 0.000000 1.000000 0.000000
vn -0.173649 0.984808 0.000000
vn -0.173649 0.984808 0.000000
vn -0.342018 0.939693 0.000000
vn -0.342018 0.939693 0.000000
vn -0.500000 0.866026 0.000000
vn -0.500000 0.866026 0.000000
vn -0.642790 0.766043 0.000000
vn -0.642790 0.766043 0.000000
vn -0.766042 0.642791 0.000000
vn -0.766042 0.642791 0.000000
vn -0.866027 0.499997 0.000000
vn -0.866027 0.499997 0.000000
vn -0.939692 0.342022 0.000000
vn -0.939692 0.342022 0.000000
vn -0.984808 0.173646 0.000000
vn -0.984808 0.173646 0.000000
vn -1.000000 0.000000 0.000000
vn -1.000000 0.000000 0.000000
vn -0.984808 -0.173646 0.000000
vn -0.984808 -0.173646 0.000000
vn -0.939691 -0.342023 0.000000
vn -0.939691 -0.342023 0.000000
vn -0.866027 -0.499997 0.000000
vn -0.866027 -0.499997 0.000000
vn -0.766043 -0.642790 0.000000
vn -0.766043 -0.642790 0.000000
vn -0.642790 -0.766043 0.000000
vn -0.642790 -0.766043 0.000000
vn -0.499997 -0.866027 0.000000
vn -0.499997 -0.866027 0.000000
vn -0.342023 -0.939691 0.000000
vn -0.342023 -0.939691 0.000000
vn -0.173646 -0.984808 0.000000
vn -0.173646 -0.984808 0.000000
vn 0.000000 -1.000000 0.000000
vn 0.000000 -1.000000 0.000000
vn 0.173646 -0.984808 0.000000
vn 0.173646 -0.984808 0.000000
vn 0.342022 -0.939692 0.000000
vn 0.342022 -0.939692 0.000000
vn 0.499997 -0.866027 0.000000
vn 0.499997 -0.866027 0.000000
vn 0.642791 -0.766042 0.000000
vn 0.642791 -0.766042 0.000000
vn 0.613539 -0.354226 0.705757
vn 0.613538 -0.354228 0.705758
vn 0.665729 -0.242304 0.705758
vn 0.665729 -0.242305 0.705758
vn 0.697690 -0.123022 0.705758
vn 0.697690 -0.123023 0.705758
vn 0.708453 0.000000 0.705758
vn 0.708453 0.000000 0.705758
vn 0.697690 0.123022 0.705758
vn 0.697690 0.123023 0.705758
vn 0.665729 0.242303 0.705758
vn 0.665728 0.242306 0.705757
vn 0.613539 0.354226 0.705757
vn 0.613539 0.354227 0.705757
vn 0.542705 0.455388 0.705757
vn 0.542707 0.455384 0.705758
vn 0.455387 0.542705 0.705758
vn 0.455385 0.542707 0.705757
vn 0.354226 0.613539 0.705757
vn 0.354227 0.613539 0.705757
vn 0.242303 0.665729 0.705757
vn 0.242305 0.665728 0.705758
vn 0.123022 0.697690 0.705758
vn 0.123023 0.697690 0.705758
vn 0.000000 0.708453 0.705758
vn 0.000000 0.708453 0.705758
vn -0.123022 0.697690 0.705758
vn -0.123023 0.697690 0.705758
vn -0.242304 0.665729 0.705758
vn -0.242305 0.665729 0.705758
vn -0.354226 0.613539 0.705758
vn -0.354228 0.613538 0.705757
vn -0.455387 0.542706 0.705757
vn -0.455385 0.542707 0.705758
vn -0.542705 0.455387 0.705758
vn -0.542707 0.455386 0.705758
vn -0.613540 0.354225 0.705757
vn -0.613539 0.354226 0.705758
vn -0.665728 0.242307 0.705758
vn -0.665728 0.242306 0.705757
vn -0.697691 0.123020 0.705757
vn -0.697690 0.123021 0.705758
vn -0.708453 0.000000 0.705758
vn -0.708453 0.000000 0.705758
vn -0.697691 -0.123020 0.705758
vn -0.697691 -0.123021 0.705757
vn -0.665728 -0.242308 0.705757
vn -0.665728 -0.242305 0.705758
vn -0.613540 -0.354225 0.705758
vn -0.613539 -0.354227 0.705757
vn -0.542706 -0.455386 0.705757
vn -0.542706 -0.455386 0.705758
vn -0.455386 -0.542706 0.705758
vn -0.455386 -0.542707 0.705758
vn -0.354225 -0.613540 0.705757
vn -0.354226 -0.613539 0.705758
vn -0.242308 -0.665728 0.705758
vn -0.242305 -0.665729 0.705757
vn -0.123020 -0.697691 0.705757
vn -0.123021 -0.697690 0.705758
vn 0.000000 -0.708453 0.705757
vn 0.000000 -0.708453 0.705758
vn 0.123020 -0.697691 0.705758
vn 0.123021 -0.697691 0.705757
vn 0.242307 -0.665728 0.705757
vn 0.242306 -0.665728 0.705758
vn 0.354225 -0.613540 0.705758
vn 0.354226 -0.613540 0.705757
vn 0.455388 -0.542705 0.705757
vn 0.455385 -0.542706 0.705758
vn 0.542706 -0.455386 0.705758
vn 0.542707 -0.455385 0.705757
vn 0.092228 -0.092228 0.991458
vn 0.202091 -0.202091 -0.958290
vn 0.183596 -0.182430 -0.965925
vn 0.270681 -0.270681 -0.923831
vn 0.299505 -0.298170 -0.906307
vn 0.326593 -0.326593 -0.886947
vn 0.405580 -0.405580 -0.819152
vn 0.405579 -0.405579 -0.819153
vn 0.499998 -0.499998 -0.707109
vn 0.500001 -0.500001 -0.707106
vn 0.579226 -0.579226 -0.573579
vn 0.579227 -0.579227 -0.573578
vn 0.627238 -0.627238 -0.461676
vn 0.641521 -0.640195 -0.422614
vn 0.653304 -0.653304 -0.382605
vn 0.674347 -0.674347 -0.300850
vn 0.683675 -0.682350 -0.258818
vn 0.690322 -0.690322 -0.216593
vn 0.701063 -0.701063 -0.130466
vn 0.705078 -0.703754 -0.087151
vn 0.706436 -0.706436 -0.043552
vn 0.706438 -0.706437 0.043500
vn 0.705078 -0.703754 0.087151
vn 0.701068 -0.701068 0.130408
vn 0.690338 -0.690338 0.216485
vn 0.683675 -0.682350 0.258818
vn 0.674371 -0.674371 0.300746
vn 0.653299 -0.653299 0.382623
vn 0.641521 -0.640195 0.422613
vn 0.627234 -0.627235 0.461686
vn 0.579226 -0.579226 0.573581
vn 0.579226 -0.579226 0.573580
vn 0.500000 -0.500000 0.707106
vn 0.500003 -0.500003 0.707103
vn 0.405579 -0.405579 0.819153
vn 0.405577 -0.405577 0.819155
vn 0.183012 -0.183012 0.965926
vn 0.144102 -0.140479 0.979541
vn 0.202089 -0.202089 0.958290
vn 0.298838 -0.298839 0.906306
vn 0.271934 -0.269265 0.923877
vn 0.326479 -0.326479 0.887030
vn 0.032119 -0.029441 0.999050
vn 0.061629 -0.061629 0.996195
vn -0.030807 0.030807 0.999050
vn -0.060960 0.062297 0.996194
vn -0.092260 0.092260 0.991452
vn -0.153145 0.153145 0.976265
vn -0.182344 0.183680 0.965926
vn -0.212725 0.212725 0.953675
vn -0.270550 0.270550 0.923908
vn -0.298171 0.299506 0.906306
vn -0.326460 0.326460 0.887044
vn -0.405579 0.405579 0.819153
vn -0.405577 0.405577 0.819155
vn -0.500000 0.500000 0.707106
vn -0.500003 0.500003 0.707102
vn -0.579226 0.579226 0.573581
vn -0.579227 0.579226 0.573579
vn -0.627171 0.627171 0.461858
vn -0.640195 0.641521 0.422613
vn -0.653247 0.653247 0.382802
vn -0.674417 0.674417 0.300539
vn -0.682350 0.683675 0.258819
vn -0.690371 0.690371 0.216276
vn -0.701044 0.701044 0.130672
vn -0.703754 0.705078 0.087151
vn -0.706429 0.706430 0.043764
vn -0.706429 0.706429 -0.043782
vn -0.703754 0.705078 -0.087151
vn -0.701042 0.701042 -0.130689
vn -0.690371 0.690371 -0.216278
vn -0.682350 0.683675 -0.258818
vn -0.674414 0.674414 -0.300553
vn -0.653242 0.653242 -0.382819
vn -0.640195 0.641521 -0.422614
vn -0.627166 0.627166 -0.461871
vn -0.579227 0.579226 -0.573580
vn -0.579227 0.579227 -0.573578
vn -0.499998 0.499998 -0.707109
vn -0.500000 0.500000 -0.707106
vn -0.405580 0.405580 -0.819152
vn -0.405579 0.405579 -0.819153
vn -0.183013 0.183013 -0.965926
vn -0.151864 0.154522 -0.976248
vn -0.212752 0.212752 -0.953663
vn -0.298838 0.298837 -0.906307
vn -0.269239 0.271910 -0.923891
vn -0.326449 0.326449 -0.887052
vn 0.142262 -0.142262 -0.979553
vn 0.092405 -0.092405 -0.991425
vn 0.062296 -0.060959 -0.996194
vn 0.030954 -0.030954 -0.999041
vn -0.061628 0.061628 -0.996195
vn -0.029545 0.032214 -0.999044
vn -0.092324 0.092324 -0.991440
vn -0.853849 -0.148210 0.498975
vn -0.787220 -0.214799 0.578053
vn -0.804267 -0.195257 0.561275
vn -0.837523 -0.162013 0.521830
vn -0.711857 -0.290045 0.639636
vn -0.733666 -0.265988 0.625287
vn -0.768523 -0.231001 0.596666
vn -0.630132 -0.371826 0.681674
vn -0.650233 -0.349293 0.674678
vn -0.694141 -0.305231 0.651922
vn -0.544470 -0.457475 0.703043
vn -0.564957 -0.434563 0.701412
vn -0.608087 -0.391435 0.690658
vn -0.457475 -0.544470 0.703043
vn -0.478044 -0.521485 0.706773
vn -0.521489 -0.478040 0.706773
vn -0.371827 -0.630132 0.681673
vn -0.391474 -0.608050 0.690669
vn -0.434569 -0.564951 0.701413
vn -0.290045 -0.711857 0.639636
vn -0.305231 -0.694141 0.651922
vn -0.349324 -0.650201 0.674694
vn -0.144824 -0.853266 -0.500961
vn -0.088688 -0.909403 -0.406351
vn -0.088689 -0.909402 -0.406352
vn -0.045029 -0.953062 -0.299408
vn -0.045028 -0.953065 -0.299399
vn -0.015164 -0.982929 -0.183361
vn -0.015164 -0.982928 -0.183363
vn 0.000000 -0.998092 -0.061743
vn 0.000000 -0.998092 -0.061743
vn 0.000000 -0.998092 0.061743
vn 0.000000 -0.998092 0.061742
vn -0.015163 -0.982929 0.183361
vn -0.015164 -0.982928 0.183364
vn -0.045030 -0.953062 0.299408
vn -0.045025 -0.953065 0.299400
vn -0.088688 -0.909403 0.406350
vn -0.088690 -0.909402 0.406353
vn -0.144818 -0.853274 0.500951
vn -0.144825 -0.853269 0.500958
vn -0.195281 -0.804241 0.561303
vn -0.214799 -0.787220 0.578053
vn -0.231033 -0.768494 0.596692
vn -0.266000 -0.733656 0.625295
vn -0.214798 -0.787222 -0.578052
vn -0.195259 -0.804265 -0.561276
vn -0.144819 -0.853275 -0.500949
vn -0.290045 -0.711857 -0.639636
vn -0.265989 -0.733665 -0.625288
vn -0.231007 -0.768518 -0.596671
vn -0.371826 -0.630133 -0.681673
vn -0.349372 -0.650151 -0.674717
vn -0.305232 -0.694140 -0.651922
vn -0.457475 -0.544469 -0.703043
vn -0.434452 -0.565073 -0.701387
vn -0.391531 -0.607996 -0.690684
vn -0.544469 -0.457475 -0.703043
vn -0.521657 -0.477863 -0.706767
vn -0.477916 -0.521607 -0.706769
vn -0.630133 -0.371826 -0.681673
vn -0.607939 -0.391589 -0.690701
vn -0.565125 -0.434402 -0.701376
vn -0.711857 -0.290045 -0.639636
vn -0.694141 -0.305232 -0.651922
vn -0.650092 -0.349428 -0.674745
vn -0.868396 -0.131116 0.478224
vn -0.909403 -0.088688 0.406350
vn -0.909401 -0.088689 0.406353
vn -0.953062 -0.045029 0.299409
vn -0.953065 -0.045028 0.299399
vn -0.982929 -0.015164 0.183361
vn -0.982928 -0.015164 0.183364
vn -0.998092 0.000000 0.061743
vn -0.998092 0.000000 0.061742
vn -0.998092 0.000000 -0.061743
vn -0.998092 0.000000 -0.061743
vn -0.982929 -0.015163 -0.183361
vn -0.982928 -0.015164 -0.183363
vn -0.953062 -0.045030 -0.299408
vn -0.953065 -0.045026 -0.299400
vn -0.909403 -0.088688 -0.406351
vn -0.909402 -0.088689 -0.406352
vn -0.853274 -0.144817 -0.500950
vn -0.853267 -0.144827 -0.500959
vn -0.804187 -0.195333 -0.561363
vn -0.787222 -0.214798 -0.578052
vn -0.768442 -0.231087 -0.596737
vn -0.733655 -0.266001 -0.625295
vn 0.088437 0.088437 0.992148
vn 0.212519 0.212519 -0.953767
vn 0.182345 0.183681 -0.965925
vn 0.270681 0.270681 -0.923831
vn 0.298170 0.299505 -0.906307
vn 0.326593 0.326593 -0.886947
vn 0.405580 0.405580 -0.819152
vn 0.405579 0.405579 -0.819153
vn 0.499998 0.499998 -0.707109
vn 0.500001 0.500001 -0.707106
vn 0.579226 0.579226 -0.573579
vn 0.579227 0.579227 -0.573578
vn 0.627238 0.627238 -0.461676
vn 0.640195 0.641521 -0.422614
vn 0.653304 0.653304 -0.382605
vn 0.674347 0.674347 -0.300850
vn 0.682350 0.683675 -0.258818
vn 0.690322 0.690322 -0.216593
vn 0.701063 0.701063 -0.130466
vn 0.703754 0.705078 -0.087151
vn 0.706436 0.706436 -0.043552
vn 0.706437 0.706438 0.043500
vn 0.703754 0.705078 0.087151
vn 0.701068 0.701068 0.130408
vn 0.690338 0.690338 0.216485
vn 0.682350 0.683675 0.258818
vn 0.674371 0.674371 0.300746
vn 0.653299 0.653299 0.382623
vn 0.640195 0.641521 0.422613
vn 0.627235 0.627234 0.461686
vn 0.579226 0.579226 0.573581
vn 0.579226 0.579226 0.573580
vn 0.500000 0.500000 0.707106
vn 0.500003 0.500003 0.707103
vn 0.405579 0.405579 0.819153
vn 0.405577 0.405577 0.819155
vn 0.183012 0.183012 0.965926
vn 0.151757 0.154425 0.976280
vn 0.212656 0.212656 0.953706
vn 0.298839 0.298838 0.906306
vn 0.269265 0.271934 0.923877
vn 0.326479 0.326479 0.887030
vn 0.025462 0.028471 0.999270
vn 0.061629 0.061629 0.996195
vn -0.030807 -0.030807 0.999050
vn -0.062297 -0.060960 0.996194
vn -0.092260 -0.092260 0.991452
vn -0.153145 -0.153145 0.976265
vn -0.183680 -0.182344 0.965926
vn -0.212725 -0.212725 0.953675
vn -0.270550 -0.270550 0.923908
vn -0.299506 -0.298171 0.906306
vn -0.326460 -0.326460 0.887044
vn -0.405579 -0.405579 0.819153
vn -0.405577 -0.405577 0.819155
vn -0.500000 -0.500000 0.707106
vn -0.500003 -0.500003 0.707102
vn -0.579226 -0.579226 0.573581
vn -0.579226 -0.579227 0.573579
vn -0.627171 -0.627171 0.461858
vn -0.641521 -0.640195 0.422613
vn -0.653247 -0.653247 0.382802
vn -0.674417 -0.674417 0.300539
vn -0.683675 -0.682350 0.258819
vn -0.690371 -0.690371 0.216276
vn -0.701044 -0.701044 0.130672
vn -0.705078 -0.703754 0.087151
vn -0.706430 -0.706429 0.043764
vn -0.706429 -0.706429 -0.043782
vn -0.705078 -0.703754 -0.087151
vn -0.701042 -0.701042 -0.130689
vn -0.690371 -0.690371 -0.216278
vn -0.683675 -0.682350 -0.258818
vn -0.674414 -0.674414 -0.300553
vn -0.653242 -0.653242 -0.382819
vn -0.641521 -0.640195 -0.422614
vn -0.627166 -0.627166 -0.461871
vn -0.579226 -0.579227 -0.573580
vn -0.579227 -0.579227 -0.573578
vn -0.499998 -0.499998 -0.707109
vn -0.500000 -0.500000 -0.707106
vn -0.405580 -0.405580 -0.819152
vn -0.405579 -0.405579 -0.819153
vn -0.183013 -0.183013 -0.965926
vn -0.154522 -0.151864 -0.976248
vn -0.212752 -0.212752 -0.953663
vn -0.298837 -0.298838 -0.906307
vn -0.271910 -0.269239 -0.923891
vn -0.326449 -0.326449 -0.887052
vn 0.152930 0.152930 -0.976332
vn 0.088442 0.088442 -0.992147
vn 0.060969 0.062286 -0.996194
vn 0.026952 0.026952 -0.999273
vn -0.061628 -0.061628 -0.996195
vn -0.032214 -0.029545 -0.999044
vn -0.092324 -0.092324 -0.991440
vn 0.148210 -0.853849 0.498975
vn 0.214799 -0.787220 0.578053
vn 0.195257 -0.804267 0.561275
vn 0.162013 -0.837523 0.521830
vn 0.290103 -0.711881 0.639582
vn 0.268894 -0.730624 0.627602
vn 0.230999 -0.768526 0.596663
vn 0.371826 -0.630132 0.681674
vn 0.349293 -0.650233 0.674678
vn 0.308456 -0.691074 0.653660
vn 0.457475 -0.544470 0.703043
vn 0.434563 -0.564957 0.701412
vn 0.391435 -0.608087 0.690658
vn 0.544470 -0.457475 0.703043
vn 0.521485 -0.478044 0.706773
vn 0.478040 -0.521489 0.706773
vn 0.630132 -0.371827 0.681673
vn 0.608050 -0.391474 0.690669
vn 0.564951 -0.434569 0.701413
vn 0.711881 -0.290103 0.639583
vn 0.691138 -0.308389 0.653624
vn 0.650201 -0.349324 0.674694
vn 0.909402 -0.088690 0.406353
vn 0.853274 -0.144818 0.500951
vn 0.853269 -0.144825 0.500958
vn 0.804241 -0.195281 0.561303
vn 0.787220 -0.214799 0.578053
vn 0.768494 -0.231033 0.596692
vn 0.730686 -0.268835 0.627555
vn 0.982928 -0.015164 -0.183363
vn 0.998092 0.000000 -0.061743
vn 0.998092 0.000000 -0.061743
vn 0.998092 0.000000 0.061743
vn 0.998092 0.000000 0.061742
vn 0.982929 -0.015163 0.183361
vn 0.982928 -0.015164 0.183364
vn 0.960638 -0.038731 0.275091
vn 0.953250 -0.048788 0.298220
vn 0.941949 -0.057707 0.330759
vn 0.909403 -0.088688 0.406350
vn 0.853266 -0.144824 -0.500961
vn 0.909403 -0.088688 -0.406351
vn 0.909402 -0.088689 -0.406352
vn 0.941950 -0.057706 -0.330757
vn 0.953249 -0.048788 -0.298220
vn 0.960638 -0.038731 -0.275092
vn 0.982929 -0.015164 -0.183361
vn 0.787222 -0.214798 -0.578052
vn 0.804265 -0.195259 -0.561276
vn 0.853275 -0.144819 -0.500949
vn 0.711880 -0.290104 -0.639583
vn 0.730705 -0.268818 -0.627541
vn 0.768520 -0.231005 -0.596668
vn 0.630133 -0.371826 -0.681673
vn 0.650151 -0.349372 -0.674717
vn 0.691166 -0.308360 -0.653609
vn 0.544469 -0.457475 -0.703043
vn 0.565073 -0.434452 -0.701387
vn 0.607996 -0.391531 -0.690684
vn 0.457475 -0.544469 -0.703043
vn 0.477863 -0.521657 -0.706767
vn 0.521607 -0.477916 -0.706769
vn 0.371826 -0.630133 -0.681673
vn 0.391589 -0.607939 -0.690701
vn 0.434402 -0.565125 -0.701376
vn 0.290104 -0.711880 -0.639583
vn 0.308292 -0.691231 -0.653572
vn 0.349428 -0.650092 -0.674745
vn 0.088689 -0.909402 -0.406352
vn 0.144817 -0.853274 -0.500950
vn 0.144827 -0.853267 -0.500959
vn 0.195333 -0.804187 -0.561363
vn 0.214798 -0.787222 -0.578052
vn 0.231087 -0.768442 -0.596737
vn 0.268757 -0.730769 -0.627492
vn 0.015164 -0.982928 0.183364
vn 0.000000 -0.998092 0.061743
vn 0.000000 -0.998092 0.061742
vn 0.000000 -0.998092 -0.061743
vn -0.000000 -0.998092 -0.061743
vn 0.015163 -0.982929 -0.183361
vn 0.015164 -0.982928 -0.183363
vn 0.038731 -0.960638 -0.275092
vn 0.048788 -0.953249 -0.298220
vn 0.057706 -0.941950 -0.330757
vn 0.088688 -0.909403 -0.406351
vn 0.131116 -0.868396 0.478224
vn 0.088688 -0.909403 0.406350
vn 0.088689 -0.909401 0.406353
vn 0.057707 -0.941949 0.330759
vn 0.048788 -0.953250 0.298220
vn 0.038731 -0.960638 0.275091
vn 0.015164 -0.982929 0.183361
vn 0.088442 -0.088442 -0.992147
vn 0.212517 -0.212517 0.953768
vn 0.182344 -0.183680 0.965926
vn 0.270689 -0.270688 0.923826
vn 0.298171 -0.299506 0.906306
vn 0.326587 -0.326587 0.886951
vn 0.405579 -0.405579 0.819153
vn 0.405577 -0.405577 0.819155
vn 0.500000 -0.500000 0.707106
vn 0.500003 -0.500003 0.707102
vn 0.579226 -0.579226 0.573581
vn 0.579227 -0.579226 0.573579
vn 0.627238 -0.627238 0.461676
vn 0.640195 -0.641521 0.422613
vn 0.653305 -0.653305 0.382604
vn 0.674347 -0.674347 0.300851
vn 0.682350 -0.683675 0.258818
vn 0.690321 -0.690322 0.216593
vn 0.701063 -0.701063 0.130465
vn 0.703754 -0.705078 0.087151
vn 0.706436 -0.706436 0.043552
vn 0.706437 -0.706438 -0.043500
vn 0.703754 -0.705078 -0.087151
vn 0.701068 -0.701068 -0.130409
vn 0.690339 -0.690339 -0.216484
vn 0.682350 -0.683675 -0.258818
vn 0.674371 -0.674371 -0.300746
vn 0.653299 -0.653299 -0.382623
vn 0.640195 -0.641521 -0.422614
vn 0.627234 -0.627234 -0.461687
vn 0.579227 -0.579226 -0.573580
vn 0.579227 -0.579227 -0.573578
vn 0.499998 -0.499998 -0.707109
vn 0.500000 -0.500000 -0.707106
vn 0.405580 -0.405580 -0.819152
vn 0.405579 -0.405579 -0.819153
vn 0.183013 -0.183013 -0.965926
vn 0.151755 -0.154423 -0.976281
vn 0.212661 -0.212660 -0.953704
vn 0.298838 -0.298837 -0.906307
vn 0.269261 -0.271931 -0.923879
vn 0.326481 -0.326481 -0.887029
vn 0.025452 -0.028461 -0.999271
vn 0.061628 -0.061628 -0.996195
vn -0.030804 0.030804 -0.999051
vn -0.062296 0.060959 -0.996194
vn -0.092260 0.092260 -0.991452
vn -0.153145 0.153145 -0.976265
vn -0.183681 0.182345 -0.965925
vn -0.212727 0.212727 -0.953674
vn -0.270550 0.270550 -0.923908
vn -0.299505 0.298170 -0.906307
vn -0.326459 0.326459 -0.887045
vn -0.405580 0.405580 -0.819152
vn -0.405579 0.405579 -0.819153
vn -0.499998 0.499998 -0.707109
vn -0.500001 0.500001 -0.707106
vn -0.579226 0.579226 -0.573579
vn -0.579227 0.579227 -0.573578
vn -0.627171 0.627171 -0.461859
vn -0.641521 0.640195 -0.422614
vn -0.653247 0.653247 -0.382802
vn -0.674417 0.674417 -0.300538
vn -0.683675 0.682350 -0.258818
vn -0.690371 0.690371 -0.216275
vn -0.701044 0.701044 -0.130672
vn -0.705078 0.703754 -0.087151
vn -0.706429 0.706429 -0.043764
vn -0.706429 0.706429 0.043782
vn -0.705078 0.703754 0.087151
vn -0.701042 0.701042 0.130689
vn -0.690371 0.690371 0.216279
vn -0.683675 0.682350 0.258818
vn -0.674414 0.674414 0.300553
vn -0.653243 0.653243 0.382816
vn -0.641521 0.640195 0.422613
vn -0.627166 0.627166 0.461872
vn -0.579226 0.579226 0.573581
vn -0.579226 0.579226 0.573580
vn -0.500000 0.500000 0.707106
vn -0.500003 0.500003 0.707103
vn -0.405579 0.405579 0.819153
vn -0.405577 0.405577 0.819155
vn -0.183012 0.183012 0.965926
vn -0.154522 0.151864 0.976248
vn -0.212750 0.212750 0.953664
vn -0.298838 0.298839 0.906306
vn -0.271909 0.269237 0.923892
vn -0.326453 0.326453 0.887050
vn 0.152930 -0.152930 0.976332
vn 0.088437 -0.088437 0.992148
vn 0.060971 -0.062287 0.996194
vn 0.026962 -0.026962 0.999273
vn -0.061629 0.061629 0.996195
vn -0.032217 0.029547 0.999044
vn -0.092324 0.092324 0.991440
vn 0.144824 0.853266 -0.500961
vn 0.088688 0.909403 -0.406351
vn 0.088689 0.909402 -0.406352
vn 0.045029 0.953062 -0.299408
vn 0.045028 0.953065 -0.299399
vn 0.015164 0.982929 -0.183361
vn 0.015164 0.982928 -0.183363
vn 0.000000 0.998092 -0.061743
vn 0.000000 0.998092 -0.061743
vn 0.000000 0.998092 0.061743
vn -0.000000 0.998092 0.061742
vn 0.015163 0.982929 0.183361
vn 0.015164 0.982928 0.183364
vn 0.045030 0.953062 0.299408
vn 0.045025 0.953065 0.299400
vn 0.088688 0.909403 0.406350
vn 0.088690 0.909402 0.406353
vn 0.131116 0.868396 0.478224
vn 0.148210 0.853849 0.498975
vn 0.214797 0.787221 -0.578052
vn 0.195276 0.804247 -0.561296
vn 0.144819 0.853275 -0.500949
vn 0.290045 0.711857 -0.639636
vn 0.265989 0.733665 -0.625288
vn 0.231018 0.768508 -0.596679
vn 0.371826 0.630133 -0.681673
vn 0.349387 0.650135 -0.674725
vn 0.305232 0.694140 -0.651922
vn 0.457476 0.544470 -0.703043
vn 0.434441 0.565085 -0.701384
vn 0.391545 0.607982 -0.690688
vn 0.544469 0.457476 -0.703043
vn 0.521659 0.477862 -0.706767
vn 0.477915 0.521608 -0.706769
vn 0.630133 0.371825 -0.681673
vn 0.607939 0.391591 -0.690701
vn 0.565134 0.434394 -0.701374
vn 0.711857 0.290045 -0.639636
vn 0.694141 0.305232 -0.651922
vn 0.650083 0.349437 -0.674749
vn 0.853268 0.144823 0.500959
vn 0.909403 0.088688 0.406350
vn 0.909401 0.088689 0.406353
vn 0.953062 0.045029 0.299409
vn 0.953065 0.045028 0.299399
vn 0.982929 0.015164 0.183361
vn 0.982928 0.015164 0.183364
vn 0.998092 0.000000 0.061743
vn 0.998092 0.000000 0.061742
vn 0.998092 0.000000 -0.061743
vn 0.998092 -0.000000 -0.061743
vn 0.982929 0.015163 -0.183361
vn 0.982928 0.015164 -0.183363
vn 0.953062 0.045030 -0.299408
vn 0.953065 0.045026 -0.299400
vn 0.909403 0.088688 -0.406351
vn 0.909402 0.088689 -0.406352
vn 0.853274 0.144817 -0.500950
vn 0.853267 0.144827 -0.500959
vn 0.804191 0.195329 -0.561358
vn 0.787222 0.214798 -0.578052
vn 0.768446 0.231083 -0.596734
vn 0.733655 0.266001 -0.625295
vn 0.787220 0.214799 0.578053
vn 0.804199 0.195322 0.561350
vn 0.853274 0.144819 0.500950
vn 0.711857 0.290045 0.639636
vn 0.733666 0.265988 0.625287
vn 0.768449 0.231079 0.596731
vn 0.630132 0.371827 0.681673
vn 0.650117 0.349404 0.674733
vn 0.694141 0.305231 0.651922
vn 0.544470 0.457475 0.703043
vn 0.565117 0.434411 0.701378
vn 0.607965 0.391563 0.690693
vn 0.457475 0.544470 0.703043
vn 0.477938 0.521586 0.706770
vn 0.521651 0.477870 0.706768
vn 0.371826 0.630132 0.681674
vn 0.391472 0.608052 0.690668
vn 0.434472 0.565052 0.701391
vn 0.290045 0.711857 0.639636
vn 0.305231 0.694141 0.651922
vn 0.349327 0.650198 0.674695
vn 0.162013 0.837523 0.521830
vn 0.195244 0.804281 0.561260
vn 0.214799 0.787220 0.578053
vn 0.230982 0.768542 0.596649
vn 0.266000 0.733656 0.625295
vn 0.092225 0.092225 -0.991458
vn 0.202089 0.202089 0.958290
vn 0.183595 0.182429 0.965926
vn 0.270688 0.270689 0.923826
vn 0.299506 0.298171 0.906306
vn 0.326587 0.326587 0.886951
vn 0.405579 0.405579 0.819153
vn 0.405577 0.405577 0.819155
vn 0.500000 0.500000 0.707106
vn 0.500003 0.500003 0.707102
vn 0.579226 0.579226 0.573581
vn 0.579226 0.579227 0.573579
vn 0.627238 0.627238 0.461676
vn 0.641521 0.640195 0.422613
vn 0.653305 0.653305 0.382604
vn 0.674347 0.674347 0.300851
vn 0.683675 0.682350 0.258818
vn 0.690322 0.690321 0.216593
vn 0.701063 0.701063 0.130465
vn 0.705078 0.703754 0.087151
vn 0.706436 0.706436 0.043552
vn 0.706438 0.706437 -0.043500
vn 0.705078 0.703754 -0.087151
vn 0.701068 0.701068 -0.130409
vn 0.690339 0.690339 -0.216484
vn 0.683675 0.682350 -0.258818
vn 0.674371 0.674371 -0.300746
vn 0.653299 0.653299 -0.382623
vn 0.641521 0.640195 -0.422614
vn 0.627234 0.627234 -0.461687
vn 0.579226 0.579227 -0.573580
vn 0.579227 0.579227 -0.573578
vn 0.499998 0.499998 -0.707109
vn 0.500000 0.500000 -0.707106
vn 0.405580 0.405580 -0.819152
vn 0.405579 0.405579 -0.819153
vn 0.183013 0.183013 -0.965926
vn 0.144102 0.140479 -0.979541
vn 0.202091 0.202091 -0.958290
vn 0.298837 0.298838 -0.906307
vn 0.271931 0.269261 -0.923879
vn 0.326481 0.326481 -0.887029
vn 0.032118 0.029441 -0.999050
vn 0.061628 0.061628 -0.996195
vn -0.030804 -0.030804 -0.999051
vn -0.060959 -0.062296 -0.996194
vn -0.092260 -0.092260 -0.991452
vn -0.153145 -0.153145 -0.976265
vn -0.182345 -0.183681 -0.965925
vn -0.212727 -0.212727 -0.953674
vn -0.270550 -0.270550 -0.923908
vn -0.298170 -0.299505 -0.906307
vn -0.326459 -0.326459 -0.887045
vn -0.405580 -0.405580 -0.819152
vn -0.405579 -0.405579 -0.819153
vn -0.499998 -0.499998 -0.707109
vn -0.500001 -0.500001 -0.707106
vn -0.579226 -0.579226 -0.573579
vn -0.579227 -0.579227 -0.573578
vn -0.627171 -0.627171 -0.461859
vn -0.640195 -0.641521 -0.422614
vn -0.653247 -0.653247 -0.382802
vn -0.674417 -0.674417 -0.300538
vn -0.682350 -0.683675 -0.258818
vn -0.690371 -0.690371 -0.216275
vn -0.701044 -0.701044 -0.130672
vn -0.703754 -0.705078 -0.087151
vn -0.706429 -0.706429 -0.043764
vn -0.706429 -0.706429 0.043782
vn -0.703754 -0.705078 0.087151
vn -0.701042 -0.701042 0.130689
vn -0.690371 -0.690371 0.216279
vn -0.682350 -0.683675 0.258818
vn -0.674414 -0.674414 0.300553
vn -0.653243 -0.653243 0.382816
vn -0.640195 -0.641521 0.422613
vn -0.627166 -0.627166 0.461872
vn -0.579226 -0.579226 0.573581
vn -0.579226 -0.579226 0.573580
vn -0.500000 -0.500000 0.707106
vn -0.500003 -0.500003 0.707103
vn -0.405579 -0.405579 0.819153
vn -0.405577 -0.405577 0.819155
vn -0.183012 -0.183012 0.965926
vn -0.151864 -0.154522 0.976248
vn -0.212750 -0.212750 0.953664
vn -0.298839 -0.298838 0.906306
vn -0.269237 -0.271909 0.923892
vn -0.326453 -0.326453 0.887050
vn 0.142262 0.142262 0.979553
vn 0.092408 0.092408 0.991424
vn 0.062297 0.060960 0.996194
vn 0.030954 0.030954 0.999041
vn -0.061629 -0.061629 0.996195
vn -0.029547 -0.032217 0.999044
vn -0.092324 -0.092324 0.991440
vn -0.909402 0.088690 0.406353
vn -0.868396 0.131116 0.478224
vn -0.853849 0.148210 0.498975
vn -0.982928 0.015164 -0.183363
vn -0.998092 0.000000 -0.061743
vn -0.998092 0.000000 -0.061743
vn -0.998092 0.000000 0.061743
vn -0.998092 -0.000000 0.061742
vn -0.982929 0.015163 0.183361
vn -0.982928 0.015164 0.183364
vn -0.960638 0.038731 0.275091
vn -0.953250 0.048788 0.298220
vn -0.941949 0.057707 0.330759
vn -0.909403 0.088688 0.406350
vn -0.853266 0.144824 -0.500961
vn -0.909403 0.088688 -0.406351
vn -0.909402 0.088689 -0.406352
vn -0.941950 0.057706 -0.330757
vn -0.953249 0.048788 -0.298220
vn -0.960638 0.038731 -0.275092
vn -0.982929 0.015164 -0.183361
vn -0.787221 0.214797 -0.578052
vn -0.804247 0.195276 -0.561296
vn -0.853275 0.144819 -0.500949
vn -0.711880 0.290104 -0.639583
vn -0.730715 0.268808 -0.627533
vn -0.768510 0.231016 -0.596677
vn -0.630133 0.371826 -0.681673
vn -0.650135 0.349387 -0.674725
vn -0.691167 0.308359 -0.653608
vn -0.544470 0.457476 -0.703043
vn -0.565085 0.434441 -0.701384
vn -0.607982 0.391545 -0.690688
vn -0.457476 0.544469 -0.703043
vn -0.477862 0.521659 -0.706767
vn -0.521608 0.477915 -0.706769
vn -0.371825 0.630133 -0.681673
vn -0.391591 0.607939 -0.690701
vn -0.434394 0.565134 -0.701374
vn -0.290104 0.711880 -0.639583
vn -0.308298 0.691225 -0.653575
vn -0.349437 0.650083 -0.674749
vn -0.088689 0.909402 -0.406352
vn -0.144817 0.853274 -0.500950
vn -0.144827 0.853267 -0.500959
vn -0.195329 0.804191 -0.561358
vn -0.214798 0.787222 -0.578052
vn -0.231083 0.768446 -0.596734
vn -0.268761 0.730765 -0.627495
vn -0.015164 0.982928 0.183364
vn 0.000000 0.998092 0.061743
vn 0.000000 0.998092 0.061742
vn 0.000000 0.998092 -0.061743
vn 0.000000 0.998092 -0.061743
vn -0.015163 0.982929 -0.183361
vn -0.015164 0.982928 -0.183363
vn -0.038731 0.960638 -0.275092
vn -0.048788 0.953249 -0.298220
vn -0.057706 0.941950 -0.330757
vn -0.088688 0.909403 -0.406351
vn -0.144823 0.853268 0.500959
vn -0.088688 0.909403 0.406350
vn -0.088689 0.909401 0.406353
vn -0.057707 0.941949 0.330759
vn -0.048788 0.953250 0.298220
vn -0.038731 0.960638 0.275091
vn -0.015164 0.982929 0.183361
vn -0.214799 0.787220 0.578053
vn -0.195322 0.804199 0.561350
vn -0.144819 0.853274 0.500950
vn -0.290103 0.711881 0.639583
vn -0.268728 0.730799 0.627470
vn -0.231077 0.768452 0.596728
vn -0.371827 0.630132 0.681673
vn -0.349404 0.650117 0.674733
vn -0.308265 0.691256 0.653558
vn -0.457475 0.544470 0.703043
vn -0.434411 0.565117 0.701378
vn -0.391563 0.607965 0.690693
vn -0.544470 0.457475 0.703043
vn -0.521586 0.477938 0.706770
vn -0.477870 0.521651 0.706768
vn -0.630132 0.371826 0.681674
vn -0.608052 0.391472 0.690668
vn -0.565052 0.434472 0.701391
vn -0.711881 0.290103 0.639583
vn -0.691124 0.308404 0.653632
vn -0.650198 0.349327 0.674695
vn -0.837523 0.162013 0.521830
vn -0.804281 0.195244 0.561260
vn -0.787220 0.214799 0.578053
vn -0.768542 0.230982 0.596649
vn -0.730672 0.268849 0.627566
vn -0.087155 -0.996195 0.000000
vn -0.087155 -0.996195 0.000000
vn -0.258821 -0.965925 0.000000
vn -0.258821 -0.965925 0.000000
vn -0.422619 -0.906307 0.000000
vn -0.422619 -0.906307 0.000000
vn -0.573574 -0.819154 0.000000
vn -0.573574 -0.819154 0.000000
vn -0.707108 -0.707106 0.000000
vn -0.707108 -0.707106 0.000000
vn -0.819152 -0.573577 0.000000
vn -0.819152 -0.573577 0.000000
vn -0.906309 -0.422616 0.000000
vn -0.906309 -0.422616 0.000000
vn -0.965925 -0.258820 0.000000
vn -0.965925 -0.258820 0.000000
vn -0.996195 -0.087156 0.000000
vn -0.996195 -0.087156 0.000000
vn -0.996195 0.087155 0.000000
vn -0.996195 0.087155 0.000000
vn -0.965925 0.258820 0.000000
vn -0.965925 0.258820 0.000000
vn -0.906308 0.422618 0.000000
vn -0.906308 0.422618 0.000000
vn -0.819153 0.573575 0.000000
vn -0.819153 0.573575 0.000000
vn -0.707108 0.707106 0.000000
vn -0.707108 0.707106 0.000000
vn -0.573576 0.819152 0.000000
vn -0.573576 0.819152 0.000000
vn -0.422616 0.906309 0.000000
vn -0.422616 0.906309 0.000000
vn -0.258821 0.965925 0.000000
vn -0.258821 0.965925 0.000000
vn -0.087151 0.996195 0.000000
vn -0.087151 0.996195 0.000000
vn -0.839365 0.543567 0.000000
vn -0.839365 0.543567 0.000000
vn -0.779551 0.626339 0.000000
vn -0.779551 0.626339 0.000000
vn -0.711608 0.702577 0.000000
vn -0.711608 0.702577 0.000000
vn -0.636242 0.771490 0.000000
vn -0.636242 0.771490 0.000000
vn -0.554242 0.832355 0.000000
vn -0.554242 0.832355 0.000000
vn -0.466462 0.884541 0.000000
vn -0.466462 0.884541 0.000000
vn -0.373816 0.927503 0.000000
vn -0.373816 0.927503 0.000000
vn -0.277275 0.960791 0.000000
vn -0.277275 0.960791 0.000000
vn -0.177839 0.984060 0.000000
vn -0.177839 0.984060 0.000000
vn -0.076550 0.997066 0.000000
vn -0.076550 0.997066 0.000000
vn 0.025539 0.999674 0.000000
vn 0.025539 0.999674 0.000000
vn 0.127361 0.991856 0.000000
vn 0.127361 0.991856 0.000000
vn 0.227853 0.973696 0.000000
vn 0.227853 0.973696 0.000000
vn 0.325971 0.945380 0.000000
vn 0.325971 0.945380 0.000000
vn 0.420688 0.907205 0.000000
vn 0.420688 0.907205 0.000000
vn 0.511019 0.859570 0.000000
vn 0.511019 0.859570 0.000000
vn 0.596020 0.802970 0.000000
vn 0.596020 0.802970 0.000000
vn 0.674806 0.737995 0.000000
vn 0.674806 0.737995 0.000000
vn 0.746553 0.665326 0.000000
vn 0.746553 0.665326 0.000000
vn 0.810516 0.585717 0.000000
vn 0.810516 0.585717 0.000000
vn 0.866026 0.500000 0.000000
vn 0.866026 0.500000 0.000000
vn 0.912504 0.409069 0.000000
vn 0.912504 0.409069 0.000000
vn 0.949466 0.313871 0.000000
vn 0.949466 0.313871 0.000000
vn 0.976526 0.215400 0.000000
vn 0.976526 0.215400 0.000000
vn 0.993402 0.114684 0.000000
vn 0.993402 0.114684 0.000000
vn 0.999919 0.012770 0.000000
vn 0.999919 0.012770 0.000000
vn 0.996007 -0.089275 0.000000
vn 0.996007 -0.089275 0.000000
vn 0.981708 -0.190391 0.000000
vn 0.981708 -0.190391 0.000000
vn 0.957172 -0.289521 0.000000
vn 0.957172 -0.289521 0.000000
vn 0.922653 -0.385631 0.000000
vn 0.922653 -0.385631 0.000000
vn 0.878512 -0.477720 0.000000
vn 0.878512 -0.477720 0.000000
vn 0.825210 -0.564826 0.000000
vn 0.825210 -0.564826 0.000000
vn 0.763301 -0.646043 0.000000
vn 0.763301 -0.646043 0.000000
vn 0.693432 -0.720522 0.000000
vn 0.693432 -0.720522 0.000000
vn 0.616333 -0.787486 0.000000
vn 0.616333 -0.787486 0.000000
vn 0.532804 -0.846239 0.000000
vn 0.532804 -0.846239 0.000000
vn 0.443720 -0.896165 0.000000
vn 0.443720 -0.896165 0.000000
vn 0.350008 -0.936747 0.000000
vn 0.350008 -0.936747 0.000000
vn 0.252646 -0.967559 0.000000
vn 0.252646 -0.967559 0.000000
vn 0.152649 -0.988280 0.000000
vn 0.152649 -0.988280 0.000000
vn 0.051061 -0.998696 0.000000
vn 0.051061 -0.998696 0.000000
vn 0.819152 -0.573577 0.000000
vn 0.819152 -0.573577 0.000000
vn 0.707106 -0.707108 0.000000
vn 0.707106 -0.707108 0.000000
vn 0.573579 -0.819151 0.000000
vn 0.573579 -0.819151 0.000000
vn 0.422617 -0.906308 0.000000
vn 0.422617 -0.906308 0.000000
vn 0.258817 -0.965926 0.000000
vn 0.258817 -0.965926 0.000000
vn 0.087157 -0.996195 0.000000
vn 0.087157 -0.996195 0.000000
vn -0.087156 -0.996195 0.000000
vn -0.087156 -0.996195 0.000000
vn -0.258817 -0.965926 0.000000
vn -0.258817 -0.965926 0.000000
vn -0.422620 -0.906307 0.000000
vn -0.422620 -0.906307 0.000000
vn -0.573575 -0.819153 0.000000
vn -0.573575 -0.819153 0.000000
vn -0.707106 -0.707108 0.000000
vn -0.707106 -0.707108 0.000000
vn -0.819152 -0.573577 0.000000
vn -0.819152 -0.573577 0.000000
vn -0.906309 -0.422616 0.000000
vn -0.906309 -0.422616 0.000000
vn -0.965925 -0.258821 0.000000
vn -0.965925 -0.258821 0.000000
vn -0.996195 -0.087151 0.000000
vn -0.996195 -0.087151 0.000000
vn -0.996195 0.087151 0.000000
vn -0.996195 0.087151 0.000000
vn -0.965925 0.258821 0.000000
vn -0.965925 0.258821 0.000000
vn -0.906309 0.422616 0.000000
vn -0.906309 0.422616 0.000000
vn -0.058145 0.998308 0.000000
vn -0.058145 0.998308 0.000000
vn -0.173648 0.984808 0.000000
vn -0.173648 0.984808 0.000000
vn -0.286804 0.957989 0.000000
vn -0.286804 0.957989 0.000000
vn -0.396079 0.918216 0.000000
vn -0.396079 0.918216 0.000000
vn -0.500000 0.866025 0.000000
vn -0.500000 0.866025 0.000000
vn -0.597159 0.802123 0.000000
vn -0.597159 0.802123 0.000000
vn -0.686242 0.727374 0.000000
vn -0.686242 0.727374 0.000000
vn -0.766045 0.642787 0.000000
vn -0.766045 0.642787 0.000000
vn -0.835487 0.549510 0.000000
vn -0.835487 0.549510 0.000000
vn -0.893633 0.448799 0.000000
vn -0.893633 0.448799 0.000000
vn -0.939693 0.342020 0.000000
vn -0.939693 0.342020 0.000000
vn -0.973045 0.230617 0.000000
vn -0.973045 0.230617 0.000000
vn -0.993239 0.116092 0.000000
vn -0.993239 0.116092 0.000000
vn -1.000000 0.000000 0.000000
vn -1.000000 0.000000 0.000000
vn -0.993239 -0.116092 0.000000
vn -0.993239 -0.116092 0.000000
vn -0.973045 -0.230617 0.000000
vn -0.973045 -0.230617 0.000000
vn -0.939693 -0.342020 0.000000
vn -0.939693 -0.342020 0.000000
vn -0.893633 -0.448799 0.000000
vn -0.893633 -0.448799 0.000000
vn -0.835487 -0.549510 0.000000
vn -0.835487 -0.549510 0.000000
vn -0.766045 -0.642787 0.000000
vn -0.766045 -0.642787 0.000000
vn -0.686242 -0.727374 0.000000
vn -0.686242 -0.727374 0.000000
vn -0.597159 -0.802123 0.000000
vn -0.597159 -0.802123 0.000000
vn -0.500000 -0.866025 0.000000
vn -0.500000 -0.866025 0.000000
vn -0.396079 -0.918216 0.000000
vn -0.396079 -0.918216 0.000000
vn -0.286804 -0.957989 0.000000
vn -0.286804 -0.957989 0.000000
vn -0.173648 -0.984808 0.000000
vn -0.173648 -0.984808 0.000000
vn -0.058145 -0.998308 0.000000
vn -0.058145 -0.998308 0.000000
vn 0.058145 -0.998308 0.000000
vn 0.058145 -0.998308 0.000000
vn 0.173648 -0.984808 0.000000
vn 0.173648 -0.984808 0.000000
vn 0.286804 -0.957989 0.000000
vn 0.286804 -0.957989 0.000000
vn 0.396079 -0.918216 0.000000
vn 0.396079 -0.918216 0.000000
vn 0.500000 -0.866025 0.000000
vn 0.500000 -0.866025 0.000000
vn 0.597159 -0.802123 0.000000
vn 0.597159 -0.802123 0.000000
vn 0.686242 -0.727374 0.000000
vn 0.686242 -0.727374 0.000000
vn 0.766045 -0.642787 0.000000
vn 0.766045 -0.642787 0.000000
vn 0.835487 -0.549510 0.000000
vn 0.835487 -0.549510 0.000000
vn 0.000000 0.000000 -1.000000
vn 0.000000 0.000000 -1.000000
vn 0.000000 0.000000 -1.000000
vn 0.000000 0.000000 -1.000000
vn 0.000000 0.000000 -1.000000
vn 0.000000 0.000000 -1.000000
vn 0.000000 0.000000 -1.000000
vn 0.000000 0.000000 -1.000000
vn 0.000000 0.000000 -1.000000
vn 0.000000 0.000000 -1.000000
vn 0.000000 0.000000 -1.000000
vn 0.000000 0.000000 -1.000000
vn 0.000000 0.000000 -1.000000
vn 0.000000 0.000000 -1.000000
vn 0.000000 0.000000 -1.000000
vn 0.000000 0.000000 -1.000000
vn 0.000000 0.000000 -1.000000
vn 0.000000 0.000000 -1.000000
vn 0.000000 0.000000 -1.000000
vn 0.000000 0.000000 -1.000000
vn 0.000000 0.000000 -1.000000
vn 0.000000 0.000000 -1.000000
vn 0.000000 0.000000 -1.000000
vn 0.000000 0.000000 -1.000000
vn 0.000000 0.000000 -1.000000
vn 0.000000 0.000000 -1.000000
vn 0.000000 0.000000 -1.000000
vn 0.000000 0.000000 -1.000000
vn 0.000000 0.000000 -1.000000
vn 0.000000 0.000000 -1.000000
vn 0.000000 0.000000 -1.000000
vn 0.000000 0.000000 -1.000000
vn 0.000000 0.000000 -1.000000
vn 0.000000 0.000000 -1.000000
vn 0.000000 0.000000 -1.000000
vn 0.000000 0.000000 -1.000000
vn 0.000000 0.000000 -1.000000
vn 0.000000 0.000000 -1.000000
vn 0.000000 0.000000 -1.000000
vn 0.000000 0.000000 -1.000000
vn 0.000000 0.000000 -1.000000
vn 0.000000 0.000000 -1.000000
vn 0.000000 0.000000 -1.000000
vn 0.000000 0.000000 -1.000000
vn 0.000000 0.000000 -1.000000
vn 0.000000 0.000000 -1.000000
vn 0.000000 0.000000 -1.000000
vn 0.000000 0.000000 -1.000000
vn 0.000000 0.000000 -1.000000
vn 0.000000 0.000000 -1.000000
vn 0.000000 0.000000 -1.000000
vn 0.000000 0.000000 -1.000000
vn 0.000000 0.000000 -1.000000
vn 0.000000 0.000000 -1.000000
vn 0.000000 0.000000 -1.000000
vn 0.000000 0.000000 -1.000000
vn 0.000000 0.000000 -1.000000
vn 0.000000 0.000000 -1.000000
vn 0.000000 0.000000 -1.000000
vn 0.000000 0.000000 -1.000000
vn 0.000000 0.000000 -1.000000
vn 0.000000 0.000000 -1.000000
vn 0.000000 0.000000 -1.000000
vn 0.000000 0.000000 -1.000000
vn 0.000000 0.000000 -1.000000
vn 0.000000 0.000000 -1.000000
vn 0.000000 0.000000 -1.000000
vn 0.000000 0.000000 -1.000000
vn 0.000000 0.000000 -1.000000
vn 0.000000 0.000000 -1.000000
vn 0.000000 0.000000 -1.000000
vn 0.000000 0.000000 -1.000000
vn 0.000000 0.000000 -1.000000
vn 0.000000 0.000000 -1.000000
vn 0.000000 0.000000 -1.000000
vn 0.000000 0.000000 -1.000000
vn 0.000000 0.000000 -1.000000
vn 0.000000 0.000000 -1.000000
vn 0.000000 0.000000 -1.000000
vn 0.000000 0.000000 -1.000000
vn 0.000000 0.000000 -1.000000
vn 0.000000 0.000000 -1.000000
vn 0.000000 0.000000 -1.000000
vn 0.000000 0.000000 -1.000000
vn 0.000000 0.000000 -1.000000
vn 0.000000 0.000000 -1.000000
vn 0.000000 0.000000 -1.000000
vn 0.000000 0.000000 -1.000000
vn 0.000000 0.000000 -1.000000
vn 0.000000 0.000000 -1.000000
vn 0.000000 0.000000 -1.000000
vn 0.000000 0.000000 -1.000000
vn 0.000000 0.000000 -1.000000
vn 0.000000 0.000000 -1.000000
vn 0.000000 0.000000 -1.000000
vn 0.000000 0.000000 -1.000000
vn 0.000000 0.000000 -1.000000
vn 0.000000 0.000000 -1.000000
vn 0.000000 0.000000 -1.000000
vn 0.000000 0.000000 -1.000000
vn 0.000000 0.000000 -1.000000
vn 0.000000 0.000000 -1.000000
vn 0.000000 0.000000 -1.000000
vn 0.000000 0.000000 -1.000000
vn 0.000000 0.000000 -1.000000
vn 0.000000 0.000000 -1.000000
vn 0.000000 0.000000 -1.000000
vn 0.000000 0.000000 -1.000000
vn 0.000000 0.000000 -1.000000
vn 0.000000 0.000000 -1.000000
vn 0.000000 0.000000 -1.000000
vn -1.000000 0.000000 0.000000
vn -1.000000 0.000000 0.000000
vn -1.000000 0.000000 0.000000
vn -1.000000 0.000000 0.000000
vn -1.000000 0.000000 0.000000
vn -1.000000 0.000000 0.000000
vn -1.000000 0.000000 0.000000
vn -1.000000 0.000000 0.000000
vn -1.000000 0.000000 0.000000
vn -1.000000 0.000000 0.000000
vn -1.000000 0.000000 0.000000
vn -1.000000 0.000000 0.000000
vn -1.000000 0.000000 0.000000
vn -1.000000 0.000000 0.000000
vn -1.000000 0.000000 0.000000
vn -1.000000 0.000000 0.000000
vn -1.000000 0.000000 0.000000
vn -1.000000 0.000000 0.000000
vn -1.000000 0.000000 0.000000
vn 0.000000 -1.000000 0.000000
vn 0.000000 -1.000000 0.000000
vn 0.000000 0.216592 -0.976262
vn 0.000000 -0.999045 -0.043683
vn -0.052670 -0.994812 -0.087034
vn 0.000000 -0.991437 -0.130588
vn 0.000000 -0.976290 -0.216469
vn -0.051265 -0.964655 -0.258479
vn 0.000000 -0.953708 -0.300734
vn 0.000000 -0.923897 -0.382642
vn -0.048820 -0.905227 -0.422114
vn 0.000000 -0.887030 -0.461712
vn 0.000000 -0.819152 -0.573577
vn 0.000000 -0.819152 -0.573577
vn 0.000000 -0.707107 -0.707106
vn 0.000000 -0.707107 -0.707106
vn 0.000000 -0.573577 -0.819152
vn 0.000000 -0.573577 -0.819152
vn 0.000000 -0.461684 -0.887044
vn -0.038289 -0.422308 -0.905643
vn 0.000000 -0.382617 -0.923907
vn 0.000000 -0.300747 -0.953704
vn -0.036909 -0.258643 -0.965267
vn 0.000000 -0.216482 -0.976287
vn 0.000000 -0.130407 -0.991461
vn -0.036212 -0.087099 -0.995541
vn 0.000000 -0.043501 -0.999053
vn 0.000000 0.087156 -0.996195
vn -0.071608 0.129519 -0.988988
vn 0.000000 0.043555 -0.999051
vn -0.072684 0.298729 -0.951566
vn 0.000000 0.258819 -0.965926
vn 0.000000 0.361082 -0.932534
vn -0.027090 0.422463 -0.905975
vn 0.000000 0.440981 -0.897516
vn 0.000000 0.573577 -0.819152
vn 0.000000 0.573577 -0.819152
vn 0.000000 0.707107 -0.707106
vn 0.000000 0.707107 -0.707106
vn 0.000000 0.819152 -0.573577
vn 0.000000 0.819152 -0.573577
vn 0.000000 0.906308 -0.422618
vn -0.094434 0.918844 -0.383154
vn 0.000000 0.886949 -0.461868
vn 0.000000 0.996195 -0.087155
vn -0.104074 0.993603 -0.043841
vn 0.000000 0.991425 -0.130681
vn 0.000000 0.965926 -0.258820
vn -0.100784 0.971054 -0.216558
vn 0.000000 0.953768 -0.300544
vn 0.000000 1.000000 0.000000
vn 0.000000 1.000000 0.000000
vn 0.591281 -0.388892 -0.706506
vn 0.591283 -0.388893 -0.706503
vn 0.542138 -0.454907 -0.706503
vn 0.542131 -0.454903 -0.706511
vn 0.485655 -0.514764 -0.706511
vn 0.485656 -0.514765 -0.706510
vn 0.422611 -0.567665 -0.706510
vn 0.422610 -0.567665 -0.706511
vn 0.353851 -0.612888 -0.706511
vn 0.353853 -0.612891 -0.706508
vn 0.280307 -0.649827 -0.706508
vn 0.280307 -0.649826 -0.706509
vn 0.202972 -0.677973 -0.706509
vn 0.202973 -0.677973 -0.706508
vn 0.122891 -0.696953 -0.706508
vn 0.122891 -0.696951 -0.706511
vn 0.041149 -0.706505 -0.706511
vn 0.041150 -0.706508 -0.706507
vn -0.041149 -0.706508 -0.706507
vn -0.041150 -0.706505 -0.706511
vn -0.122891 -0.696951 -0.706511
vn -0.122891 -0.696953 -0.706508
vn -0.202973 -0.677973 -0.706508
vn -0.202973 -0.677973 -0.706509
vn -0.280307 -0.649826 -0.706509
vn -0.280307 -0.649827 -0.706508
vn -0.353853 -0.612891 -0.706508
vn -0.353851 -0.612888 -0.706511
vn -0.422610 -0.567664 -0.706511
vn -0.422611 -0.567665 -0.706510
vn -0.485655 -0.514765 -0.706510
vn -0.485655 -0.514764 -0.706511
vn -0.541489 -0.455623 -0.706539
vn -0.546730 -0.458760 -0.700447
vn -0.566606 -0.423044 -0.707101
vn -0.591283 -0.388894 -0.706503
vn -0.591281 -0.388892 -0.706506
vn -0.632431 -0.317619 -0.706505
vn -0.632429 -0.317617 -0.706508
vn -0.665026 -0.242049 -0.706508
vn -0.665026 -0.242050 -0.706507
vn -0.688630 -0.163209 -0.706507
vn -0.688629 -0.163209 -0.706508
vn -0.702920 -0.082159 -0.706508
vn -0.702925 -0.082160 -0.706503
vn -0.707710 0.000000 -0.706503
vn -0.707710 0.000000 -0.706503
vn -0.702925 0.082159 -0.706503
vn -0.702920 0.082160 -0.706508
vn -0.688629 0.163209 -0.706508
vn -0.688630 0.163209 -0.706507
vn -0.665026 0.242049 -0.706507
vn -0.665025 0.242049 -0.706508
vn -0.632429 0.317618 -0.706508
vn -0.632431 0.317618 -0.706506
vn -0.591281 0.388892 -0.706506
vn -0.591283 0.388893 -0.706503
vn -0.542138 0.454907 -0.706503
vn -0.542131 0.454903 -0.706511
vn -0.485655 0.514764 -0.706511
vn -0.485656 0.514765 -0.706510
vn -0.422611 0.567665 -0.706510
vn -0.422610 0.567665 -0.706511
vn -0.353851 0.612888 -0.706511
vn -0.353853 0.612891 -0.706508
vn -0.280307 0.649827 -0.706508
vn -0.280307 0.649826 -0.706509
vn -0.202972 0.677973 -0.706509
vn -0.202973 0.677973 -0.706508
vn -0.122891 0.696953 -0.706508
vn -0.122891 0.696951 -0.706511
vn -0.041149 0.706505 -0.706511
vn -0.041150 0.706508 -0.706507
vn 0.580333 -0.406354 -0.705755
vn 0.580331 -0.406348 -0.705760
vn 0.500950 -0.500951 -0.705761
vn 0.500949 -0.500949 -0.705762
vn 0.406351 -0.580327 -0.705762
vn 0.406351 -0.580330 -0.705759
vn 0.299404 -0.642075 -0.705760
vn 0.299403 -0.642077 -0.705758
vn 0.183360 -0.684313 -0.705758
vn 0.183361 -0.684311 -0.705760
vn 0.061746 -0.705755 -0.705760
vn 0.061745 -0.705758 -0.705757
vn -0.061746 -0.705758 -0.705757
vn -0.061744 -0.705756 -0.705759
vn -0.183360 -0.684312 -0.705759
vn -0.183361 -0.684313 -0.705758
vn -0.299406 -0.642076 -0.705758
vn -0.299403 -0.642074 -0.705761
vn -0.406349 -0.580329 -0.705761
vn -0.406351 -0.580329 -0.705760
vn -0.500950 -0.500951 -0.705759
vn -0.500952 -0.500952 -0.705758
vn -0.580331 -0.406352 -0.705758
vn -0.580334 -0.406352 -0.705755
vn -0.642080 -0.299405 -0.705755
vn -0.642075 -0.299406 -0.705759
vn -0.684312 -0.183362 -0.705759
vn -0.684317 -0.183360 -0.705755
vn -0.705761 -0.061743 -0.705754
vn -0.705755 -0.061747 -0.705760
vn -0.705755 0.061742 -0.705760
vn -0.705760 0.061747 -0.705755
vn -0.684316 0.183363 -0.705755
vn -0.684313 0.183359 -0.705759
vn -0.642076 0.299403 -0.705759
vn -0.642079 0.299407 -0.705755
vn -0.061745 -0.705758 -0.705757
vn -0.061750 -0.705763 -0.705751
vn -0.183364 -0.684319 -0.705751
vn -0.183357 -0.684314 -0.705758
vn -0.299406 -0.642076 -0.705758
vn -0.299409 -0.642078 -0.705755
vn -0.406352 -0.580334 -0.705755
vn -0.406350 -0.580334 -0.705757
vn -0.500954 -0.500952 -0.705757
vn -0.500952 -0.500952 -0.705758
vn -0.580330 -0.406352 -0.705758
vn -0.580331 -0.406352 -0.705758
vn -0.642077 -0.299404 -0.705758
vn -0.642078 -0.299404 -0.705758
vn -0.684313 -0.183362 -0.705758
vn -0.684314 -0.183362 -0.705757
vn -0.705758 -0.061746 -0.705757
vn -0.705758 -0.061746 -0.705757
vn -0.705758 0.061746 -0.705757
vn -0.705758 0.061745 -0.705757
vn -0.684314 0.183362 -0.705757
vn -0.684313 0.183361 -0.705758
vn -0.642076 0.299404 -0.705759
vn -0.642076 0.299404 -0.705759
vn -0.580330 0.406350 -0.705760
vn -0.580331 0.406352 -0.705758
vn -0.500953 0.500951 -0.705758
vn -0.500953 0.500953 -0.705757
vn -0.406353 0.580332 -0.705757
vn -0.406352 0.580337 -0.705753
vn -0.299406 0.642083 -0.705752
vn -0.299408 0.642075 -0.705758
vn -0.183363 0.684312 -0.705758
vn -0.183361 0.684317 -0.705755
vn -0.061743 0.705761 -0.705754
vn -0.061744 0.705758 -0.705757
vn -0.593910 0.384612 -0.706643
vn -0.593909 0.384611 -0.706644
vn -0.551586 0.443178 -0.706644
vn -0.551584 0.443176 -0.706647
vn -0.503510 0.497120 -0.706647
vn -0.503513 0.497124 -0.706642
vn -0.450187 0.545884 -0.706642
vn -0.450184 0.545879 -0.706647
vn -0.392163 0.588947 -0.706647
vn -0.392163 0.588947 -0.706647
vn -0.330053 0.625872 -0.706647
vn -0.330053 0.625872 -0.706646
vn -0.264500 0.656270 -0.706646
vn -0.264499 0.656267 -0.706650
vn -0.196189 0.679820 -0.706650
vn -0.196190 0.679824 -0.706646
vn -0.125833 0.696288 -0.706646
vn -0.125833 0.696288 -0.706646
vn -0.054164 0.705491 -0.706646
vn -0.054164 0.705496 -0.706641
vn 0.018070 0.707341 -0.706641
vn 0.018070 0.707338 -0.706645
vn 0.090117 0.701806 -0.706645
vn 0.090116 0.701801 -0.706650
vn 0.161220 0.688951 -0.706650
vn 0.161222 0.688956 -0.706645
vn 0.230647 0.668921 -0.706645
vn 0.230647 0.668922 -0.706643
vn 0.297666 0.641911 -0.706644
vn 0.297665 0.641909 -0.706646
vn 0.361580 0.608204 -0.706645
vn 0.361582 0.608205 -0.706643
vn 0.421726 0.568157 -0.706643
vn 0.421728 0.568160 -0.706640
vn 0.477474 0.522185 -0.706640
vn 0.477469 0.522181 -0.706648
vn 0.528235 0.470762 -0.706647
vn 0.528236 0.470762 -0.706647
vn 0.573494 0.414434 -0.706647
vn 0.573496 0.414435 -0.706645
vn 0.612773 0.353784 -0.706645
vn 0.612771 0.353784 -0.706646
vn 0.645658 0.289444 -0.706646
vn 0.645660 0.289444 -0.706644
vn 0.671813 0.222085 -0.706644
vn 0.671814 0.222086 -0.706642
vn 0.690961 0.152411 -0.706642
vn 0.690958 0.152411 -0.706646
vn 0.702899 0.081146 -0.706646
vn 0.702901 0.081146 -0.706644
vn 0.707512 0.009035 -0.706644
vn 0.707505 0.009036 -0.706650
vn 0.704738 -0.063168 -0.706650
vn 0.704741 -0.063169 -0.706647
vn 0.694624 -0.134714 -0.706647
vn 0.694628 -0.134715 -0.706642
vn 0.677267 -0.204857 -0.706642
vn 0.677264 -0.204856 -0.706645
vn 0.652840 -0.272860 -0.706645
vn 0.652842 -0.272861 -0.706643
vn 0.621609 -0.338021 -0.706643
vn 0.621604 -0.338017 -0.706649
vn 0.583889 -0.399650 -0.706649
vn 0.583893 -0.399654 -0.706643
vn 0.540089 -0.457120 -0.706643
vn 0.540092 -0.457124 -0.706639
vn 0.490654 -0.509823 -0.706639
vn 0.490650 -0.509817 -0.706646
vn 0.436097 -0.557199 -0.706646
vn 0.436099 -0.557202 -0.706642
vn 0.376997 -0.598774 -0.706642
vn 0.376996 -0.598772 -0.706644
vn 0.313962 -0.634099 -0.706645
vn 0.313963 -0.634102 -0.706641
vn 0.247656 -0.662816 -0.706641
vn 0.247654 -0.662809 -0.706648
vn 0.178764 -0.684611 -0.706648
vn 0.178764 -0.684616 -0.706643
vn 0.108010 -0.699277 -0.706643
vn 0.108010 -0.699277 -0.706644
vn 0.036129 -0.706646 -0.706644
vn 0.036129 -0.706646 -0.706645
vn 1.000000 0.000000 0.000000
vn 1.000000 0.000000 0.000000
vn 0.906759 -0.421649 0.000000
vn 0.906759 -0.421649 0.000000
vn 0.966091 -0.258200 0.000000
vn 0.966091 -0.258200 0.000000
vn 0.996213 -0.086942 0.000000
vn 0.996213 -0.086942 0.000000
vn 0.996213 0.086942 0.000000
vn 0.996213 0.086942 0.000000
vn 0.966091 0.258200 0.000000
vn 0.966091 0.258200 0.000000
vn 0.906759 0.421649 0.000000
vn 0.906759 0.421649 0.000000
vn 0.601938 0.371349 0.706944
vn 0.601939 0.371354 0.706941
vn 0.578217 0.407308 0.706941
vn 0.578216 0.407305 0.706943
vn 0.552349 0.441749 0.706943
vn 0.552348 0.441749 0.706943
vn 0.524432 0.474554 0.706943
vn 0.524433 0.474556 0.706942
vn 0.494571 0.505601 0.706942
vn 0.494571 0.505600 0.706943
vn 0.462875 0.534770 0.706943
vn 0.462875 0.534770 0.706943
vn 0.429461 0.561956 0.706943
vn 0.429461 0.561955 0.706943
vn 0.394455 0.587057 0.706944
vn 0.394455 0.587056 0.706944
vn 0.357986 0.609980 0.706944
vn 0.357986 0.609982 0.706942
vn 0.320190 0.630643 0.706942
vn 0.320190 0.630642 0.706943
vn 0.281205 0.648965 0.706943
vn 0.281205 0.648965 0.706942
vn 0.241177 0.664881 0.706942
vn 0.241177 0.664880 0.706943
vn 0.200255 0.678329 0.706943
vn 0.200254 0.678330 0.706942
vn 0.158589 0.689263 0.706941
vn 0.158590 0.689260 0.706944
vn 0.116336 0.697636 0.706944
vn 0.116336 0.697636 0.706944
vn 0.073650 0.703424 0.706944
vn 0.073651 0.703424 0.706945
vn 0.030694 0.706603 0.706945
vn 0.030692 0.706604 0.706943
vn -0.012379 0.707162 0.706943
vn -0.012379 0.707162 0.706943
vn -0.055405 0.705097 0.706943
vn -0.055405 0.705097 0.706943
vn -0.098227 0.700417 0.706943
vn -0.098226 0.700416 0.706943
vn -0.140681 0.693138 0.706943
vn -0.140683 0.693139 0.706942
vn -0.182617 0.683289 0.706942
vn -0.182615 0.683288 0.706943
vn -0.223874 0.670903 0.706943
vn -0.223874 0.670904 0.706943
vn -0.264299 0.656031 0.706943
vn -0.264301 0.656033 0.706942
vn -0.303747 0.638726 0.706942
vn -0.303747 0.638726 0.706942
vn -0.342066 0.619051 0.706942
vn -0.342067 0.619051 0.706941
vn -0.379118 0.597079 0.706942
vn -0.379117 0.597079 0.706942
vn -0.414762 0.572893 0.706942
vn -0.414761 0.572892 0.706943
vn -0.448867 0.546581 0.706943
vn -0.448866 0.546581 0.706943
vn -0.481307 0.518242 0.706943
vn -0.481309 0.518242 0.706942
vn -0.511965 0.487981 0.706942
vn -0.511963 0.487980 0.706943
vn -0.540720 0.455909 0.706943
vn -0.540721 0.455909 0.706942
vn -0.567473 0.422147 0.706942
vn -0.567473 0.422147 0.706942
vn -0.592118 0.386819 0.706942
vn -0.592117 0.386820 0.706943
vn -0.614567 0.350056 0.706943
vn -0.614569 0.350056 0.706941
vn -0.634740 0.311994 0.706941
vn -0.634738 0.311994 0.706942
vn -0.652554 0.272775 0.706942
vn -0.652553 0.272776 0.706943
vn -0.667948 0.232546 0.706943
vn -0.667948 0.232545 0.706942
vn -0.680866 0.191452 0.706942
vn -0.680867 0.191452 0.706942
vn -0.691259 0.149648 0.706942
vn -0.691258 0.149648 0.706943
vn -0.699085 0.107291 0.706943
vn -0.699088 0.107289 0.706940
vn -0.704323 0.064532 0.706940
vn -0.704319 0.064535 0.706944
vn -0.706941 0.021539 0.706945
vn -0.706943 0.021537 0.706942
vn -0.706943 -0.021539 0.706942
vn -0.706941 -0.021537 0.706944
vn -0.704319 -0.064532 0.706944
vn -0.704323 -0.064536 0.706940
vn -0.699088 -0.107292 0.706940
vn -0.699086 -0.107289 0.706943
vn -0.691258 -0.149647 0.706943
vn -0.691259 -0.149649 0.706942
vn -0.680867 -0.191452 0.706942
vn -0.680866 -0.191451 0.706943
vn -0.667948 -0.232546 0.706942
vn -0.667948 -0.232545 0.706943
vn -0.652553 -0.272775 0.706943
vn -0.652554 -0.272776 0.706942
vn -0.634739 -0.311994 0.706942
vn -0.634739 -0.311995 0.706941
vn -0.614569 -0.350057 0.706941
vn -0.614568 -0.350055 0.706943
vn -0.592118 -0.386819 0.706943
vn -0.592118 -0.386820 0.706942
vn -0.567473 -0.422147 0.706942
vn -0.567473 -0.422147 0.706942
vn -0.540721 -0.455910 0.706942
vn -0.540721 -0.455908 0.706943
vn -0.511964 -0.487980 0.706943
vn -0.511964 -0.487981 0.706942
vn -0.481308 -0.518243 0.706942
vn -0.481308 -0.518241 0.706943
vn -0.448867 -0.546580 0.706943
vn -0.448867 -0.546581 0.706943
vn -0.414762 -0.572892 0.706943
vn -0.414761 -0.572893 0.706942
vn -0.379118 -0.597079 0.706942
vn -0.379118 -0.597079 0.706942
vn -0.342067 -0.619051 0.706942
vn -0.342067 -0.619051 0.706942
vn -0.303747 -0.638726 0.706942
vn -0.303747 -0.638726 0.706942
vn -0.264299 -0.656033 0.706942
vn -0.264300 -0.656031 0.706943
vn -0.223874 -0.670904 0.706943
vn -0.223874 -0.670903 0.706943
vn -0.182617 -0.683288 0.706943
vn -0.182616 -0.683290 0.706942
vn -0.140682 -0.693139 0.706942
vn -0.140682 -0.693137 0.706943
vn -0.098227 -0.700416 0.706943
vn -0.098226 -0.700417 0.706943
vn -0.055405 -0.705098 0.706943
vn -0.055405 -0.705097 0.706943
vn -0.012379 -0.707162 0.706943
vn -0.012379 -0.707162 0.706943
vn 0.030694 -0.706604 0.706943
vn 0.030692 -0.706603 0.706945
vn 0.073650 -0.703424 0.706945
vn 0.073651 -0.703424 0.706944
vn 0.116336 -0.697636 0.706944
vn 0.116336 -0.697636 0.706944
vn 0.158588 -0.689260 0.706944
vn 0.158591 -0.689262 0.706942
vn 0.200255 -0.678330 0.706941
vn 0.200254 -0.678329 0.706943
vn 0.241176 -0.664881 0.706943
vn 0.241177 -0.664881 0.706942
vn 0.281205 -0.648965 0.706942
vn 0.281205 -0.648965 0.706943
vn 0.320190 -0.630642 0.706943
vn 0.320191 -0.630643 0.706942
vn 0.357987 -0.609982 0.706942
vn 0.357985 -0.609981 0.706944
vn 0.394455 -0.587057 0.706944
vn 0.394455 -0.587057 0.706944
vn 0.429461 -0.561956 0.706943
vn 0.429462 -0.561956 0.706943
vn 0.462874 -0.534770 0.706943
vn 0.462875 -0.534770 0.706943
vn 0.494571 -0.505601 0.706943
vn 0.494572 -0.505601 0.706942
vn 0.524433 -0.474555 0.706942
vn 0.524432 -0.474555 0.706943
vn 0.552348 -0.441749 0.706943
vn 0.552349 -0.441749 0.706943
vn 0.578215 -0.407307 0.706943
vn 0.578218 -0.407306 0.706941
vn 0.601941 -0.371351 0.706941
vn 0.601936 -0.371352 0.706944
vn 0.705765 0.061594 0.705763
vn 0.705765 0.061594 0.705764
vn 0.684425 0.182921 0.705764
vn 0.684424 0.182920 0.705765
vn 0.642390 0.298715 0.705765
vn 0.642389 0.298714 0.705766
vn 0.642389 -0.298715 0.705766
vn 0.642390 -0.298714 0.705765
vn 0.684423 -0.182921 0.705765
vn 0.684425 -0.182920 0.705764
vn 0.705765 -0.061594 0.705764
vn 0.705765 -0.061594 0.705764
vn 0.707107 0.000000 0.707106
vn 0.707107 0.000000 0.707106
f 1//1 2//1 3//1
f 1//2 3//2 4//2
f 5//3 6//3 7//3
f 7//4 6//4 8//4
f 7//5 8//5 9//5
f 9//6 8//6 10//6
f 9//7 10//7 11//7
f 11//8 12//8 9//8
f 9//9 12//9 13//9
f 9//10 13//10 3//10
f 3//11 13//11 14//11
f 3//12 14//12 4//12
f 2//13 15//13 3//13
f 3//14 15//14 16//14
f 3//15 16//15 17//15
f 17//16 18//16 3//16
f 3//17 18//17 19//17
f 3//18 19//18 20//18
f 21//19 22//19 23//19
f 22//20 24//20 23//20
f 23//21 24//21 25//21
f 23//22 25//22 26//22
f 26//23 27//23 23//23
f 23//24 27//24 28//24
f 23//25 28//25 29//25
f 29//26 30//26 23//26
f 23//27 30//27 31//27
f 23//28 31//28 32//28
f 33//29 34//29 35//29
f 35//30 34//30 23//30
f 35//31 23//31 36//31
f 36//32 23//32 32//32
f 33//33 37//33 34//33
f 34//34 37//34 38//34
f 34//35 38//35 39//35
f 39//36 38//36 40//36
f 39//37 40//37 41//37
f 42//38 43//38 44//38
f 42//39 44//39 45//39
f 41//40 46//40 39//40
f 39//41 46//41 47//41
f 39//42 47//42 44//42
f 44//43 47//43 48//43
f 44//44 48//44 45//44
f 43//45 49//45 44//45
f 44//46 49//46 50//46
f 44//47 50//47 51//47
f 51//48 52//48 44//48
f 44//49 52//49 53//49
f 44//50 53//50 54//50
f 55//51 56//51 57//51
f 57//52 56//52 58//52
f 57//53 58//53 59//53
f 59//54 60//54 57//54
f 57//55 60//55 61//55
f 57//56 61//56 62//56
f 62//57 63//57 57//57
f 57//58 63//58 64//58
f 57//59 64//59 65//59
f 65//60 64//60 66//60
f 66//61 67//61 65//61
f 65//62 67//62 68//62
f 65//63 68//63 7//63
f 7//64 68//64 69//64
f 7//65 69//65 5//65
f 70//66 71//66 72//66
f 73//67 74//67 75//67
f 75//68 74//68 76//68
f 75//69 76//69 77//69
f 77//70 76//70 78//70
f 77//71 78//71 79//71
f 79//72 80//72 77//72
f 77//73 80//73 81//73
f 77//74 81//74 72//74
f 72//75 81//75 82//75
f 72//76 82//76 70//76
f 71//77 83//77 72//77
f 72//78 83//78 84//78
f 72//79 84//79 85//79
f 85//80 86//80 72//80
f 72//81 86//81 87//81
f 72//82 87//82 88//82
f 89//83 90//83 91//83
f 90//84 92//84 91//84
f 91//85 92//85 93//85
f 91//86 93//86 94//86
f 94//87 95//87 91//87
f 91//88 95//88 96//88
f 91//89 96//89 97//89
f 97//90 98//90 91//90
f 91//91 98//91 99//91
f 91//92 99//92 100//92
f 101//93 102//93 103//93
f 103//94 102//94 91//94
f 103//95 91//95 104//95
f 104//96 91//96 100//96
f 101//97 105//97 102//97
f 102//98 105//98 106//98
f 102//99 106//99 107//99
f 108//100 109//100 110//100
f 107//101 111//101 102//101
f 102//102 111//102 112//102
f 102//103 112//103 110//103
f 110//104 112//104 113//104
f 110//105 113//105 108//105
f 109//106 114//106 110//106
f 110//107 114//107 115//107
f 110//108 115//108 116//108
f 116//109 117//109 110//109
f 110//110 117//110 118//110
f 110//111 118//111 119//111
f 119//112 120//112 110//112
f 110//113 120//113 121//113
f 110//114 121//114 122//114
f 122//115 123//115 124//115
f 124//116 123//116 125//116
f 124//117 125//117 126//117
f 126//118 127//118 124//118
f 124//119 127//119 128//119
f 124//120 128//120 129//120
f 129//121 130//121 124//121
f 124//122 130//122 131//122
f 124//123 131//123 132//123
f 132//124 131//124 133//124
f 132//125 133//125 134//125
f 134//126 135//126 132//126
f 132//127 135//127 136//127
f 132//128 136//128 75//128
f 75//129 136//129 137//129
f 75//130 137//130 73//130
f 138//131 139//131 140//131
f 141//132 142//132 143//132
f 143//133 142//133 144//133
f 138//134 140//134 145//134
f 144//135 146//135 143//135
f 143//136 146//136 147//136
f 143//137 147//137 140//137
f 140//138 147//138 148//138
f 140//139 148//139 145//139
f 139//140 149//140 140//140
f 140//141 149//141 150//141
f 140//142 150//142 151//142
f 151//143 152//143 140//143
f 140//144 152//144 153//144
f 140//145 153//145 154//145
f 154//146 155//146 140//146
f 140//147 155//147 156//147
f 140//148 156//148 157//148
f 158//149 157//149 159//149
f 159//150 160//150 158//150
f 158//151 160//151 161//151
f 158//152 161//152 162//152
f 162//153 163//153 158//153
f 158//154 163//154 164//154
f 158//155 164//155 165//155
f 165//156 166//156 158//156
f 158//157 166//157 167//157
f 158//158 167//158 168//158
f 168//159 167//159 169//159
f 168//160 169//160 170//160
f 170//161 171//161 168//161
f 168//162 171//162 172//162
f 168//163 172//163 173//163
f 173//164 172//164 174//164
f 173//165 174//165 175//165
f 175//166 176//166 173//166
f 173//167 176//167 177//167
f 173//168 177//168 178//168
f 178//169 177//169 179//169
f 178//170 179//170 180//170
f 180//171 181//171 178//171
f 178//172 181//172 182//172
f 178//173 182//173 183//173
f 183//174 182//174 184//174
f 183//175 184//175 185//175
f 185//176 186//176 183//176
f 183//177 186//177 187//177
f 183//178 187//178 188//178
f 188//179 189//179 183//179
f 183//180 189//180 190//180
f 183//181 190//181 191//181
f 192//182 193//182 194//182
f 194//183 193//183 195//183
f 194//184 195//184 196//184
f 196//185 197//185 194//185
f 194//186 197//186 198//186
f 194//187 198//187 199//187
f 199//188 200//188 194//188
f 194//189 200//189 201//189
f 194//190 201//190 202//190
f 202//191 203//191 194//191
f 194//192 203//192 204//192
f 194//193 204//193 143//193
f 143//194 204//194 205//194
f 143//195 205//195 141//195
f 206//196 207//196 208//196
f 209//197 210//197 211//197
f 211//198 210//198 212//198
f 211//199 212//199 213//199
f 206//200 208//200 214//200
f 213//201 215//201 211//201
f 211//202 215//202 216//202
f 211//203 216//203 208//203
f 208//204 216//204 217//204
f 208//205 217//205 214//205
f 207//206 218//206 208//206
f 208//207 218//207 219//207
f 208//208 219//208 220//208
f 220//209 221//209 208//209
f 208//210 221//210 222//210
f 208//211 222//211 223//211
f 223//212 224//212 208//212
f 208//213 224//213 225//213
f 208//214 225//214 226//214
f 226//215 227//215 228//215
f 228//216 227//216 229//216
f 229//217 230//217 228//217
f 228//218 230//218 231//218
f 228//219 231//219 232//219
f 232//220 233//220 228//220
f 228//221 233//221 234//221
f 228//222 234//222 235//222
f 235//223 236//223 228//223
f 228//224 236//224 237//224
f 228//225 237//225 238//225
f 238//226 237//226 239//226
f 238//227 239//227 240//227
f 240//228 241//228 238//228
f 238//229 241//229 242//229
f 238//230 242//230 243//230
f 243//231 242//231 244//231
f 243//232 244//232 245//232
f 245//233 246//233 243//233
f 243//234 246//234 247//234
f 243//235 247//235 248//235
f 248//236 247//236 249//236
f 249//237 250//237 248//237
f 248//238 250//238 251//238
f 248//239 251//239 252//239
f 252//240 251//240 253//240
f 252//241 253//241 254//241
f 254//242 255//242 252//242
f 252//243 255//243 256//243
f 252//244 256//244 257//244
f 258//245 259//245 260//245
f 258//246 260//246 261//246
f 257//247 262//247 252//247
f 252//248 262//248 263//248
f 252//249 263//249 264//249
f 259//250 265//250 260//250
f 260//251 265//251 266//251
f 260//252 266//252 267//252
f 267//253 268//253 260//253
f 260//254 268//254 269//254
f 260//255 269//255 270//255
f 270//256 271//256 260//256
f 260//257 271//257 272//257
f 260//258 272//258 211//258
f 211//259 272//259 273//259
f 211//260 273//260 209//260
f 264//261 261//261 252//261
f 252//262 261//262 260//262
f 252//263 260//263 274//263
f 274//264 260//264 275//264
f 274//265 275//265 276//265
f 226//266 228//266 208//266
f 208//267 228//267 277//267
f 208//268 277//268 278//268
f 277//269 279//269 278//269
f 278//270 279//270 280//270
f 278//271 280//271 281//271
f 280//272 282//272 281//272
f 281//273 282//273 283//273
f 281//274 283//274 284//274
f 283//275 285//275 284//275
f 284//276 285//276 286//276
f 284//277 286//277 287//277
f 286//278 288//278 287//278
f 287//279 288//279 289//279
f 287//280 289//280 290//280
f 289//281 291//281 290//281
f 290//282 291//282 292//282
f 290//283 292//283 293//283
f 292//284 294//284 293//284
f 293//285 294//285 295//285
f 293//286 295//286 296//286
f 295//287 297//287 296//287
f 296//288 297//288 298//288
f 296//289 298//289 299//289
f 298//290 300//290 299//290
f 299//291 300//291 301//291
f 299//292 301//292 302//292
f 301//293 303//293 302//293
f 302//294 303//294 304//294
f 302//295 304//295 305//295
f 191//296 192//296 183//296
f 183//297 192//297 194//297
f 183//298 194//298 306//298
f 306//299 194//299 305//299
f 306//300 305//300 307//300
f 307//301 305//301 304//301
f 157//302 158//302 140//302
f 140//303 158//303 308//303
f 140//304 308//304 309//304
f 308//305 310//305 309//305
f 309//306 310//306 311//306
f 309//307 311//307 312//307
f 311//308 313//308 312//308
f 312//309 313//309 314//309
f 312//310 314//310 315//310
f 314//311 316//311 315//311
f 315//312 316//312 317//312
f 315//313 317//313 318//313
f 317//314 319//314 318//314
f 318//315 319//315 320//315
f 318//316 320//316 321//316
f 320//317 322//317 321//317
f 321//318 322//318 323//318
f 321//319 323//319 324//319
f 323//320 325//320 324//320
f 324//321 325//321 326//321
f 324//322 326//322 327//322
f 326//323 328//323 327//323
f 327//324 328//324 329//324
f 327//325 329//325 330//325
f 329//326 331//326 330//326
f 330//327 331//327 332//327
f 330//328 332//328 333//328
f 332//329 334//329 333//329
f 333//330 334//330 335//330
f 333//331 335//331 336//331
f 88//332 89//332 72//332
f 72//333 89//333 91//333
f 72//334 91//334 337//334
f 337//335 91//335 336//335
f 337//336 336//336 338//336
f 338//337 336//337 335//337
f 122//338 124//338 110//338
f 110//339 124//339 339//339
f 110//340 339//340 340//340
f 339//341 341//341 340//341
f 340//342 341//342 342//342
f 340//343 342//343 343//343
f 342//344 344//344 343//344
f 343//345 344//345 345//345
f 343//346 345//346 346//346
f 345//347 347//347 346//347
f 346//348 347//348 348//348
f 346//349 348//349 349//349
f 348//350 350//350 349//350
f 349//351 350//351 351//351
f 349//352 351//352 352//352
f 351//353 353//353 352//353
f 352//354 353//354 354//354
f 352//355 354//355 355//355
f 354//356 356//356 355//356
f 355//357 356//357 357//357
f 355//358 357//358 358//358
f 357//359 359//359 358//359
f 358//360 359//360 360//360
f 358//361 360//361 361//361
f 360//362 362//362 361//362
f 361//363 362//363 363//363
f 361//364 363//364 364//364
f 363//365 365//365 364//365
f 364//366 365//366 366//366
f 364//367 366//367 367//367
f 20//368 21//368 3//368
f 3//369 21//369 23//369
f 3//370 23//370 368//370
f 368//371 23//371 367//371
f 368//372 367//372 369//372
f 369//373 367//373 366//373
f 370//374 371//374 372//374
f 372//375 371//375 44//375
f 372//376 44//376 57//376
f 57//377 44//377 54//377
f 57//378 54//378 55//378
f 373//379 374//379 375//379
f 375//380 374//380 376//380
f 211//381 208//381 377//381
f 378//382 379//382 380//382
f 377//383 381//383 211//383
f 211//384 381//384 382//384
f 211//385 382//385 260//385
f 373//386 383//386 374//386
f 374//387 383//387 384//387
f 374//388 384//388 385//388
f 385//389 386//389 281//389
f 281//390 386//390 387//390
f 382//391 388//391 260//391
f 260//392 388//392 389//392
f 260//393 389//393 275//393
f 275//394 389//394 390//394
f 275//395 390//395 378//395
f 378//396 390//396 391//396
f 378//397 391//397 379//397
f 392//398 393//398 394//398
f 394//399 393//399 395//399
f 394//400 395//400 396//400
f 397//401 398//401 374//401
f 398//402 399//402 374//402
f 374//403 399//403 400//403
f 374//404 400//404 376//404
f 387//405 401//405 281//405
f 281//406 401//406 402//406
f 281//407 402//407 278//407
f 402//408 403//408 278//408
f 278//409 403//409 404//409
f 278//410 404//410 208//410
f 208//411 404//411 405//411
f 208//412 405//412 377//412
f 396//413 406//413 394//413
f 394//414 406//414 407//414
f 394//415 407//415 408//415
f 408//416 409//416 394//416
f 394//417 409//417 410//417
f 394//418 410//418 411//418
f 380//419 392//419 378//419
f 378//420 392//420 394//420
f 378//421 394//421 412//421
f 412//422 394//422 413//422
f 414//423 415//423 416//423
f 394//424 417//424 418//424
f 419//425 420//425 413//425
f 413//426 420//426 421//426
f 421//427 422//427 413//427
f 413//428 422//428 423//428
f 413//429 423//429 424//429
f 416//430 425//430 426//430
f 418//431 427//431 394//431
f 394//432 427//432 428//432
f 394//433 428//433 413//433
f 413//434 428//434 429//434
f 413//435 429//435 419//435
f 426//436 430//436 416//436
f 416//437 430//437 431//437
f 416//438 431//438 414//438
f 415//439 432//439 416//439
f 416//440 432//440 433//440
f 416//441 433//441 394//441
f 394//442 433//442 434//442
f 394//443 434//443 417//443
f 435//444 436//444 44//444
f 44//445 436//445 437//445
f 44//446 437//446 39//446
f 39//447 437//447 438//447
f 39//448 438//448 34//448
f 34//449 438//449 439//449
f 34//450 439//450 440//450
f 440//451 441//451 34//451
f 34//452 441//452 442//452
f 34//453 442//453 416//453
f 416//454 442//454 443//454
f 416//455 443//455 425//455
f 424//456 444//456 413//456
f 413//457 444//457 445//457
f 413//458 445//458 446//458
f 446//459 445//459 447//459
f 446//460 447//460 448//460
f 448//461 449//461 446//461
f 446//462 449//462 450//462
f 446//463 450//463 451//463
f 451//464 450//464 452//464
f 451//465 452//465 453//465
f 453//466 452//466 435//466
f 453//467 435//467 371//467
f 371//468 435//468 44//468
f 454//469 455//469 456//469
f 456//470 455//470 457//470
f 456//471 457//471 458//471
f 459//472 460//472 358//472
f 361//473 364//473 461//473
f 458//474 462//474 456//474
f 456//475 462//475 463//475
f 456//476 463//476 464//476
f 460//477 465//477 358//477
f 358//478 465//478 466//478
f 358//479 466//479 467//479
f 461//480 468//480 361//480
f 361//481 468//481 469//481
f 361//482 469//482 358//482
f 358//483 469//483 470//483
f 358//484 470//484 459//484
f 34//485 471//485 23//485
f 23//486 471//486 472//486
f 23//487 472//487 367//487
f 472//488 473//488 367//488
f 367//489 473//489 474//489
f 367//490 474//490 364//490
f 364//491 474//491 475//491
f 364//492 475//492 461//492
f 476//493 416//493 477//493
f 477//494 416//494 456//494
f 477//495 456//495 478//495
f 478//496 456//496 464//496
f 476//497 479//497 416//497
f 416//498 479//498 480//498
f 416//499 480//499 481//499
f 481//500 482//500 416//500
f 416//501 482//501 483//501
f 416//502 483//502 484//502
f 485//503 486//503 34//503
f 34//504 486//504 487//504
f 34//505 487//505 471//505
f 484//506 488//506 416//506
f 416//507 488//507 489//507
f 416//508 489//508 34//508
f 34//509 489//509 490//509
f 34//510 490//510 485//510
f 349//511 352//511 456//511
f 467//512 454//512 358//512
f 358//513 454//513 456//513
f 358//514 456//514 355//514
f 355//515 456//515 352//515
f 491//516 343//516 456//516
f 456//517 343//517 346//517
f 456//518 346//518 349//518
f 492//519 336//519 491//519
f 491//520 336//520 91//520
f 491//521 91//521 102//521
f 102//522 110//522 491//522
f 491//523 110//523 340//523
f 491//524 340//524 343//524
f 318//525 321//525 493//525
f 493//526 321//526 324//526
f 324//527 327//527 493//527
f 493//528 327//528 330//528
f 493//529 330//529 492//529
f 492//530 330//530 333//530
f 492//531 333//531 336//531
f 494//532 495//532 493//532
f 496//533 497//533 498//533
f 494//534 493//534 499//534
f 318//535 500//535 315//535
f 315//536 500//536 501//536
f 315//537 501//537 502//537
f 503//538 504//538 318//538
f 504//539 505//539 318//539
f 318//540 505//540 506//540
f 318//541 506//541 500//541
f 502//542 507//542 315//542
f 315//543 507//543 508//543
f 315//544 508//544 498//544
f 498//545 508//545 509//545
f 498//546 509//546 496//546
f 510//547 511//547 512//547
f 512//548 511//548 513//548
f 512//549 513//549 514//549
f 514//550 515//550 512//550
f 512//551 515//551 516//551
f 512//552 516//552 493//552
f 493//553 516//553 517//553
f 493//554 517//554 499//554
f 495//555 518//555 493//555
f 493//556 518//556 519//556
f 493//557 519//557 520//557
f 520//558 521//558 493//558
f 493//559 521//559 522//559
f 493//560 522//560 318//560
f 318//561 522//561 523//561
f 318//562 523//562 503//562
f 497//563 524//563 498//563
f 498//564 524//564 525//564
f 498//565 525//565 526//565
f 526//566 527//566 498//566
f 498//567 527//567 528//567
f 498//568 528//568 529//568
f 529//569 530//569 512//569
f 512//570 530//570 531//570
f 512//571 531//571 510//571
f 140//572 309//572 498//572
f 498//573 309//573 312//573
f 498//574 312//574 315//574
f 302//575 305//575 498//575
f 305//576 194//576 498//576
f 498//577 194//577 143//577
f 498//578 143//578 140//578
f 532//579 533//579 374//579
f 534//580 535//580 498//580
f 534//581 498//581 536//581
f 535//582 537//582 498//582
f 498//583 537//583 538//583
f 498//584 538//584 539//584
f 540//585 541//585 296//585
f 541//586 542//586 296//586
f 296//587 542//587 543//587
f 296//588 543//588 544//588
f 529//589 512//589 498//589
f 498//590 512//590 545//590
f 498//591 545//591 536//591
f 546//592 547//592 512//592
f 512//593 547//593 548//593
f 512//594 548//594 549//594
f 549//595 550//595 512//595
f 512//596 550//596 551//596
f 512//597 551//597 545//597
f 299//598 552//598 553//598
f 554//599 555//599 374//599
f 374//600 555//600 556//600
f 302//601 498//601 299//601
f 299//602 498//602 557//602
f 299//603 557//603 552//603
f 553//604 558//604 299//604
f 299//605 558//605 559//605
f 299//606 559//606 296//606
f 296//607 559//607 560//607
f 296//608 560//608 540//608
f 556//609 561//609 374//609
f 374//610 561//610 562//610
f 374//611 562//611 512//611
f 512//612 562//612 563//612
f 512//613 563//613 546//613
f 539//614 564//614 498//614
f 498//615 564//615 565//615
f 498//616 565//616 557//616
f 533//617 566//617 374//617
f 374//618 566//618 567//618
f 374//619 567//619 554//619
f 287//620 290//620 374//620
f 544//621 532//621 296//621
f 296//622 532//622 374//622
f 296//623 374//623 293//623
f 293//624 374//624 290//624
f 385//625 281//625 374//625
f 374//626 281//626 284//626
f 374//627 284//627 287//627
f 568//628 492//628 569//628
f 569//629 492//629 570//629
f 571//630 572//630 493//630
f 573//631 574//631 456//631
f 575//632 576//632 493//632
f 493//633 576//633 577//633
f 568//634 578//634 492//634
f 492//635 578//635 579//635
f 492//636 579//636 493//636
f 493//637 579//637 580//637
f 493//638 580//638 575//638
f 577//639 581//639 493//639
f 493//640 581//640 582//640
f 493//641 582//641 571//641
f 574//642 583//642 456//642
f 456//643 583//643 584//643
f 456//644 584//644 585//644
f 572//645 586//645 493//645
f 493//646 586//646 587//646
f 493//647 587//647 588//647
f 588//648 573//648 493//648
f 493//649 573//649 456//649
f 493//650 456//650 512//650
f 512//651 456//651 416//651
f 512//652 416//652 374//652
f 374//653 416//653 394//653
f 374//654 394//654 397//654
f 397//655 394//655 411//655
f 585//656 589//656 456//656
f 456//657 589//657 590//657
f 456//658 590//658 591//658
f 592//659 593//659 491//659
f 592//660 491//660 594//660
f 595//661 596//661 491//661
f 491//662 596//662 597//662
f 491//663 597//663 492//663
f 492//664 597//664 598//664
f 492//665 598//665 570//665
f 591//666 599//666 456//666
f 456//667 599//667 600//667
f 456//668 600//668 491//668
f 491//669 600//669 601//669
f 491//670 601//670 594//670
f 593//671 602//671 491//671
f 491//672 602//672 603//672
f 491//673 603//673 595//673
f 604//674 605//674 606//674
f 607//675 608//675 609//675
f 610//676 611//676 612//676
f 612//677 611//677 613//677
f 614//678 615//678 616//678
f 617//679 618//679 619//679
f 619//680 618//680 620//680
f 619//681 620//681 621//681
f 621//682 620//682 622//682
f 621//683 622//683 623//683
f 623//684 622//684 624//684
f 623//685 624//685 625//685
f 625//686 624//686 626//686
f 625//687 626//687 627//687
f 627//688 626//688 628//688
f 627//689 628//689 629//689
f 629//690 628//690 630//690
f 629//691 630//691 631//691
f 631//692 630//692 632//692
f 631//693 632//693 633//693
f 633//694 632//694 634//694
f 633//695 634//695 635//695
f 635//696 634//696 636//696
f 635//697 636//697 637//697
f 637//698 636//698 638//698
f 637//699 638//699 639//699
f 639//700 638//700 640//700
f 639//701 640//701 641//701
f 641//702 640//702 642//702
f 641//703 642//703 643//703
f 643//704 642//704 644//704
f 643//705 644//705 645//705
f 645//706 644//706 646//706
f 645//707 646//707 647//707
f 647//708 646//708 648//708
f 647//709 648//709 649//709
f 649//710 648//710 650//710
f 649//711 650//711 651//711
f 651//712 650//712 652//712
f 651//713 652//713 653//713
f 653//714 652//714 614//714
f 653//715 614//715 654//715
f 654//716 614//716 616//716
f 654//717 616//717 655//717
f 655//718 616//718 656//718
f 655//719 656//719 657//719
f 658//720 659//720 660//720
f 658//721 661//721 662//721
f 662//722 661//722 663//722
f 662//723 663//723 664//723
f 665//724 666//724 667//724
f 667//725 666//725 668//725
f 664//726 669//726 662//726
f 662//727 669//727 670//727
f 662//728 670//728 671//728
f 668//729 666//729 672//729
f 672//730 666//730 662//730
f 672//731 662//731 673//731
f 674//732 675//732 676//732
f 676//733 675//733 677//733
f 676//734 677//734 658//734
f 658//735 677//735 678//735
f 658//736 678//736 659//736
f 660//737 679//737 658//737
f 658//738 679//738 680//738
f 658//739 680//739 661//739
f 671//740 681//740 662//740
f 662//741 681//741 682//741
f 662//742 682//742 673//742
f 674//743 676//743 683//743
f 683//744 676//744 684//744
f 683//745 684//745 685//745
f 685//746 684//746 686//746
f 685//747 686//747 687//747
f 687//748 686//748 688//748
f 687//749 688//749 689//749
f 689//750 688//750 690//750
f 689//751 690//751 691//751
f 691//752 690//752 692//752
f 691//753 692//753 617//753
f 617//754 692//754 693//754
f 617//755 693//755 618//755
f 613//756 694//756 662//756
f 662//757 694//757 695//757
f 662//758 695//758 658//758
f 696//759 697//759 698//759
f 698//760 697//760 699//760
f 613//761 662//761 612//761
f 612//762 662//762 698//762
f 612//763 698//763 610//763
f 699//764 700//764 698//764
f 698//765 700//765 701//765
f 698//766 701//766 610//766
f 702//767 703//767 704//767
f 704//768 703//768 705//768
f 704//769 705//769 698//769
f 698//770 705//770 706//770
f 698//771 706//771 696//771
f 704//772 707//772 708//772
f 709//773 710//773 702//773
f 711//774 712//774 713//774
f 713//775 712//775 714//775
f 713//776 714//776 715//776
f 715//777 714//777 716//777
f 704//778 708//778 702//778
f 702//779 708//779 717//779
f 702//780 717//780 709//780
f 711//781 713//781 718//781
f 718//782 713//782 719//782
f 718//783 719//783 720//783
f 720//784 719//784 721//784
f 721//785 719//785 722//785
f 721//786 722//786 710//786
f 710//787 722//787 723//787
f 710//788 723//788 702//788
f 716//789 724//789 715//789
f 715//790 724//790 725//790
f 715//791 725//791 726//791
f 726//792 725//792 727//792
f 726//793 727//793 728//793
f 728//794 727//794 729//794
f 728//795 729//795 730//795
f 730//796 729//796 731//796
f 730//797 731//797 732//797
f 732//798 731//798 733//798
f 732//799 733//799 734//799
f 734//800 733//800 735//800
f 734//801 735//801 736//801
f 736//802 735//802 737//802
f 736//803 737//803 738//803
f 738//804 737//804 739//804
f 738//805 739//805 740//805
f 740//806 739//806 741//806
f 740//807 741//807 742//807
f 742//808 741//808 743//808
f 742//809 743//809 744//809
f 744//810 743//810 745//810
f 744//811 745//811 746//811
f 746//812 745//812 747//812
f 746//813 747//813 748//813
f 748//814 747//814 749//814
f 748//815 749//815 750//815
f 750//816 749//816 751//816
f 750//817 751//817 752//817
f 752//818 751//818 657//818
f 752//819 657//819 753//819
f 753//820 657//820 656//820
f 753//821 656//821 754//821
f 755//822 756//822 757//822
f 757//823 756//823 758//823
f 757//824 758//824 759//824
f 759//825 760//825 757//825
f 757//826 760//826 761//826
f 757//827 761//827 704//827
f 704//828 761//828 762//828
f 704//829 762//829 707//829
f 763//830 764//830 765//830
f 766//831 767//831 765//831
f 767//832 768//832 765//832
f 765//833 768//833 769//833
f 765//834 769//834 763//834
f 770//835 771//835 772//835
f 772//836 771//836 773//836
f 774//837 775//837 776//837
f 776//838 775//838 777//838
f 764//839 778//839 765//839
f 765//840 778//840 779//840
f 765//841 779//841 771//841
f 771//842 779//842 780//842
f 771//843 780//843 773//843
f 770//844 781//844 771//844
f 771//845 781//845 782//845
f 771//846 782//846 783//846
f 784//847 785//847 757//847
f 786//848 787//848 755//848
f 755//849 787//849 788//849
f 755//850 788//850 789//850
f 757//851 790//851 791//851
f 789//852 792//852 755//852
f 755//853 792//853 793//853
f 755//854 793//854 774//854
f 774//855 793//855 794//855
f 774//856 794//856 775//856
f 783//857 795//857 771//857
f 771//858 795//858 796//858
f 771//859 796//859 757//859
f 757//860 796//860 797//860
f 757//861 797//861 790//861
f 791//862 798//862 757//862
f 757//863 798//863 799//863
f 757//864 799//864 784//864
f 785//865 800//865 757//865
f 757//866 800//866 801//866
f 757//867 801//867 755//867
f 755//868 801//868 802//868
f 755//869 802//869 786//869
f 777//870 766//870 776//870
f 776//871 766//871 765//871
f 776//872 765//872 803//872
f 803//873 765//873 804//873
f 805//874 806//874 765//874
f 765//875 806//875 807//875
f 765//876 807//876 804//876
f 607//877 609//877 808//877
f 608//878 809//878 609//878
f 609//879 809//879 810//879
f 609//880 810//880 811//880
f 812//881 813//881 814//881
f 815//882 816//882 765//882
f 765//883 816//883 817//883
f 808//884 609//884 818//884
f 818//885 609//885 819//885
f 818//886 819//886 820//886
f 820//887 819//887 805//887
f 820//888 805//888 821//888
f 814//889 822//889 812//889
f 812//890 822//890 823//890
f 812//891 823//891 824//891
f 812//892 825//892 771//892
f 771//893 825//893 826//893
f 827//894 828//894 771//894
f 771//895 828//895 829//895
f 771//896 829//896 765//896
f 765//897 829//897 830//897
f 765//898 830//898 815//898
f 817//899 831//899 765//899
f 765//900 831//900 832//900
f 765//901 832//901 805//901
f 805//902 832//902 833//902
f 805//903 833//903 821//903
f 824//904 834//904 812//904
f 812//905 834//905 835//905
f 812//906 835//906 836//906
f 836//907 837//907 812//907
f 812//908 837//908 838//908
f 812//909 838//909 825//909
f 826//910 839//910 771//910
f 771//911 839//911 840//911
f 771//912 840//912 841//912
f 841//913 842//913 771//913
f 771//914 842//914 843//914
f 771//915 843//915 827//915
f 844//916 845//916 812//916
f 812//917 845//917 846//917
f 812//918 846//918 847//918
f 811//919 813//919 609//919
f 609//920 813//920 812//920
f 609//921 812//921 848//921
f 848//922 812//922 847//922
f 849//923 850//923 812//923
f 851//924 852//924 853//924
f 853//925 852//925 854//925
f 853//926 854//926 604//926
f 604//927 854//927 855//927
f 604//928 855//928 605//928
f 605//929 855//929 856//929
f 856//930 857//930 605//930
f 605//931 857//931 858//931
f 605//932 858//932 859//932
f 859//933 858//933 860//933
f 859//934 860//934 861//934
f 861//935 860//935 862//935
f 863//936 864//936 865//936
f 844//937 812//937 863//937
f 863//938 812//938 866//938
f 863//939 866//939 864//939
f 865//940 867//940 863//940
f 863//941 867//941 868//941
f 863//942 868//942 851//942
f 851//943 868//943 869//943
f 851//944 869//944 852//944
f 870//945 871//945 872//945
f 872//946 871//946 873//946
f 872//947 873//947 874//947
f 850//948 875//948 812//948
f 812//949 875//949 876//949
f 812//950 876//950 866//950
f 862//951 877//951 861//951
f 861//952 877//952 878//952
f 861//953 878//953 879//953
f 880//954 881//954 872//954
f 881//955 882//955 872//955
f 872//956 882//956 883//956
f 872//957 883//957 870//957
f 874//958 884//958 872//958
f 872//959 884//959 885//959
f 872//960 885//960 886//960
f 887//961 812//961 888//961
f 888//962 812//962 886//962
f 887//963 889//963 812//963
f 812//964 889//964 890//964
f 812//965 890//965 849//965
f 872//966 891//966 892//966
f 892//967 893//967 872//967
f 872//968 893//968 894//968
f 872//969 894//969 895//969
f 879//970 880//970 861//970
f 861//971 880//971 872//971
f 861//972 872//972 896//972
f 896//973 872//973 895//973
f 897//974 898//974 891//974
f 872//975 899//975 900//975
f 891//976 898//976 901//976
f 872//977 902//977 903//977
f 904//978 905//978 891//978
f 898//979 906//979 901//979
f 901//980 906//980 907//980
f 901//981 907//981 908//981
f 903//982 909//982 872//982
f 872//983 909//983 910//983
f 872//984 910//984 899//984
f 905//985 911//985 891//985
f 891//986 911//986 912//986
f 891//987 912//987 897//987
f 913//988 914//988 915//988
f 915//989 914//989 916//989
f 917//990 666//990 918//990
f 918//991 666//991 908//991
f 918//992 908//992 919//992
f 919//993 908//993 907//993
f 916//994 920//994 915//994
f 915//995 920//995 921//995
f 915//996 921//996 872//996
f 872//997 921//997 922//997
f 872//998 922//998 902//998
f 917//999 923//999 666//999
f 666//1000 923//1000 924//1000
f 666//1001 924//1001 925//1001
f 900//1002 926//1002 872//1002
f 872//1003 926//1003 927//1003
f 872//1004 927//1004 891//1004
f 891//1005 927//1005 928//1005
f 891//1006 928//1006 904//1006
f 666//1007 929//1007 915//1007
f 915//1008 929//1008 930//1008
f 915//1009 930//1009 931//1009
f 925//1010 932//1010 666//1010
f 666//1011 932//1011 933//1011
f 666//1012 933//1012 929//1012
f 931//1013 934//1013 915//1013
f 915//1014 934//1014 935//1014
f 915//1015 935//1015 913//1015
f 665//1016 936//1016 666//1016
f 666//1017 936//1017 937//1017
f 666//1018 937//1018 908//1018
f 938//1019 939//1019 757//1019
f 757//1020 939//1020 940//1020
f 941//1021 942//1021 704//1021
f 942//1022 943//1022 704//1022
f 704//1023 943//1023 944//1023
f 704//1024 944//1024 945//1024
f 946//1025 947//1025 948//1025
f 940//1026 949//1026 757//1026
f 757//1027 949//1027 950//1027
f 757//1028 950//1028 951//1028
f 951//1029 952//1029 757//1029
f 757//1030 952//1030 953//1030
f 757//1031 953//1031 954//1031
f 946//1032 948//1032 955//1032
f 947//1033 956//1033 948//1033
f 948//1034 956//1034 957//1034
f 948//1035 957//1035 958//1035
f 959//1036 960//1036 698//1036
f 698//1037 960//1037 961//1037
f 698//1038 961//1038 962//1038
f 962//1039 963//1039 698//1039
f 698//1040 963//1040 964//1040
f 698//1041 964//1041 965//1041
f 958//1042 966//1042 948//1042
f 948//1043 966//1043 967//1043
f 948//1044 967//1044 968//1044
f 965//1045 969//1045 698//1045
f 698//1046 969//1046 970//1046
f 698//1047 970//1047 704//1047
f 704//1048 970//1048 971//1048
f 704//1049 971//1049 941//1049
f 945//1050 972//1050 704//1050
f 704//1051 972//1051 973//1051
f 704//1052 973//1052 757//1052
f 757//1053 973//1053 974//1053
f 757//1054 974//1054 938//1054
f 975//1055 976//1055 666//1055
f 977//1056 978//1056 948//1056
f 979//1057 915//1057 980//1057
f 980//1058 915//1058 981//1058
f 976//1059 982//1059 666//1059
f 666//1060 982//1060 983//1060
f 666//1061 983//1061 662//1061
f 662//1062 983//1062 984//1062
f 662//1063 984//1063 985//1063
f 662//1064 986//1064 987//1064
f 988//1065 989//1065 915//1065
f 915//1066 989//1066 990//1066
f 915//1067 990//1067 981//1067
f 991//1068 992//1068 666//1068
f 666//1069 992//1069 993//1069
f 666//1070 993//1070 975//1070
f 985//1071 994//1071 662//1071
f 662//1072 994//1072 995//1072
f 662//1073 995//1073 996//1073
f 996//1074 997//1074 662//1074
f 662//1075 997//1075 998//1075
f 662//1076 998//1076 986//1076
f 987//1077 977//1077 662//1077
f 662//1078 977//1078 948//1078
f 662//1079 948//1079 698//1079
f 698//1080 948//1080 968//1080
f 698//1081 968//1081 959//1081
f 978//1082 999//1082 948//1082
f 948//1083 999//1083 1000//1083
f 948//1084 1000//1084 1001//1084
f 979//1085 1002//1085 915//1085
f 915//1086 1002//1086 1003//1086
f 915//1087 1003//1087 666//1087
f 666//1088 1003//1088 1004//1088
f 666//1089 1004//1089 991//1089
f 1001//1090 1005//1090 948//1090
f 948//1091 1005//1091 1006//1091
f 948//1092 1006//1092 1007//1092
f 1007//1093 1008//1093 948//1093
f 948//1094 1008//1094 1009//1094
f 948//1095 1009//1095 915//1095
f 915//1096 1009//1096 1010//1096
f 915//1097 1010//1097 988//1097
f 886//1098 812//1098 872//1098
f 872//1099 812//1099 771//1099
f 872//1100 771//1100 915//1100
f 915//1101 771//1101 757//1101
f 915//1102 757//1102 948//1102
f 948//1103 757//1103 954//1103
f 948//1104 954//1104 955//1104
f 1011//1105 1012//1105 740//1105
f 1013//1106 1014//1106 688//1106
f 753//1107 754//1107 1015//1107
f 1015//1108 1016//1108 1017//1108
f 1017//1109 1016//1109 1018//1109
f 1018//1110 1019//1110 1017//1110
f 1017//1111 1019//1111 1020//1111
f 1017//1112 1020//1112 1021//1112
f 1021//1113 1022//1113 1017//1113
f 1017//1114 1022//1114 1023//1114
f 1017//1115 1023//1115 1024//1115
f 1024//1116 1025//1116 1017//1116
f 1017//1117 1025//1117 1026//1117
f 1017//1118 1026//1118 1027//1118
f 1027//1119 1028//1119 1017//1119
f 1017//1120 1028//1120 1029//1120
f 1017//1121 1029//1121 1030//1121
f 1030//1122 1029//1122 1031//1122
f 1030//1123 1031//1123 1032//1123
f 1032//1124 1033//1124 1030//1124
f 1030//1125 1033//1125 1034//1125
f 1030//1126 1034//1126 1035//1126
f 1035//1127 1036//1127 1030//1127
f 1030//1128 1036//1128 1037//1128
f 1030//1129 1037//1129 1038//1129
f 1038//1130 1037//1130 1039//1130
f 1038//1131 1039//1131 1040//1131
f 1040//1132 1041//1132 1038//1132
f 1038//1133 1041//1133 1042//1133
f 1038//1134 1042//1134 1043//1134
f 1043//1135 1044//1135 1038//1135
f 1038//1136 1044//1136 1045//1136
f 1038//1137 1045//1137 1046//1137
f 615//1138 614//1138 1047//1138
f 1047//1139 614//1139 1048//1139
f 1049//1140 1050//1140 1051//1140
f 1051//1141 1050//1141 1052//1141
f 1051//1142 1052//1142 1053//1142
f 1054//1143 1055//1143 638//1143
f 1053//1144 1056//1144 1051//1144
f 1051//1145 1056//1145 1057//1145
f 1051//1146 1057//1146 1058//1146
f 1054//1147 638//1147 1059//1147
f 1058//1148 1060//1148 1051//1148
f 1051//1149 1060//1149 1061//1149
f 1051//1150 1061//1150 1062//1150
f 1055//1151 1063//1151 638//1151
f 638//1152 1063//1152 1064//1152
f 638//1153 1064//1153 1065//1153
f 1066//1154 640//1154 1067//1154
f 1067//1155 640//1155 638//1155
f 1067//1156 638//1156 1068//1156
f 1068//1157 638//1157 1065//1157
f 1069//1158 1070//1158 1071//1158
f 1071//1159 1070//1159 1072//1159
f 1069//1160 1073//1160 1070//1160
f 1070//1161 1073//1161 1074//1161
f 1070//1162 1074//1162 1049//1162
f 1049//1163 1074//1163 1075//1163
f 1049//1164 1075//1164 1076//1164
f 1076//1165 1077//1165 1049//1165
f 1049//1166 1077//1166 1078//1166
f 1049//1167 1078//1167 1050//1167
f 642//1168 1079//1168 644//1168
f 644//1169 1079//1169 1080//1169
f 644//1170 1080//1170 1081//1170
f 1081//1171 1082//1171 644//1171
f 644//1172 1082//1172 1083//1172
f 644//1173 1083//1173 1084//1173
f 1085//1174 1086//1174 1087//1174
f 1085//1175 1087//1175 1088//1175
f 1084//1176 1089//1176 644//1176
f 644//1177 1089//1177 1090//1177
f 644//1178 1090//1178 1088//1178
f 1086//1179 1091//1179 1087//1179
f 1087//1180 1091//1180 1092//1180
f 1087//1181 1092//1181 1093//1181
f 1093//1182 1094//1182 1087//1182
f 1087//1183 1094//1183 1095//1183
f 1087//1184 1095//1184 1070//1184
f 1070//1185 1095//1185 1096//1185
f 1070//1186 1096//1186 1072//1186
f 1066//1187 1097//1187 640//1187
f 640//1188 1097//1188 1098//1188
f 640//1189 1098//1189 1099//1189
f 1099//1190 1100//1190 640//1190
f 640//1191 1100//1191 1101//1191
f 640//1192 1101//1192 642//1192
f 642//1193 1101//1193 1102//1193
f 642//1194 1102//1194 1103//1194
f 1103//1195 1104//1195 642//1195
f 642//1196 1104//1196 1105//1196
f 642//1197 1105//1197 1079//1197
f 1106//1198 686//1198 1107//1198
f 1107//1199 686//1199 1108//1199
f 1109//1200 1110//1200 686//1200
f 1109//1201 686//1201 1111//1201
f 1106//1202 1112//1202 686//1202
f 686//1203 1112//1203 1113//1203
f 686//1204 1113//1204 1111//1204
f 1110//1205 1114//1205 686//1205
f 686//1206 1114//1206 1115//1206
f 686//1207 1115//1207 688//1207
f 688//1208 1115//1208 1116//1208
f 688//1209 1116//1209 1013//1209
f 1117//1210 1118//1210 1119//1210
f 1108//1211 686//1211 1120//1211
f 1120//1212 686//1212 684//1212
f 1120//1213 684//1213 1121//1213
f 1122//1214 1123//1214 1124//1214
f 1124//1215 1123//1215 1125//1215
f 1124//1216 1125//1216 1126//1216
f 1126//1217 1125//1217 1127//1217
f 1127//1218 1128//1218 1126//1218
f 1126//1219 1128//1219 1129//1219
f 1126//1220 1129//1220 1130//1220
f 1130//1221 1131//1221 1126//1221
f 1126//1222 1131//1222 1132//1222
f 1126//1223 1132//1223 1133//1223
f 1133//1224 1134//1224 1126//1224
f 1126//1225 1134//1225 1135//1225
f 1126//1226 1135//1226 1117//1226
f 1117//1227 1135//1227 1136//1227
f 1117//1228 1136//1228 1118//1228
f 1137//1229 1138//1229 1139//1229
f 1139//1230 1138//1230 1140//1230
f 1141//1231 1142//1231 1139//1231
f 1140//1232 1143//1232 1139//1232
f 1139//1233 1143//1233 1144//1233
f 1139//1234 1144//1234 1141//1234
f 1142//1235 1145//1235 1139//1235
f 1139//1236 1145//1236 1146//1236
f 1139//1237 1146//1237 1124//1237
f 1124//1238 1146//1238 1147//1238
f 1124//1239 1147//1239 1122//1239
f 1148//1240 1149//1240 1150//1240
f 1149//1241 1151//1241 1150//1241
f 1150//1242 1151//1242 1152//1242
f 1150//1243 1152//1243 1139//1243
f 1139//1244 1152//1244 1153//1244
f 1139//1245 1153//1245 1137//1245
f 1014//1246 1154//1246 688//1246
f 688//1247 1154//1247 1155//1247
f 688//1248 1155//1248 690//1248
f 690//1249 1155//1249 1156//1249
f 1156//1250 1157//1250 690//1250
f 690//1251 1157//1251 1158//1251
f 690//1252 1158//1252 1159//1252
f 1159//1253 1160//1253 690//1253
f 690//1254 1160//1254 1161//1254
f 690//1255 1161//1255 1162//1255
f 1162//1256 1163//1256 690//1256
f 690//1257 1163//1257 1164//1257
f 690//1258 1164//1258 692//1258
f 692//1259 1164//1259 1165//1259
f 692//1260 1165//1260 1148//1260
f 696//1261 706//1261 1166//1261
f 1166//1262 1167//1262 696//1262
f 696//1263 1167//1263 1168//1263
f 696//1264 1168//1264 1169//1264
f 1169//1265 1170//1265 696//1265
f 696//1266 1170//1266 1171//1266
f 696//1267 1171//1267 1172//1267
f 1173//1268 1174//1268 1175//1268
f 1173//1269 1175//1269 1176//1269
f 1172//1270 1177//1270 696//1270
f 696//1271 1177//1271 1178//1271
f 696//1272 1178//1272 1176//1272
f 1174//1273 1179//1273 1175//1273
f 1175//1274 1179//1274 1180//1274
f 1175//1275 1180//1275 1181//1275
f 1182//1276 1183//1276 1184//1276
f 1184//1277 1183//1277 1175//1277
f 1184//1278 1175//1278 1185//1278
f 1185//1279 1175//1279 1181//1279
f 1186//1280 705//1280 1187//1280
f 1187//1281 705//1281 1188//1281
f 1186//1282 1189//1282 705//1282
f 705//1283 1189//1283 1190//1283
f 705//1284 1190//1284 706//1284
f 706//1285 1190//1285 1191//1285
f 706//1286 1191//1286 1192//1286
f 1192//1287 1193//1287 706//1287
f 706//1288 1193//1288 1194//1288
f 706//1289 1194//1289 1166//1289
f 1195//1290 1196//1290 1197//1290
f 1197//1291 1196//1291 1198//1291
f 1197//1292 1198//1292 1199//1292
f 1199//1293 1200//1293 1197//1293
f 1197//1294 1200//1294 1201//1294
f 1197//1295 1201//1295 1202//1295
f 1203//1296 1204//1296 703//1296
f 1202//1297 1205//1297 1197//1297
f 1197//1298 1205//1298 1206//1298
f 1197//1299 1206//1299 1207//1299
f 1204//1300 1208//1300 703//1300
f 703//1301 1208//1301 1209//1301
f 703//1302 1209//1302 1210//1302
f 1210//1303 1211//1303 703//1303
f 703//1304 1211//1304 1212//1304
f 703//1305 1212//1305 705//1305
f 705//1306 1212//1306 1213//1306
f 705//1307 1213//1307 1188//1307
f 1182//1308 1214//1308 1183//1308
f 1183//1309 1214//1309 1215//1309
f 1183//1310 1215//1310 1216//1310
f 1216//1311 1217//1311 1183//1311
f 1183//1312 1217//1312 1218//1312
f 1183//1313 1218//1313 1195//1313
f 1195//1314 1218//1314 1219//1314
f 1195//1315 1219//1315 1220//1315
f 1220//1316 1221//1316 1195//1316
f 1195//1317 1221//1317 1222//1317
f 1195//1318 1222//1318 1196//1318
f 1012//1319 1223//1319 740//1319
f 740//1320 1223//1320 1224//1320
f 740//1321 1224//1321 738//1321
f 738//1322 1224//1322 1225//1322
f 738//1323 1225//1323 1226//1323
f 1226//1324 1227//1324 738//1324
f 738//1325 1227//1325 1228//1325
f 738//1326 1228//1326 1229//1326
f 1229//1327 1230//1327 738//1327
f 738//1328 1230//1328 1231//1328
f 738//1329 1231//1329 1232//1329
f 1233//1330 1234//1330 742//1330
f 742//1331 1234//1331 1235//1331
f 742//1332 1235//1332 1236//1332
f 1236//1333 1237//1333 742//1333
f 742//1334 1237//1334 1238//1334
f 742//1335 1238//1335 1239//1335
f 1239//1336 1240//1336 742//1336
f 742//1337 1240//1337 1241//1337
f 742//1338 1241//1338 740//1338
f 740//1339 1241//1339 1242//1339
f 740//1340 1242//1340 1011//1340
f 1243//1341 1244//1341 1245//1341
f 1233//1342 742//1342 1246//1342
f 1246//1343 742//1343 744//1343
f 1246//1344 744//1344 1247//1344
f 1248//1345 1249//1345 1250//1345
f 1250//1346 1249//1346 1251//1346
f 1250//1347 1251//1347 1252//1347
f 1252//1348 1251//1348 1253//1348
f 1253//1349 1254//1349 1252//1349
f 1252//1350 1254//1350 1255//1350
f 1252//1351 1255//1351 1256//1351
f 1256//1352 1257//1352 1252//1352
f 1252//1353 1257//1353 1258//1353
f 1252//1354 1258//1354 1259//1354
f 1259//1355 1260//1355 1252//1355
f 1252//1356 1260//1356 1261//1356
f 1252//1357 1261//1357 1243//1357
f 1243//1358 1261//1358 1262//1358
f 1243//1359 1262//1359 1244//1359
f 1263//1360 1264//1360 1265//1360
f 1265//1361 1264//1361 1266//1361
f 1267//1362 1268//1362 1265//1362
f 1266//1363 1269//1363 1265//1363
f 1265//1364 1269//1364 1270//1364
f 1265//1365 1270//1365 1267//1365
f 1268//1366 1271//1366 1265//1366
f 1265//1367 1271//1367 1272//1367
f 1265//1368 1272//1368 1250//1368
f 1250//1369 1272//1369 1273//1369
f 1250//1370 1273//1370 1248//1370
f 1232//1371 1274//1371 738//1371
f 738//1372 1274//1372 1275//1372
f 738//1373 1275//1373 736//1373
f 736//1374 1275//1374 1276//1374
f 736//1375 1276//1375 1277//1375
f 1277//1376 1278//1376 1279//1376
f 1278//1377 1280//1377 1279//1377
f 1279//1378 1280//1378 1281//1378
f 1279//1379 1281//1379 1265//1379
f 1265//1380 1281//1380 1282//1380
f 1265//1381 1282//1381 1263//1381
f 1176//1382 1175//1382 696//1382
f 696//1383 1175//1383 1283//1383
f 696//1384 1283//1384 697//1384
f 697//1385 1283//1385 1284//1385
f 697//1386 1284//1386 699//1386
f 699//1387 1284//1387 1285//1387
f 699//1388 1285//1388 700//1388
f 700//1389 1285//1389 1286//1389
f 700//1390 1286//1390 701//1390
f 701//1391 1286//1391 1287//1391
f 701//1392 1287//1392 610//1392
f 610//1393 1287//1393 1288//1393
f 610//1394 1288//1394 611//1394
f 611//1395 1288//1395 1289//1395
f 611//1396 1289//1396 613//1396
f 613//1397 1289//1397 1290//1397
f 613//1398 1290//1398 694//1398
f 694//1399 1290//1399 1291//1399
f 694//1400 1291//1400 695//1400
f 695//1401 1291//1401 1292//1401
f 695//1402 1292//1402 658//1402
f 658//1403 1292//1403 1293//1403
f 658//1404 1293//1404 676//1404
f 676//1405 1293//1405 1117//1405
f 676//1406 1117//1406 684//1406
f 684//1407 1117//1407 1119//1407
f 684//1408 1119//1408 1121//1408
f 1277//1409 1279//1409 736//1409
f 736//1410 1279//1410 1294//1410
f 736//1411 1294//1411 734//1411
f 734//1412 1294//1412 1295//1412
f 734//1413 1295//1413 732//1413
f 732//1414 1295//1414 1296//1414
f 732//1415 1296//1415 730//1415
f 730//1416 1296//1416 1297//1416
f 730//1417 1297//1417 728//1417
f 728//1418 1297//1418 1298//1418
f 728//1419 1298//1419 726//1419
f 726//1420 1298//1420 1299//1420
f 726//1421 1299//1421 715//1421
f 715//1422 1299//1422 1300//1422
f 715//1423 1300//1423 713//1423
f 713//1424 1300//1424 1301//1424
f 713//1425 1301//1425 719//1425
f 719//1426 1301//1426 1302//1426
f 719//1427 1302//1427 722//1427
f 722//1428 1302//1428 1303//1428
f 722//1429 1303//1429 723//1429
f 723//1430 1303//1430 1304//1430
f 723//1431 1304//1431 702//1431
f 702//1432 1304//1432 1197//1432
f 702//1433 1197//1433 703//1433
f 703//1434 1197//1434 1207//1434
f 703//1435 1207//1435 1203//1435
f 1015//1436 1017//1436 753//1436
f 753//1437 1017//1437 1305//1437
f 753//1438 1305//1438 752//1438
f 752//1439 1305//1439 1306//1439
f 752//1440 1306//1440 750//1440
f 750//1441 1306//1441 1307//1441
f 750//1442 1307//1442 748//1442
f 748//1443 1307//1443 1308//1443
f 748//1444 1308//1444 746//1444
f 746//1445 1308//1445 1243//1445
f 746//1446 1243//1446 744//1446
f 744//1447 1243//1447 1245//1447
f 744//1448 1245//1448 1247//1448
f 1088//1449 1087//1449 644//1449
f 644//1450 1087//1450 1309//1450
f 644//1451 1309//1451 646//1451
f 646//1452 1309//1452 1310//1452
f 646//1453 1310//1453 648//1453
f 648//1454 1310//1454 1311//1454
f 648//1455 1311//1455 650//1455
f 650//1456 1311//1456 1312//1456
f 650//1457 1312//1457 652//1457
f 652//1458 1312//1458 1038//1458
f 652//1459 1038//1459 614//1459
f 614//1460 1038//1460 1046//1460
f 614//1461 1046//1461 1048//1461
f 1148//1462 1150//1462 692//1462
f 692//1463 1150//1463 1313//1463
f 692//1464 1313//1464 693//1464
f 693//1465 1313//1465 1314//1465
f 693//1466 1314//1466 618//1466
f 618//1467 1314//1467 1315//1467
f 618//1468 1315//1468 620//1468
f 620//1469 1315//1469 1316//1469
f 620//1470 1316//1470 622//1470
f 622//1471 1316//1471 1317//1471
f 622//1472 1317//1472 624//1472
f 624//1473 1317//1473 1318//1473
f 624//1474 1318//1474 626//1474
f 626//1475 1318//1475 1319//1475
f 626//1476 1319//1476 628//1476
f 628//1477 1319//1477 1320//1477
f 628//1478 1320//1478 630//1478
f 630//1479 1320//1479 1321//1479
f 630//1480 1321//1480 632//1480
f 632//1481 1321//1481 1322//1481
f 632//1482 1322//1482 634//1482
f 634//1483 1322//1483 1323//1483
f 634//1484 1323//1484 636//1484
f 636//1485 1323//1485 1051//1485
f 636//1486 1051//1486 638//1486
f 638//1487 1051//1487 1062//1487
f 638//1488 1062//1488 1059//1488
f 1306//1489 1324//1489 1307//1489
f 1307//1490 1324//1490 1325//1490
f 1307//1491 1325//1491 1308//1491
f 1289//1492 1288//1492 1326//1492
f 1286//1493 1285//1493 1327//1493
f 1315//1494 1314//1494 1328//1494
f 1318//1495 1317//1495 1329//1495
f 1030//1496 1330//1496 1017//1496
f 1017//1497 1330//1497 1324//1497
f 1017//1498 1324//1498 1305//1498
f 1305//1499 1324//1499 1306//1499
f 1328//1500 1331//1500 1315//1500
f 1315//1501 1331//1501 1332//1501
f 1315//1502 1332//1502 1316//1502
f 1316//1503 1332//1503 1333//1503
f 1316//1504 1333//1504 1317//1504
f 1317//1505 1333//1505 1334//1505
f 1317//1506 1334//1506 1329//1506
f 1329//1507 1335//1507 1318//1507
f 1318//1508 1335//1508 1336//1508
f 1318//1509 1336//1509 1319//1509
f 1319//1510 1336//1510 1337//1510
f 1319//1511 1337//1511 1320//1511
f 1337//1512 1338//1512 1320//1512
f 1320//1513 1338//1513 1339//1513
f 1320//1514 1339//1514 1321//1514
f 1303//1515 1302//1515 1340//1515
f 1327//1516 1341//1516 1286//1516
f 1286//1517 1341//1517 1342//1517
f 1286//1518 1342//1518 1287//1518
f 1287//1519 1342//1519 1343//1519
f 1287//1520 1343//1520 1288//1520
f 1288//1521 1343//1521 1344//1521
f 1288//1522 1344//1522 1326//1522
f 1292//1523 1291//1523 1345//1523
f 1345//1524 1346//1524 1292//1524
f 1292//1525 1346//1525 1347//1525
f 1292//1526 1347//1526 1293//1526
f 1293//1527 1347//1527 1348//1527
f 1293//1528 1348//1528 1117//1528
f 1348//1529 1349//1529 1117//1529
f 1117//1530 1349//1530 1350//1530
f 1117//1531 1350//1531 1126//1531
f 1051//1532 1323//1532 1351//1532
f 1351//1533 1352//1533 1051//1533
f 1051//1534 1352//1534 1353//1534
f 1051//1535 1353//1535 1049//1535
f 1049//1536 1353//1536 1354//1536
f 1049//1537 1354//1537 1070//1537
f 1354//1538 1355//1538 1070//1538
f 1070//1539 1355//1539 1356//1539
f 1070//1540 1356//1540 1087//1540
f 1030//1541 1038//1541 1330//1541
f 1330//1542 1038//1542 1312//1542
f 1330//1543 1312//1543 1357//1543
f 1357//1544 1312//1544 1311//1544
f 1357//1545 1311//1545 1358//1545
f 1358//1546 1311//1546 1310//1546
f 1358//1547 1310//1547 1359//1547
f 1359//1548 1310//1548 1309//1548
f 1359//1549 1309//1549 1360//1549
f 1360//1550 1309//1550 1087//1550
f 1360//1551 1087//1551 1361//1551
f 1361//1552 1087//1552 1356//1552
f 1294//1553 1279//1553 1362//1553
f 1297//1554 1296//1554 1363//1554
f 1326//1555 1364//1555 1289//1555
f 1289//1556 1364//1556 1365//1556
f 1289//1557 1365//1557 1290//1557
f 1290//1558 1365//1558 1366//1558
f 1290//1559 1366//1559 1291//1559
f 1291//1560 1366//1560 1367//1560
f 1291//1561 1367//1561 1345//1561
f 1350//1562 1368//1562 1126//1562
f 1126//1563 1368//1563 1369//1563
f 1126//1564 1369//1564 1124//1564
f 1124//1565 1369//1565 1370//1565
f 1124//1566 1370//1566 1139//1566
f 1370//1567 1371//1567 1139//1567
f 1139//1568 1371//1568 1372//1568
f 1139//1569 1372//1569 1150//1569
f 1339//1570 1373//1570 1321//1570
f 1321//1571 1373//1571 1374//1571
f 1321//1572 1374//1572 1322//1572
f 1322//1573 1374//1573 1375//1573
f 1322//1574 1375//1574 1323//1574
f 1323//1575 1375//1575 1376//1575
f 1323//1576 1376//1576 1351//1576
f 1325//1577 1377//1577 1308//1577
f 1308//1578 1377//1578 1378//1578
f 1308//1579 1378//1579 1243//1579
f 1243//1580 1378//1580 1379//1580
f 1243//1581 1379//1581 1252//1581
f 1363//1582 1380//1582 1297//1582
f 1297//1583 1380//1583 1381//1583
f 1297//1584 1381//1584 1298//1584
f 1298//1585 1381//1585 1382//1585
f 1298//1586 1382//1586 1299//1586
f 1382//1587 1383//1587 1299//1587
f 1299//1588 1383//1588 1384//1588
f 1299//1589 1384//1589 1300//1589
f 1195//1590 1197//1590 1385//1590
f 1283//1591 1175//1591 1386//1591
f 1372//1592 1387//1592 1150//1592
f 1150//1593 1387//1593 1388//1593
f 1150//1594 1388//1594 1313//1594
f 1313//1595 1388//1595 1389//1595
f 1313//1596 1389//1596 1314//1596
f 1314//1597 1389//1597 1390//1597
f 1314//1598 1390//1598 1328//1598
f 1250//1599 1391//1599 1265//1599
f 1265//1600 1391//1600 1392//1600
f 1265//1601 1392//1601 1279//1601
f 1279//1602 1392//1602 1393//1602
f 1279//1603 1393//1603 1362//1603
f 1362//1604 1394//1604 1294//1604
f 1294//1605 1394//1605 1395//1605
f 1294//1606 1395//1606 1295//1606
f 1295//1607 1395//1607 1396//1607
f 1295//1608 1396//1608 1296//1608
f 1296//1609 1396//1609 1397//1609
f 1296//1610 1397//1610 1363//1610
f 1340//1611 1398//1611 1303//1611
f 1303//1612 1398//1612 1399//1612
f 1303//1613 1399//1613 1304//1613
f 1304//1614 1399//1614 1400//1614
f 1304//1615 1400//1615 1197//1615
f 1197//1616 1400//1616 1401//1616
f 1197//1617 1401//1617 1385//1617
f 1385//1618 1402//1618 1195//1618
f 1195//1619 1402//1619 1403//1619
f 1195//1620 1403//1620 1183//1620
f 1183//1621 1403//1621 1404//1621
f 1183//1622 1404//1622 1175//1622
f 1175//1623 1404//1623 1405//1623
f 1175//1624 1405//1624 1386//1624
f 1386//1625 1406//1625 1283//1625
f 1283//1626 1406//1626 1407//1626
f 1283//1627 1407//1627 1284//1627
f 1284//1628 1407//1628 1408//1628
f 1284//1629 1408//1629 1285//1629
f 1285//1630 1408//1630 1409//1630
f 1285//1631 1409//1631 1327//1631
f 1379//1632 1410//1632 1252//1632
f 1252//1633 1410//1633 1411//1633
f 1252//1634 1411//1634 1250//1634
f 1250//1635 1411//1635 1412//1635
f 1250//1636 1412//1636 1391//1636
f 1384//1637 1413//1637 1300//1637
f 1300//1638 1413//1638 1414//1638
f 1300//1639 1414//1639 1301//1639
f 1301//1640 1414//1640 1415//1640
f 1301//1641 1415//1641 1302//1641
f 1302//1642 1415//1642 1416//1642
f 1302//1643 1416//1643 1340//1643
f 1417//1644 1418//1644 1419//1644
f 1419//1645 1418//1645 1420//1645
f 1419//1646 1420//1646 1421//1646
f 1421//1647 1420//1647 1422//1647
f 1421//1648 1422//1648 1423//1648
f 1423//1649 1422//1649 1424//1649
f 1423//1650 1424//1650 1425//1650
f 1425//1651 1424//1651 1426//1651
f 1425//1652 1426//1652 1427//1652
f 1427//1653 1426//1653 1428//1653
f 1427//1654 1428//1654 1429//1654
f 1429//1655 1428//1655 1430//1655
f 1429//1656 1430//1656 1431//1656
f 1431//1657 1430//1657 1432//1657
f 1431//1658 1432//1658 1433//1658
f 1433//1659 1432//1659 1434//1659
f 1433//1660 1434//1660 1435//1660
f 1435//1661 1434//1661 1436//1661
f 1435//1662 1436//1662 1437//1662
f 1437//1663 1436//1663 1438//1663
f 1437//1664 1438//1664 1439//1664
f 1439//1665 1438//1665 1440//1665
f 1439//1666 1440//1666 1441//1666
f 1441//1667 1440//1667 1442//1667
f 1441//1668 1442//1668 1443//1668
f 1443//1669 1442//1669 1444//1669
f 1443//1670 1444//1670 1445//1670
f 1445//1671 1444//1671 1446//1671
f 1445//1672 1446//1672 1447//1672
f 1447//1673 1446//1673 1448//1673
f 1447//1674 1448//1674 1449//1674
f 1449//1675 1448//1675 1450//1675
f 1449//1676 1450//1676 1451//1676
f 1451//1677 1450//1677 1452//1677
f 1451//1678 1452//1678 1453//1678
f 1453//1679 1452//1679 1454//1679
f 1453//1680 1454//1680 1455//1680
f 1455//1681 1454//1681 1456//1681
f 1455//1682 1456//1682 1457//1682
f 1457//1683 1456//1683 1458//1683
f 1457//1684 1458//1684 1459//1684
f 1459//1685 1458//1685 1460//1685
f 1459//1686 1460//1686 1461//1686
f 1461//1687 1460//1687 1462//1687
f 1461//1688 1462//1688 1463//1688
f 1463//1689 1462//1689 1464//1689
f 1463//1690 1464//1690 1465//1690
f 1465//1691 1464//1691 1466//1691
f 1465//1692 1466//1692 1467//1692
f 1467//1693 1466//1693 1468//1693
f 1467//1694 1468//1694 1469//1694
f 1469//1695 1468//1695 1470//1695
f 1469//1696 1470//1696 1471//1696
f 1471//1697 1470//1697 1472//1697
f 1471//1698 1472//1698 1473//1698
f 1473//1699 1472//1699 1474//1699
f 1473//1700 1474//1700 1475//1700
f 1475//1701 1474//1701 1476//1701
f 1475//1702 1476//1702 1477//1702
f 1477//1703 1476//1703 1478//1703
f 1477//1704 1478//1704 1479//1704
f 1479//1705 1478//1705 1480//1705
f 1479//1706 1480//1706 1481//1706
f 1481//1707 1480//1707 1482//1707
f 1481//1708 1482//1708 1483//1708
f 1483//1709 1482//1709 1484//1709
f 1483//1710 1484//1710 1485//1710
f 1485//1711 1484//1711 1486//1711
f 1485//1712 1486//1712 1487//1712
f 1487//1713 1486//1713 1488//1713
f 1487//1714 1488//1714 1417//1714
f 1417//1715 1488//1715 1418//1715
f 1420//1716 561//1716 1422//1716
f 1422//1717 561//1717 556//1717
f 1422//1718 556//1718 1424//1718
f 1424//1719 556//1719 555//1719
f 1424//1720 555//1720 1426//1720
f 1426//1721 555//1721 554//1721
f 1426//1722 554//1722 1428//1722
f 1428//1723 554//1723 567//1723
f 1428//1724 567//1724 1430//1724
f 1430//1725 567//1725 566//1725
f 1430//1726 566//1726 1432//1726
f 1432//1727 566//1727 533//1727
f 1432//1728 533//1728 1434//1728
f 1434//1729 533//1729 532//1729
f 1434//1730 532//1730 1436//1730
f 1436//1731 532//1731 544//1731
f 1436//1732 544//1732 1438//1732
f 1438//1733 544//1733 543//1733
f 1438//1734 543//1734 1440//1734
f 1440//1735 543//1735 542//1735
f 1440//1736 542//1736 1442//1736
f 1442//1737 542//1737 541//1737
f 1442//1738 541//1738 1444//1738
f 1444//1739 541//1739 540//1739
f 1444//1740 540//1740 1446//1740
f 1446//1741 540//1741 560//1741
f 1446//1742 560//1742 1448//1742
f 1448//1743 560//1743 559//1743
f 1448//1744 559//1744 1450//1744
f 1450//1745 559//1745 558//1745
f 1450//1746 558//1746 1452//1746
f 1452//1747 558//1747 553//1747
f 1452//1748 553//1748 1454//1748
f 1454//1749 553//1749 552//1749
f 1454//1750 552//1750 1456//1750
f 1456//1751 552//1751 557//1751
f 1456//1752 557//1752 1458//1752
f 1458//1753 557//1753 565//1753
f 1458//1754 565//1754 1460//1754
f 1460//1755 565//1755 564//1755
f 1460//1756 564//1756 1462//1756
f 1462//1757 564//1757 539//1757
f 1462//1758 539//1758 1464//1758
f 1464//1759 539//1759 538//1759
f 1464//1760 538//1760 1466//1760
f 1466//1761 538//1761 537//1761
f 1466//1762 537//1762 1468//1762
f 1468//1763 537//1763 535//1763
f 1468//1764 535//1764 1470//1764
f 1470//1765 535//1765 534//1765
f 1470//1766 534//1766 1472//1766
f 1472//1767 534//1767 536//1767
f 1472//1768 536//1768 1474//1768
f 1474//1769 536//1769 545//1769
f 1474//1770 545//1770 1476//1770
f 1476//1771 545//1771 551//1771
f 1476//1772 551//1772 1478//1772
f 1478//1773 551//1773 550//1773
f 1478//1774 550//1774 1480//1774
f 1480//1775 550//1775 549//1775
f 1480//1776 549//1776 1482//1776
f 1482//1777 549//1777 548//1777
f 1482//1778 548//1778 1484//1778
f 1484//1779 548//1779 547//1779
f 1484//1780 547//1780 1486//1780
f 1486//1781 547//1781 546//1781
f 1486//1782 546//1782 1488//1782
f 1488//1783 546//1783 563//1783
f 1488//1784 563//1784 1418//1784
f 1418//1785 563//1785 562//1785
f 1418//1786 562//1786 1420//1786
f 1420//1787 562//1787 561//1787
f 1489//1788 1490//1788 1491//1788
f 1491//1789 1490//1789 1492//1789
f 1491//1790 1492//1790 1493//1790
f 1493//1791 1492//1791 1494//1791
f 1493//1792 1494//1792 1495//1792
f 1495//1793 1494//1793 1496//1793
f 1495//1794 1496//1794 1497//1794
f 1497//1795 1496//1795 1498//1795
f 1497//1796 1498//1796 1499//1796
f 1499//1797 1498//1797 1500//1797
f 1499//1798 1500//1798 1501//1798
f 1501//1799 1500//1799 1502//1799
f 1501//1800 1502//1800 1503//1800
f 1503//1801 1502//1801 1504//1801
f 1503//1802 1504//1802 1505//1802
f 1505//1803 1504//1803 1506//1803
f 1505//1804 1506//1804 1507//1804
f 1507//1805 1506//1805 1508//1805
f 1507//1806 1508//1806 1509//1806
f 1509//1807 1508//1807 1510//1807
f 1509//1808 1510//1808 1511//1808
f 1511//1809 1510//1809 1512//1809
f 1511//1810 1512//1810 1513//1810
f 1513//1811 1512//1811 1514//1811
f 1513//1812 1514//1812 1515//1812
f 1515//1813 1514//1813 1516//1813
f 1515//1814 1516//1814 1517//1814
f 1517//1815 1516//1815 1518//1815
f 1517//1816 1518//1816 1519//1816
f 1519//1817 1518//1817 1520//1817
f 1519//1818 1520//1818 1521//1818
f 1521//1819 1520//1819 1522//1819
f 1521//1820 1522//1820 1523//1820
f 1523//1821 1522//1821 1524//1821
f 1523//1822 1524//1822 1525//1822
f 1525//1823 1524//1823 1526//1823
f 1525//1824 1526//1824 1527//1824
f 1527//1825 1526//1825 1528//1825
f 1527//1826 1528//1826 1529//1826
f 1529//1827 1528//1827 1530//1827
f 1529//1828 1530//1828 1531//1828
f 1531//1829 1530//1829 1532//1829
f 1531//1830 1532//1830 1533//1830
f 1533//1831 1532//1831 1534//1831
f 1533//1832 1534//1832 1535//1832
f 1535//1833 1534//1833 1536//1833
f 1535//1834 1536//1834 1537//1834
f 1537//1835 1536//1835 1538//1835
f 1537//1836 1538//1836 1539//1836
f 1539//1837 1538//1837 1540//1837
f 1539//1838 1540//1838 1541//1838
f 1541//1839 1540//1839 1542//1839
f 1541//1840 1542//1840 1543//1840
f 1543//1841 1542//1841 1544//1841
f 1543//1842 1544//1842 1545//1842
f 1545//1843 1544//1843 1546//1843
f 1545//1844 1546//1844 1547//1844
f 1547//1845 1546//1845 1548//1845
f 1547//1846 1548//1846 1549//1846
f 1549//1847 1548//1847 1550//1847
f 1549//1848 1550//1848 1551//1848
f 1551//1849 1550//1849 1552//1849
f 1551//1850 1552//1850 1553//1850
f 1553//1851 1552//1851 1554//1851
f 1553//1852 1554//1852 1555//1852
f 1555//1853 1554//1853 1556//1853
f 1555//1854 1556//1854 1557//1854
f 1557//1855 1556//1855 1558//1855
f 1557//1856 1558//1856 1559//1856
f 1559//1857 1558//1857 1560//1857
f 1559//1858 1560//1858 1489//1858
f 1489//1859 1560//1859 1490//1859
f 1492//1860 516//1860 1494//1860
f 1494//1861 516//1861 515//1861
f 1494//1862 515//1862 1496//1862
f 1496//1863 515//1863 514//1863
f 1496//1864 514//1864 1498//1864
f 1498//1865 514//1865 513//1865
f 1498//1866 513//1866 1500//1866
f 1500//1867 513//1867 511//1867
f 1500//1868 511//1868 1502//1868
f 1502//1869 511//1869 510//1869
f 1502//1870 510//1870 1504//1870
f 1504//1871 510//1871 531//1871
f 1504//1872 531//1872 1506//1872
f 1506//1873 531//1873 530//1873
f 1506//1874 530//1874 1508//1874
f 1508//1875 530//1875 529//1875
f 1508//1876 529//1876 1510//1876
f 1510//1877 529//1877 528//1877
f 1510//1878 528//1878 1512//1878
f 1512//1879 528//1879 527//1879
f 1512//1880 527//1880 1514//1880
f 1514//1881 527//1881 526//1881
f 1514//1882 526//1882 1516//1882
f 1516//1883 526//1883 525//1883
f 1516//1884 525//1884 1518//1884
f 1518//1885 525//1885 524//1885
f 1518//1886 524//1886 1520//1886
f 1520//1887 524//1887 497//1887
f 1520//1888 497//1888 1522//1888
f 1522//1889 497//1889 496//1889
f 1522//1890 496//1890 1524//1890
f 1524//1891 496//1891 509//1891
f 1524//1892 509//1892 1526//1892
f 1526//1893 509//1893 508//1893
f 1526//1894 508//1894 1528//1894
f 1528//1895 508//1895 507//1895
f 1528//1896 507//1896 1530//1896
f 1530//1897 507//1897 502//1897
f 1530//1898 502//1898 1532//1898
f 1532//1899 502//1899 501//1899
f 1532//1900 501//1900 1534//1900
f 1534//1901 501//1901 500//1901
f 1534//1902 500//1902 1536//1902
f 1536//1903 500//1903 506//1903
f 1536//1904 506//1904 1538//1904
f 1538//1905 506//1905 505//1905
f 1538//1906 505//1906 1540//1906
f 1540//1907 505//1907 504//1907
f 1540//1908 504//1908 1542//1908
f 1542//1909 504//1909 503//1909
f 1542//1910 503//1910 1544//1910
f 1544//1911 503//1911 523//1911
f 1544//1912 523//1912 1546//1912
f 1546//1913 523//1913 522//1913
f 1546//1914 522//1914 1548//1914
f 1548//1915 522//1915 521//1915
f 1548//1916 521//1916 1550//1916
f 1550//1917 521//1917 520//1917
f 1550//1918 520//1918 1552//1918
f 1552//1919 520//1919 519//1919
f 1552//1920 519//1920 1554//1920
f 1554//1921 519//1921 518//1921
f 1554//1922 518//1922 1556//1922
f 1556//1923 518//1923 495//1923
f 1556//1924 495//1924 1558//1924
f 1558//1925 495//1925 494//1925
f 1558//1926 494//1926 1560//1926
f 1560//1927 494//1927 499//1927
f 1560//1928 499//1928 1490//1928
f 1490//1929 499//1929 517//1929
f 1490//1930 517//1930 1492//1930
f 1492//1931 517//1931 516//1931
f 1561//1932 1562//1932 1563//1932
f 1563//1933 1562//1933 1564//1933
f 1563//1934 1564//1934 1565//1934
f 1565//1935 1564//1935 1566//1935
f 1565//1936 1566//1936 1567//1936
f 1567//1937 1566//1937 1568//1937
f 1567//1938 1568//1938 1569//1938
f 1569//1939 1568//1939 1570//1939
f 1569//1940 1570//1940 1571//1940
f 1571//1941 1570//1941 1572//1941
f 1571//1942 1572//1942 1573//1942
f 1573//1943 1572//1943 1574//1943
f 1573//1944 1574//1944 1575//1944
f 1575//1945 1574//1945 1576//1945
f 1575//1946 1576//1946 1577//1946
f 1577//1947 1576//1947 1578//1947
f 1577//1948 1578//1948 1579//1948
f 1579//1949 1578//1949 1580//1949
f 1579//1950 1580//1950 1581//1950
f 1581//1951 1580//1951 1582//1951
f 1581//1952 1582//1952 1583//1952
f 1583//1953 1582//1953 1584//1953
f 1583//1954 1584//1954 1585//1954
f 1585//1955 1584//1955 1586//1955
f 1585//1956 1586//1956 1587//1956
f 1587//1957 1586//1957 1588//1957
f 1587//1958 1588//1958 1589//1958
f 1589//1959 1588//1959 1590//1959
f 1589//1960 1590//1960 1591//1960
f 1591//1961 1590//1961 1592//1961
f 1591//1962 1592//1962 1593//1962
f 1593//1963 1592//1963 1594//1963
f 1593//1964 1594//1964 1595//1964
f 1595//1965 1594//1965 1596//1965
f 1595//1966 1596//1966 1597//1966
f 1597//1967 1596//1967 1598//1967
f 1597//1968 1598//1968 1599//1968
f 1599//1969 1598//1969 1600//1969
f 1599//1970 1600//1970 1601//1970
f 1601//1971 1600//1971 1602//1971
f 1601//1972 1602//1972 1603//1972
f 1603//1973 1602//1973 1604//1973
f 1603//1974 1604//1974 1605//1974
f 1605//1975 1604//1975 1606//1975
f 1605//1976 1606//1976 1607//1976
f 1607//1977 1606//1977 1608//1977
f 1607//1978 1608//1978 1609//1978
f 1609//1979 1608//1979 1610//1979
f 1609//1980 1610//1980 1611//1980
f 1611//1981 1610//1981 1612//1981
f 1611//1982 1612//1982 1613//1982
f 1613//1983 1612//1983 1614//1983
f 1613//1984 1614//1984 1615//1984
f 1615//1985 1614//1985 1616//1985
f 1615//1986 1616//1986 1617//1986
f 1617//1987 1616//1987 1618//1987
f 1617//1988 1618//1988 1619//1988
f 1619//1989 1618//1989 1620//1989
f 1619//1990 1620//1990 1621//1990
f 1621//1991 1620//1991 1622//1991
f 1621//1992 1622//1992 1623//1992
f 1623//1993 1622//1993 1624//1993
f 1623//1994 1624//1994 1625//1994
f 1625//1995 1624//1995 1626//1995
f 1625//1996 1626//1996 1627//1996
f 1627//1997 1626//1997 1628//1997
f 1627//1998 1628//1998 1629//1998
f 1629//1999 1628//1999 1630//1999
f 1629//2000 1630//2000 1631//2000
f 1631//2001 1630//2001 1632//2001
f 1631//2002 1632//2002 1561//2002
f 1561//2003 1632//2003 1562//2003
f 1564//2004 599//2004 1566//2004
f 1566//2005 599//2005 591//2005
f 1566//2006 591//2006 1568//2006
f 1568//2007 591//2007 590//2007
f 1568//2008 590//2008 1570//2008
f 1570//2009 590//2009 589//2009
f 1570//2010 589//2010 1572//2010
f 1572//2011 589//2011 585//2011
f 1572//2012 585//2012 1574//2012
f 1574//2013 585//2013 584//2013
f 1574//2014 584//2014 1576//2014
f 1576//2015 584//2015 583//2015
f 1576//2016 583//2016 1578//2016
f 1578//2017 583//2017 574//2017
f 1578//2018 574//2018 1580//2018
f 1580//2019 574//2019 573//2019
f 1580//2020 573//2020 1582//2020
f 1582//2021 573//2021 588//2021
f 1582//2022 588//2022 1584//2022
f 1584//2023 588//2023 587//2023
f 1584//2024 587//2024 1586//2024
f 1586//2025 587//2025 586//2025
f 1586//2026 586//2026 1588//2026
f 1588//2027 586//2027 572//2027
f 1588//2028 572//2028 1590//2028
f 1590//2029 572//2029 571//2029
f 1590//2030 571//2030 1592//2030
f 1592//2031 571//2031 582//2031
f 1592//2032 582//2032 1594//2032
f 1594//2033 582//2033 581//2033
f 1594//2034 581//2034 1596//2034
f 1596//2035 581//2035 577//2035
f 1596//2036 577//2036 1598//2036
f 1598//2037 577//2037 576//2037
f 1598//2038 576//2038 1600//2038
f 1600//2039 576//2039 575//2039
f 1600//2040 575//2040 1602//2040
f 1602//2041 575//2041 580//2041
f 1602//2042 580//2042 1604//2042
f 1604//2043 580//2043 579//2043
f 1604//2044 579//2044 1606//2044
f 1606//2045 579//2045 578//2045
f 1606//2046 578//2046 1608//2046
f 1608//2047 578//2047 568//2047
f 1608//2048 568//2048 1610//2048
f 1610//2049 568//2049 569//2049
f 1610//2050 569//2050 1612//2050
f 1612//2051 569//2051 570//2051
f 1612//2052 570//2052 1614//2052
f 1614//2053 570//2053 598//2053
f 1614//2054 598//2054 1616//2054
f 1616//2055 598//2055 597//2055
f 1616//2056 597//2056 1618//2056
f 1618//2057 597//2057 596//2057
f 1618//2058 596//2058 1620//2058
f 1620//2059 596//2059 595//2059
f 1620//2060 595//2060 1622//2060
f 1622//2061 595//2061 603//2061
f 1622//2062 603//2062 1624//2062
f 1624//2063 603//2063 602//2063
f 1624//2064 602//2064 1626//2064
f 1626//2065 602//2065 593//2065
f 1626//2066 593//2066 1628//2066
f 1628//2067 593//2067 592//2067
f 1628//2068 592//2068 1630//2068
f 1630//2069 592//2069 594//2069
f 1630//2070 594//2070 1632//2070
f 1632//2071 594//2071 601//2071
f 1632//2072 601//2072 1562//2072
f 1562//2073 601//2073 600//2073
f 1562//2074 600//2074 1564//2074
f 1564//2075 600//2075 599//2075
f 1633//2076 1634//2076 1635//2076
f 1635//2077 1634//2077 1636//2077
f 1635//2078 1636//2078 1637//2078
f 1637//2079 1636//2079 1638//2079
f 1637//2080 1638//2080 1639//2080
f 1639//2081 1638//2081 1640//2081
f 1639//2082 1640//2082 1641//2082
f 1641//2083 1640//2083 1642//2083
f 1641//2084 1642//2084 1643//2084
f 1643//2085 1642//2085 1644//2085
f 1643//2086 1644//2086 1645//2086
f 1645//2087 1644//2087 1646//2087
f 1645//2088 1646//2088 1647//2088
f 1647//2089 1646//2089 1648//2089
f 1647//2090 1648//2090 1649//2090
f 1649//2091 1648//2091 1650//2091
f 1649//2092 1650//2092 1651//2092
f 1651//2093 1650//2093 1652//2093
f 1651//2094 1652//2094 1653//2094
f 1653//2095 1652//2095 1654//2095
f 1653//2096 1654//2096 1655//2096
f 1655//2097 1654//2097 1656//2097
f 1655//2098 1656//2098 1657//2098
f 1657//2099 1656//2099 1658//2099
f 1657//2100 1658//2100 1659//2100
f 1659//2101 1658//2101 1660//2101
f 1659//2102 1660//2102 1661//2102
f 1661//2103 1660//2103 1662//2103
f 1661//2104 1662//2104 1663//2104
f 1663//2105 1662//2105 1664//2105
f 1663//2106 1664//2106 1665//2106
f 1665//2107 1664//2107 1666//2107
f 1665//2108 1666//2108 1667//2108
f 1667//2109 1666//2109 1668//2109
f 1667//2110 1668//2110 1669//2110
f 1669//2111 1668//2111 1670//2111
f 1669//2112 1670//2112 1671//2112
f 1671//2113 1670//2113 1672//2113
f 1671//2114 1672//2114 1673//2114
f 1673//2115 1672//2115 1674//2115
f 1673//2116 1674//2116 1675//2116
f 1675//2117 1674//2117 1676//2117
f 1675//2118 1676//2118 1677//2118
f 1677//2119 1676//2119 1678//2119
f 1677//2120 1678//2120 1679//2120
f 1679//2121 1678//2121 1680//2121
f 1679//2122 1680//2122 1681//2122
f 1681//2123 1680//2123 1682//2123
f 1681//2124 1682//2124 1683//2124
f 1683//2125 1682//2125 1684//2125
f 1683//2126 1684//2126 1685//2126
f 1685//2127 1684//2127 1686//2127
f 1685//2128 1686//2128 1687//2128
f 1687//2129 1686//2129 1688//2129
f 1687//2130 1688//2130 1689//2130
f 1689//2131 1688//2131 1690//2131
f 1689//2132 1690//2132 1691//2132
f 1691//2133 1690//2133 1692//2133
f 1691//2134 1692//2134 1693//2134
f 1693//2135 1692//2135 1694//2135
f 1693//2136 1694//2136 1695//2136
f 1695//2137 1694//2137 1696//2137
f 1695//2138 1696//2138 1697//2138
f 1697//2139 1696//2139 1698//2139
f 1697//2140 1698//2140 1699//2140
f 1699//2141 1698//2141 1700//2141
f 1699//2142 1700//2142 1701//2142
f 1701//2143 1700//2143 1702//2143
f 1701//2144 1702//2144 1703//2144
f 1703//2145 1702//2145 1704//2145
f 1703//2146 1704//2146 1633//2146
f 1633//2147 1704//2147 1634//2147
f 1636//2148 474//2148 1638//2148
f 1638//2149 474//2149 473//2149
f 1638//2150 473//2150 1640//2150
f 1640//2151 473//2151 472//2151
f 1640//2152 472//2152 1642//2152
f 1642//2153 472//2153 471//2153
f 1642//2154 471//2154 1644//2154
f 1644//2155 471//2155 487//2155
f 1644//2156 487//2156 1646//2156
f 1646//2157 487//2157 486//2157
f 1646//2158 486//2158 1648//2158
f 1648//2159 486//2159 485//2159
f 1648//2160 485//2160 1650//2160
f 1650//2161 485//2161 490//2161
f 1650//2162 490//2162 1652//2162
f 1652//2163 490//2163 489//2163
f 1652//2164 489//2164 1654//2164
f 1654//2165 489//2165 488//2165
f 1654//2166 488//2166 1656//2166
f 1656//2167 488//2167 484//2167
f 1656//2168 484//2168 1658//2168
f 1658//2169 484//2169 483//2169
f 1658//2170 483//2170 1660//2170
f 1660//2171 483//2171 482//2171
f 1660//2172 482//2172 1662//2172
f 1662//2173 482//2173 481//2173
f 1662//2174 481//2174 1664//2174
f 1664//2175 481//2175 480//2175
f 1664//2176 480//2176 1666//2176
f 1666//2177 480//2177 479//2177
f 1666//2178 479//2178 1668//2178
f 1668//2179 479//2179 476//2179
f 1668//2180 476//2180 1670//2180
f 1670//2181 476//2181 477//2181
f 1670//2182 477//2182 1672//2182
f 1672//2183 477//2183 478//2183
f 1672//2184 478//2184 1674//2184
f 1674//2185 478//2185 464//2185
f 1674//2186 464//2186 1676//2186
f 1676//2187 464//2187 463//2187
f 1676//2188 463//2188 1678//2188
f 1678//2189 463//2189 462//2189
f 1678//2190 462//2190 1680//2190
f 1680//2191 462//2191 458//2191
f 1680//2192 458//2192 1682//2192
f 1682//2193 458//2193 457//2193
f 1682//2194 457//2194 1684//2194
f 1684//2195 457//2195 455//2195
f 1684//2196 455//2196 1686//2196
f 1686//2197 455//2197 454//2197
f 1686//2198 454//2198 1688//2198
f 1688//2199 454//2199 467//2199
f 1688//2200 467//2200 1690//2200
f 1690//2201 467//2201 466//2201
f 1690//2202 466//2202 1692//2202
f 1692//2203 466//2203 465//2203
f 1692//2204 465//2204 1694//2204
f 1694//2205 465//2205 460//2205
f 1694//2206 460//2206 1696//2206
f 1696//2207 460//2207 459//2207
f 1696//2208 459//2208 1698//2208
f 1698//2209 459//2209 470//2209
f 1698//2210 470//2210 1700//2210
f 1700//2211 470//2211 469//2211
f 1700//2212 469//2212 1702//2212
f 1702//2213 469//2213 468//2213
f 1702//2214 468//2214 1704//2214
f 1704//2215 468//2215 461//2215
f 1704//2216 461//2216 1634//2216
f 1634//2217 461//2217 475//2217
f 1634//2218 475//2218 1636//2218
f 1636//2219 475//2219 474//2219
f 1705//2220 1706//2220 1707//2220
f 1707//2221 1706//2221 1708//2221
f 1707//2222 1708//2222 1709//2222
f 1709//2223 1708//2223 1710//2223
f 1709//2224 1710//2224 1711//2224
f 1711//2225 1710//2225 1712//2225
f 1711//2226 1712//2226 1713//2226
f 1713//2227 1712//2227 1714//2227
f 1713//2228 1714//2228 1715//2228
f 1715//2229 1714//2229 1716//2229
f 1715//2230 1716//2230 1717//2230
f 1717//2231 1716//2231 1718//2231
f 1717//2232 1718//2232 1719//2232
f 1719//2233 1718//2233 1720//2233
f 1719//2234 1720//2234 1721//2234
f 1721//2235 1720//2235 1722//2235
f 1721//2236 1722//2236 1723//2236
f 1723//2237 1722//2237 1724//2237
f 1723//2238 1724//2238 1725//2238
f 1725//2239 1724//2239 1726//2239
f 1725//2240 1726//2240 1727//2240
f 1727//2241 1726//2241 1728//2241
f 1727//2242 1728//2242 1729//2242
f 1729//2243 1728//2243 1730//2243
f 1729//2244 1730//2244 1731//2244
f 1731//2245 1730//2245 1732//2245
f 1731//2246 1732//2246 1733//2246
f 1733//2247 1732//2247 1734//2247
f 1733//2248 1734//2248 1735//2248
f 1735//2249 1734//2249 1736//2249
f 1735//2250 1736//2250 1737//2250
f 1737//2251 1736//2251 1738//2251
f 1737//2252 1738//2252 1739//2252
f 1739//2253 1738//2253 1740//2253
f 1739//2254 1740//2254 1741//2254
f 1741//2255 1740//2255 1742//2255
f 1741//2256 1742//2256 1743//2256
f 1743//2257 1742//2257 1744//2257
f 1743//2258 1744//2258 1745//2258
f 1745//2259 1744//2259 1746//2259
f 1745//2260 1746//2260 1747//2260
f 1747//2261 1746//2261 1748//2261
f 1747//2262 1748//2262 1749//2262
f 1749//2263 1748//2263 1750//2263
f 1749//2264 1750//2264 1751//2264
f 1751//2265 1750//2265 1752//2265
f 1751//2266 1752//2266 1753//2266
f 1753//2267 1752//2267 1754//2267
f 1753//2268 1754//2268 1755//2268
f 1755//2269 1754//2269 1756//2269
f 1755//2270 1756//2270 1757//2270
f 1757//2271 1756//2271 1758//2271
f 1757//2272 1758//2272 1759//2272
f 1759//2273 1758//2273 1760//2273
f 1759//2274 1760//2274 1761//2274
f 1761//2275 1760//2275 1762//2275
f 1761//2276 1762//2276 1763//2276
f 1763//2277 1762//2277 1764//2277
f 1763//2278 1764//2278 1765//2278
f 1765//2279 1764//2279 1766//2279
f 1765//2280 1766//2280 1767//2280
f 1767//2281 1766//2281 1768//2281
f 1767//2282 1768//2282 1769//2282
f 1769//2283 1768//2283 1770//2283
f 1769//2284 1770//2284 1771//2284
f 1771//2285 1770//2285 1772//2285
f 1771//2286 1772//2286 1773//2286
f 1773//2287 1772//2287 1774//2287
f 1773//2288 1774//2288 1775//2288
f 1775//2289 1774//2289 1776//2289
f 1775//2290 1776//2290 1705//2290
f 1705//2291 1776//2291 1706//2291
f 1708//2292 450//2292 1710//2292
f 1710//2293 450//2293 449//2293
f 1710//2294 449//2294 1712//2294
f 1712//2295 449//2295 448//2295
f 1712//2296 448//2296 1714//2296
f 1714//2297 448//2297 447//2297
f 1714//2298 447//2298 1716//2298
f 1716//2299 447//2299 445//2299
f 1716//2300 445//2300 1718//2300
f 1718//2301 445//2301 444//2301
f 1718//2302 444//2302 1720//2302
f 1720//2303 444//2303 424//2303
f 1720//2304 424//2304 1722//2304
f 1722//2305 424//2305 423//2305
f 1722//2306 423//2306 1724//2306
f 1724//2307 423//2307 422//2307
f 1724//2308 422//2308 1726//2308
f 1726//2309 422//2309 421//2309
f 1726//2310 421//2310 1728//2310
f 1728//2311 421//2311 420//2311
f 1728//2312 420//2312 1730//2312
f 1730//2313 420//2313 419//2313
f 1730//2314 419//2314 1732//2314
f 1732//2315 419//2315 429//2315
f 1732//2316 429//2316 1734//2316
f 1734//2317 429//2317 428//2317
f 1734//2318 428//2318 1736//2318
f 1736//2319 428//2319 427//2319
f 1736//2320 427//2320 1738//2320
f 1738//2321 427//2321 418//2321
f 1738//2322 418//2322 1740//2322
f 1740//2323 418//2323 417//2323
f 1740//2324 417//2324 1742//2324
f 1742//2325 417//2325 434//2325
f 1742//2326 434//2326 1744//2326
f 1744//2327 434//2327 433//2327
f 1744//2328 433//2328 1746//2328
f 1746//2329 433//2329 432//2329
f 1746//2330 432//2330 1748//2330
f 1748//2331 432//2331 415//2331
f 1748//2332 415//2332 1750//2332
f 1750//2333 415//2333 414//2333
f 1750//2334 414//2334 1752//2334
f 1752//2335 414//2335 431//2335
f 1752//2336 431//2336 1754//2336
f 1754//2337 431//2337 430//2337
f 1754//2338 430//2338 1756//2338
f 1756//2339 430//2339 426//2339
f 1756//2340 426//2340 1758//2340
f 1758//2341 426//2341 425//2341
f 1758//2342 425//2342 1760//2342
f 1760//2343 425//2343 443//2343
f 1760//2344 443//2344 1762//2344
f 1762//2345 443//2345 442//2345
f 1762//2346 442//2346 1764//2346
f 1764//2347 442//2347 441//2347
f 1764//2348 441//2348 1766//2348
f 1766//2349 441//2349 440//2349
f 1766//2350 440//2350 1768//2350
f 1768//2351 440//2351 439//2351
f 1768//2352 439//2352 1770//2352
f 1770//2353 439//2353 438//2353
f 1770//2354 438//2354 1772//2354
f 1772//2355 438//2355 437//2355
f 1772//2356 437//2356 1774//2356
f 1774//2357 437//2357 436//2357
f 1774//2358 436//2358 1776//2358
f 1776//2359 436//2359 435//2359
f 1776//2360 435//2360 1706//2360
f 1706//2361 435//2361 452//2361
f 1706//2362 452//2362 1708//2362
f 1708//2363 452//2363 450//2363
f 1777//2364 1778//2364 1779//2364
f 1779//2365 1778//2365 1780//2365
f 1779//2366 1780//2366 1781//2366
f 1781//2367 1780//2367 1782//2367
f 1781//2368 1782//2368 1783//2368
f 1783//2369 1782//2369 1784//2369
f 1783//2370 1784//2370 1785//2370
f 1785//2371 1784//2371 1786//2371
f 1785//2372 1786//2372 1787//2372
f 1787//2373 1786//2373 1788//2373
f 1787//2374 1788//2374 1789//2374
f 1789//2375 1788//2375 1790//2375
f 1789//2376 1790//2376 1791//2376
f 1791//2377 1790//2377 1792//2377
f 1791//2378 1792//2378 1793//2378
f 1793//2379 1792//2379 1794//2379
f 1793//2380 1794//2380 1795//2380
f 1795//2381 1794//2381 1796//2381
f 1795//2382 1796//2382 1797//2382
f 1797//2383 1796//2383 1798//2383
f 1797//2384 1798//2384 1799//2384
f 1799//2385 1798//2385 1800//2385
f 1799//2386 1800//2386 1801//2386
f 1801//2387 1800//2387 1802//2387
f 1801//2388 1802//2388 1803//2388
f 1803//2389 1802//2389 1804//2389
f 1803//2390 1804//2390 1805//2390
f 1805//2391 1804//2391 1806//2391
f 1805//2392 1806//2392 1807//2392
f 1807//2393 1806//2393 1808//2393
f 1807//2394 1808//2394 1809//2394
f 1809//2395 1808//2395 1810//2395
f 1809//2396 1810//2396 1811//2396
f 1811//2397 1810//2397 1812//2397
f 1811//2398 1812//2398 1813//2398
f 1813//2399 1812//2399 1814//2399
f 1813//2400 1814//2400 1815//2400
f 1815//2401 1814//2401 1816//2401
f 1815//2402 1816//2402 1817//2402
f 1817//2403 1816//2403 1818//2403
f 1817//2404 1818//2404 1819//2404
f 1819//2405 1818//2405 1820//2405
f 1819//2406 1820//2406 1821//2406
f 1821//2407 1820//2407 1822//2407
f 1821//2408 1822//2408 1823//2408
f 1823//2409 1822//2409 1824//2409
f 1823//2410 1824//2410 1825//2410
f 1825//2411 1824//2411 1826//2411
f 1825//2412 1826//2412 1827//2412
f 1827//2413 1826//2413 1828//2413
f 1827//2414 1828//2414 1829//2414
f 1829//2415 1828//2415 1830//2415
f 1829//2416 1830//2416 1831//2416
f 1831//2417 1830//2417 1832//2417
f 1831//2418 1832//2418 1833//2418
f 1833//2419 1832//2419 1834//2419
f 1833//2420 1834//2420 1835//2420
f 1835//2421 1834//2421 1836//2421
f 1835//2422 1836//2422 1837//2422
f 1837//2423 1836//2423 1838//2423
f 1837//2424 1838//2424 1839//2424
f 1839//2425 1838//2425 1840//2425
f 1839//2426 1840//2426 1841//2426
f 1841//2427 1840//2427 1842//2427
f 1841//2428 1842//2428 1843//2428
f 1843//2429 1842//2429 1844//2429
f 1843//2430 1844//2430 1845//2430
f 1845//2431 1844//2431 1846//2431
f 1845//2432 1846//2432 1847//2432
f 1847//2433 1846//2433 1848//2433
f 1847//2434 1848//2434 1777//2434
f 1777//2435 1848//2435 1778//2435
f 1780//2436 392//2436 1782//2436
f 1782//2437 392//2437 380//2437
f 1782//2438 380//2438 1784//2438
f 1784//2439 380//2439 379//2439
f 1784//2440 379//2440 1786//2440
f 1786//2441 379//2441 391//2441
f 1786//2442 391//2442 1788//2442
f 1788//2443 391//2443 390//2443
f 1788//2444 390//2444 1790//2444
f 1790//2445 390//2445 389//2445
f 1790//2446 389//2446 1792//2446
f 1792//2447 389//2447 388//2447
f 1792//2448 388//2448 1794//2448
f 1794//2449 388//2449 382//2449
f 1794//2450 382//2450 1796//2450
f 1796//2451 382//2451 381//2451
f 1796//2452 381//2452 1798//2452
f 1798//2453 381//2453 377//2453
f 1798//2454 377//2454 1800//2454
f 1800//2455 377//2455 405//2455
f 1800//2456 405//2456 1802//2456
f 1802//2457 405//2457 404//2457
f 1802//2458 404//2458 1804//2458
f 1804//2459 404//2459 403//2459
f 1804//2460 403//2460 1806//2460
f 1806//2461 403//2461 402//2461
f 1806//2462 402//2462 1808//2462
f 1808//2463 402//2463 401//2463
f 1808//2464 401//2464 1810//2464
f 1810//2465 401//2465 387//2465
f 1810//2466 387//2466 1812//2466
f 1812//2467 387//2467 386//2467
f 1812//2468 386//2468 1814//2468
f 1814//2469 386//2469 385//2469
f 1814//2470 385//2470 1816//2470
f 1816//2471 385//2471 384//2471
f 1816//2472 384//2472 1818//2472
f 1818//2473 384//2473 383//2473
f 1818//2474 383//2474 1820//2474
f 1820//2475 383//2475 373//2475
f 1820//2476 373//2476 1822//2476
f 1822//2477 373//2477 375//2477
f 1822//2478 375//2478 1824//2478
f 1824//2479 375//2479 376//2479
f 1824//2480 376//2480 1826//2480
f 1826//2481 376//2481 400//2481
f 1826//2482 400//2482 1828//2482
f 1828//2483 400//2483 399//2483
f 1828//2484 399//2484 1830//2484
f 1830//2485 399//2485 398//2485
f 1830//2486 398//2486 1832//2486
f 1832//2487 398//2487 397//2487
f 1832//2488 397//2488 1834//2488
f 1834//2489 397//2489 411//2489
f 1834//2490 411//2490 1836//2490
f 1836//2491 411//2491 410//2491
f 1836//2492 410//2492 1838//2492
f 1838//2493 410//2493 409//2493
f 1838//2494 409//2494 1840//2494
f 1840//2495 409//2495 408//2495
f 1840//2496 408//2496 1842//2496
f 1842//2497 408//2497 407//2497
f 1842//2498 407//2498 1844//2498
f 1844//2499 407//2499 406//2499
f 1844//2500 406//2500 1846//2500
f 1846//2501 406//2501 396//2501
f 1846//2502 396//2502 1848//2502
f 1848//2503 396//2503 395//2503
f 1848//2504 395//2504 1778//2504
f 1778//2505 395//2505 393//2505
f 1778//2506 393//2506 1780//2506
f 1780//2507 393//2507 392//2507
f 212//2508 210//2508 1849//2508
f 1850//2509 249//2509 247//2509
f 1850//2510 247//2510 1851//2510
f 249//2511 1850//2511 250//2511
f 250//2512 1850//2512 1852//2512
f 250//2513 1852//2513 251//2513
f 251//2514 1852//2514 1853//2514
f 251//2515 1853//2515 253//2515
f 253//2516 1853//2516 1854//2516
f 253//2517 1854//2517 254//2517
f 254//2518 1854//2518 1855//2518
f 254//2519 1855//2519 255//2519
f 255//2520 1855//2520 256//2520
f 256//2521 1855//2521 1856//2521
f 256//2522 1856//2522 257//2522
f 257//2523 1856//2523 262//2523
f 262//2524 1856//2524 1857//2524
f 262//2525 1857//2525 263//2525
f 263//2526 1857//2526 264//2526
f 264//2527 1857//2527 1858//2527
f 264//2528 1858//2528 261//2528
f 261//2529 1858//2529 258//2529
f 258//2530 1858//2530 1859//2530
f 258//2531 1859//2531 259//2531
f 259//2532 1859//2532 265//2532
f 265//2533 1859//2533 1860//2533
f 265//2534 1860//2534 266//2534
f 266//2535 1860//2535 267//2535
f 267//2536 1860//2536 1861//2536
f 267//2537 1861//2537 268//2537
f 268//2538 1861//2538 1862//2538
f 268//2539 1862//2539 269//2539
f 269//2540 1862//2540 1863//2540
f 269//2541 1863//2541 270//2541
f 270//2542 1863//2542 1864//2542
f 270//2543 1864//2543 271//2543
f 1849//2544 210//2544 1865//2544
f 210//2545 209//2545 1865//2545
f 1865//2546 209//2546 273//2546
f 1865//2547 273//2547 1864//2547
f 1864//2548 273//2548 272//2548
f 1864//2549 272//2549 271//2549
f 212//2550 1849//2550 213//2550
f 213//2551 1849//2551 1866//2551
f 213//2552 1866//2552 215//2552
f 215//2553 1866//2553 1867//2553
f 215//2554 1867//2554 216//2554
f 216//2555 1867//2555 217//2555
f 217//2556 1867//2556 1868//2556
f 217//2557 1868//2557 214//2557
f 214//2558 1868//2558 206//2558
f 206//2559 1868//2559 1869//2559
f 206//2560 1869//2560 207//2560
f 207//2561 1869//2561 1870//2561
f 207//2562 1870//2562 218//2562
f 218//2563 1870//2563 1871//2563
f 218//2564 1871//2564 219//2564
f 219//2565 1871//2565 1872//2565
f 219//2566 1872//2566 220//2566
f 220//2567 1872//2567 221//2567
f 221//2568 1872//2568 1873//2568
f 221//2569 1873//2569 222//2569
f 222//2570 1873//2570 223//2570
f 223//2571 1873//2571 1874//2571
f 223//2572 1874//2572 224//2572
f 224//2573 1874//2573 225//2573
f 225//2574 1874//2574 1875//2574
f 225//2575 1875//2575 226//2575
f 226//2576 1875//2576 227//2576
f 227//2577 1875//2577 1876//2577
f 227//2578 1876//2578 229//2578
f 229//2579 1876//2579 230//2579
f 230//2580 1876//2580 1877//2580
f 230//2581 1877//2581 231//2581
f 231//2582 1877//2582 232//2582
f 232//2583 1877//2583 1878//2583
f 232//2584 1878//2584 233//2584
f 233//2585 1878//2585 1879//2585
f 233//2586 1879//2586 234//2586
f 234//2587 1879//2587 1880//2587
f 234//2588 1880//2588 235//2588
f 235//2589 1880//2589 1881//2589
f 235//2590 1881//2590 236//2590
f 1882//2591 1883//2591 241//2591
f 241//2592 240//2592 1882//2592
f 1882//2593 240//2593 239//2593
f 1882//2594 239//2594 1881//2594
f 1881//2595 239//2595 237//2595
f 1881//2596 237//2596 236//2596
f 247//2597 246//2597 1851//2597
f 1851//2598 246//2598 245//2598
f 1851//2599 245//2599 1884//2599
f 1884//2600 245//2600 244//2600
f 1884//2601 244//2601 1883//2601
f 1883//2602 244//2602 242//2602
f 1883//2603 242//2603 241//2603
f 1871//2604 1870//2604 1064//2604
f 1869//2605 1068//2605 1870//2605
f 1870//2606 1068//2606 1065//2606
f 1870//2607 1065//2607 1064//2607
f 1868//2608 1066//2608 1869//2608
f 1869//2609 1066//2609 1067//2609
f 1869//2610 1067//2610 1068//2610
f 1867//2611 1098//2611 1868//2611
f 1868//2612 1098//2612 1097//2612
f 1868//2613 1097//2613 1066//2613
f 1866//2614 1100//2614 1867//2614
f 1867//2615 1100//2615 1099//2615
f 1867//2616 1099//2616 1098//2616
f 1849//2617 1102//2617 1866//2617
f 1866//2618 1102//2618 1101//2618
f 1866//2619 1101//2619 1100//2619
f 1865//2620 1104//2620 1849//2620
f 1849//2621 1104//2621 1103//2621
f 1849//2622 1103//2622 1102//2622
f 1864//2623 1079//2623 1865//2623
f 1865//2624 1079//2624 1105//2624
f 1865//2625 1105//2625 1104//2625
f 1853//2626 1092//2626 1854//2626
f 1854//2627 1092//2627 1091//2627
f 1854//2628 1091//2628 1855//2628
f 1855//2629 1091//2629 1086//2629
f 1855//2630 1086//2630 1856//2630
f 1856//2631 1086//2631 1085//2631
f 1856//2632 1085//2632 1857//2632
f 1857//2633 1085//2633 1088//2633
f 1857//2634 1088//2634 1858//2634
f 1858//2635 1088//2635 1090//2635
f 1858//2636 1090//2636 1859//2636
f 1859//2637 1090//2637 1089//2637
f 1859//2638 1089//2638 1860//2638
f 1860//2639 1089//2639 1084//2639
f 1860//2640 1084//2640 1861//2640
f 1861//2641 1084//2641 1083//2641
f 1861//2642 1083//2642 1862//2642
f 1862//2643 1083//2643 1082//2643
f 1862//2644 1082//2644 1863//2644
f 1863//2645 1082//2645 1081//2645
f 1863//2646 1081//2646 1864//2646
f 1864//2647 1081//2647 1080//2647
f 1864//2648 1080//2648 1079//2648
f 1852//2649 1094//2649 1853//2649
f 1853//2650 1094//2650 1093//2650
f 1853//2651 1093//2651 1092//2651
f 1850//2652 1096//2652 1852//2652
f 1852//2653 1096//2653 1095//2653
f 1852//2654 1095//2654 1094//2654
f 1851//2655 1071//2655 1850//2655
f 1850//2656 1071//2656 1072//2656
f 1850//2657 1072//2657 1096//2657
f 1884//2658 1073//2658 1851//2658
f 1851//2659 1073//2659 1069//2659
f 1851//2660 1069//2660 1071//2660
f 1883//2661 1075//2661 1884//2661
f 1884//2662 1075//2662 1074//2662
f 1884//2663 1074//2663 1073//2663
f 1882//2664 1077//2664 1883//2664
f 1883//2665 1077//2665 1076//2665
f 1883//2666 1076//2666 1075//2666
f 1881//2667 1050//2667 1882//2667
f 1882//2668 1050//2668 1078//2668
f 1882//2669 1078//2669 1077//2669
f 1064//2670 1063//2670 1871//2670
f 1871//2671 1063//2671 1055//2671
f 1871//2672 1055//2672 1872//2672
f 1872//2673 1055//2673 1054//2673
f 1872//2674 1054//2674 1873//2674
f 1873//2675 1054//2675 1059//2675
f 1873//2676 1059//2676 1874//2676
f 1874//2677 1059//2677 1062//2677
f 1874//2678 1062//2678 1875//2678
f 1875//2679 1062//2679 1061//2679
f 1875//2680 1061//2680 1876//2680
f 1876//2681 1061//2681 1060//2681
f 1876//2682 1060//2682 1877//2682
f 1877//2683 1060//2683 1058//2683
f 1877//2684 1058//2684 1878//2684
f 1878//2685 1058//2685 1057//2685
f 1878//2686 1057//2686 1879//2686
f 1879//2687 1057//2687 1056//2687
f 1879//2688 1056//2688 1880//2688
f 1880//2689 1056//2689 1053//2689
f 1880//2690 1053//2690 1881//2690
f 1881//2691 1053//2691 1052//2691
f 1881//2692 1052//2692 1050//2692
f 142//2693 141//2693 1885//2693
f 1886//2694 180//2694 179//2694
f 1886//2695 179//2695 1887//2695
f 180//2696 1886//2696 181//2696
f 181//2697 1886//2697 1888//2697
f 181//2698 1888//2698 182//2698
f 182//2699 1888//2699 1889//2699
f 182//2700 1889//2700 184//2700
f 184//2701 1889//2701 1890//2701
f 184//2702 1890//2702 185//2702
f 185//2703 1890//2703 1891//2703
f 185//2704 1891//2704 186//2704
f 186//2705 1891//2705 187//2705
f 187//2706 1891//2706 1892//2706
f 187//2707 1892//2707 188//2707
f 188//2708 1892//2708 189//2708
f 189//2709 1892//2709 1893//2709
f 189//2710 1893//2710 190//2710
f 190//2711 1893//2711 191//2711
f 191//2712 1893//2712 1894//2712
f 191//2713 1894//2713 192//2713
f 192//2714 1894//2714 193//2714
f 193//2715 1894//2715 1895//2715
f 193//2716 1895//2716 195//2716
f 195//2717 1895//2717 196//2717
f 196//2718 1895//2718 1896//2718
f 196//2719 1896//2719 197//2719
f 197//2720 1896//2720 198//2720
f 198//2721 1896//2721 1897//2721
f 198//2722 1897//2722 199//2722
f 199//2723 1897//2723 1898//2723
f 199//2724 1898//2724 200//2724
f 200//2725 1898//2725 1899//2725
f 200//2726 1899//2726 201//2726
f 201//2727 1899//2727 1900//2727
f 201//2728 1900//2728 202//2728
f 1885//2729 141//2729 1901//2729
f 141//2730 205//2730 1901//2730
f 1901//2731 205//2731 204//2731
f 1901//2732 204//2732 1900//2732
f 1900//2733 204//2733 203//2733
f 1900//2734 203//2734 202//2734
f 142//2735 1885//2735 144//2735
f 144//2736 1885//2736 1902//2736
f 144//2737 1902//2737 146//2737
f 146//2738 1902//2738 1903//2738
f 146//2739 1903//2739 147//2739
f 147//2740 1903//2740 148//2740
f 148//2741 1903//2741 1904//2741
f 148//2742 1904//2742 145//2742
f 145//2743 1904//2743 138//2743
f 138//2744 1904//2744 1905//2744
f 138//2745 1905//2745 139//2745
f 139//2746 1905//2746 1906//2746
f 139//2747 1906//2747 149//2747
f 149//2748 1906//2748 1907//2748
f 149//2749 1907//2749 150//2749
f 150//2750 1907//2750 1908//2750
f 150//2751 1908//2751 151//2751
f 151//2752 1908//2752 152//2752
f 152//2753 1908//2753 1909//2753
f 152//2754 1909//2754 153//2754
f 153//2755 1909//2755 154//2755
f 154//2756 1909//2756 1910//2756
f 154//2757 1910//2757 155//2757
f 155//2758 1910//2758 156//2758
f 156//2759 1910//2759 1911//2759
f 156//2760 1911//2760 157//2760
f 157//2761 1911//2761 159//2761
f 159//2762 1911//2762 1912//2762
f 159//2763 1912//2763 160//2763
f 160//2764 1912//2764 161//2764
f 161//2765 1912//2765 1913//2765
f 161//2766 1913//2766 162//2766
f 162//2767 1913//2767 163//2767
f 163//2768 1913//2768 1914//2768
f 163//2769 1914//2769 164//2769
f 164//2770 1914//2770 1915//2770
f 164//2771 1915//2771 165//2771
f 165//2772 1915//2772 1916//2772
f 165//2773 1916//2773 166//2773
f 166//2774 1916//2774 1917//2774
f 166//2775 1917//2775 167//2775
f 1918//2776 1919//2776 172//2776
f 172//2777 171//2777 1918//2777
f 1918//2778 171//2778 170//2778
f 1918//2779 170//2779 1917//2779
f 1917//2780 170//2780 169//2780
f 1917//2781 169//2781 167//2781
f 179//2782 177//2782 1887//2782
f 1887//2783 177//2783 176//2783
f 1887//2784 176//2784 1920//2784
f 1920//2785 176//2785 175//2785
f 1920//2786 175//2786 1919//2786
f 1919//2787 175//2787 174//2787
f 1919//2788 174//2788 172//2788
f 1907//2789 1906//2789 1112//2789
f 1905//2790 1111//2790 1906//2790
f 1906//2791 1111//2791 1113//2791
f 1906//2792 1113//2792 1112//2792
f 1904//2793 1110//2793 1905//2793
f 1905//2794 1110//2794 1109//2794
f 1905//2795 1109//2795 1111//2795
f 1903//2796 1115//2796 1904//2796
f 1904//2797 1115//2797 1114//2797
f 1904//2798 1114//2798 1110//2798
f 1902//2799 1013//2799 1903//2799
f 1903//2800 1013//2800 1116//2800
f 1903//2801 1116//2801 1115//2801
f 1885//2802 1154//2802 1902//2802
f 1902//2803 1154//2803 1014//2803
f 1902//2804 1014//2804 1013//2804
f 1901//2805 1156//2805 1885//2805
f 1885//2806 1156//2806 1155//2806
f 1885//2807 1155//2807 1154//2807
f 1900//2808 1158//2808 1901//2808
f 1901//2809 1158//2809 1157//2809
f 1901//2810 1157//2810 1156//2810
f 1897//2811 1162//2811 1898//2811
f 1898//2812 1162//2812 1161//2812
f 1898//2813 1161//2813 1899//2813
f 1899//2814 1161//2814 1160//2814
f 1899//2815 1160//2815 1900//2815
f 1900//2816 1160//2816 1159//2816
f 1900//2817 1159//2817 1158//2817
f 1892//2818 1151//2818 1893//2818
f 1893//2819 1151//2819 1149//2819
f 1893//2820 1149//2820 1894//2820
f 1894//2821 1149//2821 1148//2821
f 1894//2822 1148//2822 1895//2822
f 1895//2823 1148//2823 1165//2823
f 1895//2824 1165//2824 1896//2824
f 1896//2825 1165//2825 1164//2825
f 1896//2826 1164//2826 1897//2826
f 1897//2827 1164//2827 1163//2827
f 1897//2828 1163//2828 1162//2828
f 1889//2829 1138//2829 1890//2829
f 1890//2830 1138//2830 1137//2830
f 1890//2831 1137//2831 1891//2831
f 1891//2832 1137//2832 1153//2832
f 1891//2833 1153//2833 1892//2833
f 1892//2834 1153//2834 1152//2834
f 1892//2835 1152//2835 1151//2835
f 1888//2836 1143//2836 1889//2836
f 1889//2837 1143//2837 1140//2837
f 1889//2838 1140//2838 1138//2838
f 1886//2839 1141//2839 1888//2839
f 1888//2840 1141//2840 1144//2840
f 1888//2841 1144//2841 1143//2841
f 1887//2842 1145//2842 1886//2842
f 1886//2843 1145//2843 1142//2843
f 1886//2844 1142//2844 1141//2844
f 1920//2845 1147//2845 1887//2845
f 1887//2846 1147//2846 1146//2846
f 1887//2847 1146//2847 1145//2847
f 1919//2848 1123//2848 1920//2848
f 1920//2849 1123//2849 1122//2849
f 1920//2850 1122//2850 1147//2850
f 1918//2851 1127//2851 1919//2851
f 1919//2852 1127//2852 1125//2852
f 1919//2853 1125//2853 1123//2853
f 1917//2854 1129//2854 1918//2854
f 1918//2855 1129//2855 1128//2855
f 1918//2856 1128//2856 1127//2856
f 1914//2857 1133//2857 1915//2857
f 1915//2858 1133//2858 1132//2858
f 1915//2859 1132//2859 1916//2859
f 1916//2860 1132//2860 1131//2860
f 1916//2861 1131//2861 1917//2861
f 1917//2862 1131//2862 1130//2862
f 1917//2863 1130//2863 1129//2863
f 1909//2864 1121//2864 1910//2864
f 1910//2865 1121//2865 1119//2865
f 1910//2866 1119//2866 1911//2866
f 1911//2867 1119//2867 1118//2867
f 1911//2868 1118//2868 1912//2868
f 1912//2869 1118//2869 1136//2869
f 1912//2870 1136//2870 1913//2870
f 1913//2871 1136//2871 1135//2871
f 1913//2872 1135//2872 1914//2872
f 1914//2873 1135//2873 1134//2873
f 1914//2874 1134//2874 1133//2874
f 1112//2875 1106//2875 1907//2875
f 1907//2876 1106//2876 1107//2876
f 1907//2877 1107//2877 1908//2877
f 1908//2878 1107//2878 1108//2878
f 1908//2879 1108//2879 1909//2879
f 1909//2880 1108//2880 1120//2880
f 1909//2881 1120//2881 1121//2881
f 73//2882 137//2882 1921//2882
f 1922//2883 113//2883 112//2883
f 1922//2884 112//2884 1923//2884
f 113//2885 1922//2885 108//2885
f 108//2886 1922//2886 1924//2886
f 108//2887 1924//2887 109//2887
f 109//2888 1924//2888 1925//2888
f 109//2889 1925//2889 114//2889
f 114//2890 1925//2890 1926//2890
f 114//2891 1926//2891 115//2891
f 115//2892 1926//2892 1927//2892
f 115//2893 1927//2893 116//2893
f 116//2894 1927//2894 117//2894
f 117//2895 1927//2895 1928//2895
f 117//2896 1928//2896 118//2896
f 118//2897 1928//2897 119//2897
f 119//2898 1928//2898 1929//2898
f 119//2899 1929//2899 120//2899
f 120//2900 1929//2900 121//2900
f 121//2901 1929//2901 1930//2901
f 121//2902 1930//2902 122//2902
f 122//2903 1930//2903 123//2903
f 123//2904 1930//2904 1931//2904
f 123//2905 1931//2905 125//2905
f 125//2906 1931//2906 126//2906
f 126//2907 1931//2907 1932//2907
f 126//2908 1932//2908 127//2908
f 127//2909 1932//2909 128//2909
f 128//2910 1932//2910 1933//2910
f 128//2911 1933//2911 129//2911
f 129//2912 1933//2912 1934//2912
f 129//2913 1934//2913 130//2913
f 130//2914 1934//2914 1935//2914
f 130//2915 1935//2915 131//2915
f 131//2916 1935//2916 1936//2916
f 131//2917 1936//2917 133//2917
f 1921//2918 137//2918 1937//2918
f 137//2919 136//2919 1937//2919
f 1937//2920 136//2920 135//2920
f 1937//2921 135//2921 1936//2921
f 1936//2922 135//2922 134//2922
f 1936//2923 134//2923 133//2923
f 73//2924 1921//2924 74//2924
f 74//2925 1921//2925 1938//2925
f 74//2926 1938//2926 76//2926
f 76//2927 1938//2927 1939//2927
f 76//2928 1939//2928 78//2928
f 78//2929 1939//2929 79//2929
f 79//2930 1939//2930 1940//2930
f 79//2931 1940//2931 80//2931
f 80//2932 1940//2932 81//2932
f 81//2933 1940//2933 1941//2933
f 81//2934 1941//2934 82//2934
f 82//2935 1941//2935 1942//2935
f 82//2936 1942//2936 70//2936
f 70//2937 1942//2937 1943//2937
f 70//2938 1943//2938 71//2938
f 71//2939 1943//2939 1944//2939
f 71//2940 1944//2940 83//2940
f 83//2941 1944//2941 84//2941
f 84//2942 1944//2942 1945//2942
f 84//2943 1945//2943 85//2943
f 85//2944 1945//2944 86//2944
f 86//2945 1945//2945 1946//2945
f 86//2946 1946//2946 87//2946
f 87//2947 1946//2947 88//2947
f 88//2948 1946//2948 1947//2948
f 88//2949 1947//2949 89//2949
f 89//2950 1947//2950 90//2950
f 90//2951 1947//2951 1948//2951
f 90//2952 1948//2952 92//2952
f 92//2953 1948//2953 93//2953
f 93//2954 1948//2954 1949//2954
f 93//2955 1949//2955 94//2955
f 94//2956 1949//2956 95//2956
f 95//2957 1949//2957 1950//2957
f 95//2958 1950//2958 96//2958
f 96//2959 1950//2959 1951//2959
f 96//2960 1951//2960 97//2960
f 97//2961 1951//2961 1952//2961
f 97//2962 1952//2962 98//2962
f 98//2963 1952//2963 1953//2963
f 98//2964 1953//2964 99//2964
f 1954//2965 1955//2965 101//2965
f 101//2966 103//2966 1954//2966
f 1954//2967 103//2967 104//2967
f 1954//2968 104//2968 1953//2968
f 1953//2969 104//2969 100//2969
f 1953//2970 100//2970 99//2970
f 112//2971 111//2971 1923//2971
f 1923//2972 111//2972 107//2972
f 1923//2973 107//2973 1956//2973
f 1956//2974 107//2974 106//2974
f 1956//2975 106//2975 1955//2975
f 1955//2976 106//2976 105//2976
f 1955//2977 105//2977 101//2977
f 1942//2978 1180//2978 1943//2978
f 1943//2979 1180//2979 1179//2979
f 1943//2980 1179//2980 1944//2980
f 1944//2981 1179//2981 1174//2981
f 1944//2982 1174//2982 1945//2982
f 1945//2983 1174//2983 1173//2983
f 1945//2984 1173//2984 1946//2984
f 1946//2985 1173//2985 1176//2985
f 1946//2986 1176//2986 1947//2986
f 1947//2987 1176//2987 1178//2987
f 1947//2988 1178//2988 1948//2988
f 1948//2989 1178//2989 1177//2989
f 1948//2990 1177//2990 1949//2990
f 1949//2991 1177//2991 1172//2991
f 1949//2992 1172//2992 1950//2992
f 1950//2993 1172//2993 1171//2993
f 1950//2994 1171//2994 1951//2994
f 1951//2995 1171//2995 1170//2995
f 1951//2996 1170//2996 1952//2996
f 1941//2997 1185//2997 1942//2997
f 1942//2998 1185//2998 1181//2998
f 1942//2999 1181//2999 1180//2999
f 1940//3000 1182//3000 1941//3000
f 1941//3001 1182//3001 1184//3001
f 1941//3002 1184//3002 1185//3002
f 1939//3003 1215//3003 1940//3003
f 1940//3004 1215//3004 1214//3004
f 1940//3005 1214//3005 1182//3005
f 1938//3006 1217//3006 1939//3006
f 1939//3007 1217//3007 1216//3007
f 1939//3008 1216//3008 1215//3008
f 1921//3009 1219//3009 1938//3009
f 1938//3010 1219//3010 1218//3010
f 1938//3011 1218//3011 1217//3011
f 1937//3012 1221//3012 1921//3012
f 1921//3013 1221//3013 1220//3013
f 1921//3014 1220//3014 1219//3014
f 1936//3015 1196//3015 1937//3015
f 1937//3016 1196//3016 1222//3016
f 1937//3017 1222//3017 1221//3017
f 1925//3018 1209//3018 1926//3018
f 1926//3019 1209//3019 1208//3019
f 1926//3020 1208//3020 1927//3020
f 1927//3021 1208//3021 1204//3021
f 1927//3022 1204//3022 1928//3022
f 1928//3023 1204//3023 1203//3023
f 1928//3024 1203//3024 1929//3024
f 1929//3025 1203//3025 1207//3025
f 1929//3026 1207//3026 1930//3026
f 1930//3027 1207//3027 1206//3027
f 1930//3028 1206//3028 1931//3028
f 1931//3029 1206//3029 1205//3029
f 1931//3030 1205//3030 1932//3030
f 1932//3031 1205//3031 1202//3031
f 1932//3032 1202//3032 1933//3032
f 1933//3033 1202//3033 1201//3033
f 1933//3034 1201//3034 1934//3034
f 1934//3035 1201//3035 1200//3035
f 1934//3036 1200//3036 1935//3036
f 1935//3037 1200//3037 1199//3037
f 1935//3038 1199//3038 1936//3038
f 1936//3039 1199//3039 1198//3039
f 1936//3040 1198//3040 1196//3040
f 1924//3041 1211//3041 1925//3041
f 1925//3042 1211//3042 1210//3042
f 1925//3043 1210//3043 1209//3043
f 1922//3044 1213//3044 1924//3044
f 1924//3045 1213//3045 1212//3045
f 1924//3046 1212//3046 1211//3046
f 1923//3047 1187//3047 1922//3047
f 1922//3048 1187//3048 1188//3048
f 1922//3049 1188//3049 1213//3049
f 1956//3050 1189//3050 1923//3050
f 1923//3051 1189//3051 1186//3051
f 1923//3052 1186//3052 1187//3052
f 1955//3053 1191//3053 1956//3053
f 1956//3054 1191//3054 1190//3054
f 1956//3055 1190//3055 1189//3055
f 1954//3056 1193//3056 1955//3056
f 1955//3057 1193//3057 1192//3057
f 1955//3058 1192//3058 1191//3058
f 1953//3059 1166//3059 1954//3059
f 1954//3060 1166//3060 1194//3060
f 1954//3061 1194//3061 1193//3061
f 1170//3062 1169//3062 1952//3062
f 1952//3063 1169//3063 1168//3063
f 1952//3064 1168//3064 1953//3064
f 1953//3065 1168//3065 1167//3065
f 1953//3066 1167//3066 1166//3066
f 6//3067 5//3067 1957//3067
f 1958//3068 47//3068 46//3068
f 1958//3069 46//3069 1959//3069
f 47//3070 1958//3070 48//3070
f 48//3071 1958//3071 1960//3071
f 48//3072 1960//3072 45//3072
f 45//3073 1960//3073 1961//3073
f 45//3074 1961//3074 42//3074
f 42//3075 1961//3075 1962//3075
f 42//3076 1962//3076 43//3076
f 43//3077 1962//3077 1963//3077
f 43//3078 1963//3078 49//3078
f 49//3079 1963//3079 50//3079
f 50//3080 1963//3080 1964//3080
f 50//3081 1964//3081 51//3081
f 51//3082 1964//3082 52//3082
f 52//3083 1964//3083 1965//3083
f 52//3084 1965//3084 53//3084
f 53//3085 1965//3085 54//3085
f 54//3086 1965//3086 1966//3086
f 54//3087 1966//3087 55//3087
f 55//3088 1966//3088 56//3088
f 56//3089 1966//3089 1967//3089
f 56//3090 1967//3090 58//3090
f 58//3091 1967//3091 59//3091
f 59//3092 1967//3092 1968//3092
f 59//3093 1968//3093 60//3093
f 60//3094 1968//3094 61//3094
f 61//3095 1968//3095 1969//3095
f 61//3096 1969//3096 62//3096
f 62//3097 1969//3097 1970//3097
f 62//3098 1970//3098 63//3098
f 63//3099 1970//3099 1971//3099
f 63//3100 1971//3100 64//3100
f 64//3101 1971//3101 1972//3101
f 64//3102 1972//3102 66//3102
f 1957//3103 5//3103 1973//3103
f 5//3104 69//3104 1973//3104
f 1973//3105 69//3105 68//3105
f 1973//3106 68//3106 1972//3106
f 1972//3107 68//3107 67//3107
f 1972//3108 67//3108 66//3108
f 6//3109 1957//3109 8//3109
f 8//3110 1957//3110 1974//3110
f 8//3111 1974//3111 10//3111
f 10//3112 1974//3112 1975//3112
f 10//3113 1975//3113 11//3113
f 11//3114 1975//3114 12//3114
f 12//3115 1975//3115 1976//3115
f 12//3116 1976//3116 13//3116
f 13//3117 1976//3117 14//3117
f 14//3118 1976//3118 1977//3118
f 14//3119 1977//3119 4//3119
f 4//3120 1977//3120 1978//3120
f 4//3121 1978//3121 1//3121
f 1//3122 1978//3122 1979//3122
f 1//3123 1979//3123 2//3123
f 2//3124 1979//3124 1980//3124
f 2//3125 1980//3125 15//3125
f 15//3126 1980//3126 16//3126
f 16//3127 1980//3127 1981//3127
f 16//3128 1981//3128 17//3128
f 17//3129 1981//3129 18//3129
f 18//3130 1981//3130 1982//3130
f 18//3131 1982//3131 19//3131
f 19//3132 1982//3132 20//3132
f 20//3133 1982//3133 1983//3133
f 20//3134 1983//3134 21//3134
f 21//3135 1983//3135 22//3135
f 22//3136 1983//3136 1984//3136
f 22//3137 1984//3137 24//3137
f 24//3138 1984//3138 25//3138
f 25//3139 1984//3139 1985//3139
f 25//3140 1985//3140 26//3140
f 26//3141 1985//3141 27//3141
f 27//3142 1985//3142 1986//3142
f 27//3143 1986//3143 28//3143
f 28//3144 1986//3144 1987//3144
f 28//3145 1987//3145 29//3145
f 29//3146 1987//3146 1988//3146
f 29//3147 1988//3147 30//3147
f 30//3148 1988//3148 1989//3148
f 30//3149 1989//3149 31//3149
f 1990//3150 1991//3150 33//3150
f 33//3151 35//3151 1990//3151
f 1990//3152 35//3152 36//3152
f 1990//3153 36//3153 1989//3153
f 1989//3154 36//3154 32//3154
f 1989//3155 32//3155 31//3155
f 46//3156 41//3156 1959//3156
f 1959//3157 41//3157 40//3157
f 1959//3158 40//3158 1992//3158
f 1992//3159 40//3159 38//3159
f 1992//3160 38//3160 1991//3160
f 1991//3161 38//3161 37//3161
f 1991//3162 37//3162 33//3162
f 1986//3163 1232//3163 1987//3163
f 1987//3164 1232//3164 1231//3164
f 1987//3165 1231//3165 1988//3165
f 1981//3166 1280//3166 1982//3166
f 1982//3167 1280//3167 1278//3167
f 1982//3168 1278//3168 1983//3168
f 1983//3169 1278//3169 1277//3169
f 1983//3170 1277//3170 1984//3170
f 1984//3171 1277//3171 1276//3171
f 1984//3172 1276//3172 1985//3172
f 1985//3173 1276//3173 1275//3173
f 1985//3174 1275//3174 1986//3174
f 1986//3175 1275//3175 1274//3175
f 1986//3176 1274//3176 1232//3176
f 1978//3177 1264//3177 1979//3177
f 1979//3178 1264//3178 1263//3178
f 1979//3179 1263//3179 1980//3179
f 1980//3180 1263//3180 1282//3180
f 1980//3181 1282//3181 1981//3181
f 1981//3182 1282//3182 1281//3182
f 1981//3183 1281//3183 1280//3183
f 1977//3184 1269//3184 1978//3184
f 1978//3185 1269//3185 1266//3185
f 1978//3186 1266//3186 1264//3186
f 1976//3187 1267//3187 1977//3187
f 1977//3188 1267//3188 1270//3188
f 1977//3189 1270//3189 1269//3189
f 1975//3190 1271//3190 1976//3190
f 1976//3191 1271//3191 1268//3191
f 1976//3192 1268//3192 1267//3192
f 1974//3193 1273//3193 1975//3193
f 1975//3194 1273//3194 1272//3194
f 1975//3195 1272//3195 1271//3195
f 1957//3196 1249//3196 1974//3196
f 1974//3197 1249//3197 1248//3197
f 1974//3198 1248//3198 1273//3198
f 1973//3199 1253//3199 1957//3199
f 1957//3200 1253//3200 1251//3200
f 1957//3201 1251//3201 1249//3201
f 1972//3202 1255//3202 1973//3202
f 1973//3203 1255//3203 1254//3203
f 1973//3204 1254//3204 1253//3204
f 1969//3205 1259//3205 1970//3205
f 1970//3206 1259//3206 1258//3206
f 1970//3207 1258//3207 1971//3207
f 1971//3208 1258//3208 1257//3208
f 1971//3209 1257//3209 1972//3209
f 1972//3210 1257//3210 1256//3210
f 1972//3211 1256//3211 1255//3211
f 1964//3212 1247//3212 1965//3212
f 1965//3213 1247//3213 1245//3213
f 1965//3214 1245//3214 1966//3214
f 1966//3215 1245//3215 1244//3215
f 1966//3216 1244//3216 1967//3216
f 1967//3217 1244//3217 1262//3217
f 1967//3218 1262//3218 1968//3218
f 1968//3219 1262//3219 1261//3219
f 1968//3220 1261//3220 1969//3220
f 1969//3221 1261//3221 1260//3221
f 1969//3222 1260//3222 1259//3222
f 1961//3223 1235//3223 1962//3223
f 1962//3224 1235//3224 1234//3224
f 1962//3225 1234//3225 1963//3225
f 1963//3226 1234//3226 1233//3226
f 1963//3227 1233//3227 1964//3227
f 1964//3228 1233//3228 1246//3228
f 1964//3229 1246//3229 1247//3229
f 1960//3230 1237//3230 1961//3230
f 1961//3231 1237//3231 1236//3231
f 1961//3232 1236//3232 1235//3232
f 1958//3233 1239//3233 1960//3233
f 1960//3234 1239//3234 1238//3234
f 1960//3235 1238//3235 1237//3235
f 1959//3236 1241//3236 1958//3236
f 1958//3237 1241//3237 1240//3237
f 1958//3238 1240//3238 1239//3238
f 1992//3239 1011//3239 1959//3239
f 1959//3240 1011//3240 1242//3240
f 1959//3241 1242//3241 1241//3241
f 1991//3242 1223//3242 1992//3242
f 1992//3243 1223//3243 1012//3243
f 1992//3244 1012//3244 1011//3244
f 1990//3245 1225//3245 1991//3245
f 1991//3246 1225//3246 1224//3246
f 1991//3247 1224//3247 1223//3247
f 1989//3248 1227//3248 1990//3248
f 1990//3249 1227//3249 1226//3249
f 1990//3250 1226//3250 1225//3250
f 1231//3251 1230//3251 1988//3251
f 1988//3252 1230//3252 1229//3252
f 1988//3253 1229//3253 1989//3253
f 1989//3254 1229//3254 1228//3254
f 1989//3255 1228//3255 1227//3255
f 1993//3256 1994//3256 1995//3256
f 1995//3257 1994//3257 1996//3257
f 1995//3258 1996//3258 1997//3258
f 1997//3259 1996//3259 1998//3259
f 1997//3260 1998//3260 1999//3260
f 1999//3261 1998//3261 2000//3261
f 1999//3262 2000//3262 2001//3262
f 2001//3263 2000//3263 2002//3263
f 2001//3264 2002//3264 2003//3264
f 2003//3265 2002//3265 2004//3265
f 2003//3266 2004//3266 2005//3266
f 2005//3267 2004//3267 2006//3267
f 2005//3268 2006//3268 2007//3268
f 2007//3269 2006//3269 2008//3269
f 2007//3270 2008//3270 2009//3270
f 2009//3271 2008//3271 2010//3271
f 2009//3272 2010//3272 2011//3272
f 2011//3273 2010//3273 2012//3273
f 2011//3274 2012//3274 2013//3274
f 2013//3275 2012//3275 2014//3275
f 2013//3276 2014//3276 2015//3276
f 2015//3277 2014//3277 2016//3277
f 2015//3278 2016//3278 2017//3278
f 2017//3279 2016//3279 2018//3279
f 2017//3280 2018//3280 2019//3280
f 2019//3281 2018//3281 2020//3281
f 2019//3282 2020//3282 2021//3282
f 2021//3283 2020//3283 2022//3283
f 2021//3284 2022//3284 2023//3284
f 2023//3285 2022//3285 2024//3285
f 2023//3286 2024//3286 2025//3286
f 2025//3287 2024//3287 2026//3287
f 2025//3288 2026//3288 2027//3288
f 2027//3289 2026//3289 2028//3289
f 2027//3290 2028//3290 2029//3290
f 2029//3291 2028//3291 2030//3291
f 2031//3292 2032//3292 2033//3292
f 2033//3293 2032//3293 2034//3293
f 2033//3294 2034//3294 2035//3294
f 2035//3295 2034//3295 2036//3295
f 2035//3296 2036//3296 2037//3296
f 2037//3297 2036//3297 2038//3297
f 2037//3298 2038//3298 2039//3298
f 2039//3299 2038//3299 2040//3299
f 2039//3300 2040//3300 2041//3300
f 2041//3301 2040//3301 2042//3301
f 2041//3302 2042//3302 2043//3302
f 2043//3303 2042//3303 2044//3303
f 2043//3304 2044//3304 2045//3304
f 2045//3305 2044//3305 2046//3305
f 2045//3306 2046//3306 2047//3306
f 2047//3307 2046//3307 2048//3307
f 2047//3308 2048//3308 2049//3308
f 2049//3309 2048//3309 2050//3309
f 2049//3310 2050//3310 2051//3310
f 2051//3311 2050//3311 2052//3311
f 2051//3312 2052//3312 2053//3312
f 2053//3313 2052//3313 2054//3313
f 2053//3314 2054//3314 2055//3314
f 2055//3315 2054//3315 2056//3315
f 2055//3316 2056//3316 2057//3316
f 2057//3317 2056//3317 2058//3317
f 2057//3318 2058//3318 2059//3318
f 2059//3319 2058//3319 2060//3319
f 2059//3320 2060//3320 2061//3320
f 2061//3321 2060//3321 2062//3321
f 2061//3322 2062//3322 2063//3322
f 2063//3323 2062//3323 2064//3323
f 2063//3324 2064//3324 2065//3324
f 2065//3325 2064//3325 2066//3325
f 2065//3326 2066//3326 2067//3326
f 2067//3327 2066//3327 2068//3327
f 2067//3328 2068//3328 2069//3328
f 2069//3329 2068//3329 2070//3329
f 2069//3330 2070//3330 2071//3330
f 2071//3331 2070//3331 2072//3331
f 2071//3332 2072//3332 2073//3332
f 2073//3333 2072//3333 2074//3333
f 2073//3334 2074//3334 2075//3334
f 2075//3335 2074//3335 2076//3335
f 2075//3336 2076//3336 2077//3336
f 2077//3337 2076//3337 2078//3337
f 2077//3338 2078//3338 2079//3338
f 2079//3339 2078//3339 2080//3339
f 2079//3340 2080//3340 2081//3340
f 2081//3341 2080//3341 2082//3341
f 2081//3342 2082//3342 2083//3342
f 2083//3343 2082//3343 2084//3343
f 2083//3344 2084//3344 2085//3344
f 2085//3345 2084//3345 2086//3345
f 2085//3346 2086//3346 2087//3346
f 2087//3347 2086//3347 2088//3347
f 2087//3348 2088//3348 2089//3348
f 2089//3349 2088//3349 2090//3349
f 2089//3350 2090//3350 2091//3350
f 2091//3351 2090//3351 2092//3351
f 2091//3352 2092//3352 2093//3352
f 2093//3353 2092//3353 2094//3353
f 2093//3354 2094//3354 2095//3354
f 2095//3355 2094//3355 2096//3355
f 2095//3356 2096//3356 2097//3356
f 2097//3357 2096//3357 2098//3357
f 2097//3358 2098//3358 2099//3358
f 2099//3359 2098//3359 2100//3359
f 2099//3360 2100//3360 2101//3360
f 2101//3361 2100//3361 2102//3361
f 2101//3362 2102//3362 2103//3362
f 2103//3363 2102//3363 2104//3363
f 2103//3364 2104//3364 2105//3364
f 2105//3365 2104//3365 2106//3365
f 2105//3366 2106//3366 2107//3366
f 2107//3367 2106//3367 2108//3367
f 2107//3368 2108//3368 2109//3368
f 2109//3369 2108//3369 2110//3369
f 2109//3370 2110//3370 2111//3370
f 2111//3371 2110//3371 2112//3371
f 2111//3372 2112//3372 2113//3372
f 2113//3373 2112//3373 2114//3373
f 2115//3374 2116//3374 2117//3374
f 2117//3375 2116//3375 2118//3375
f 2117//3376 2118//3376 2119//3376
f 2119//3377 2118//3377 2120//3377
f 2119//3378 2120//3378 2121//3378
f 2121//3379 2120//3379 2122//3379
f 2121//3380 2122//3380 2123//3380
f 2123//3381 2122//3381 2124//3381
f 2123//3382 2124//3382 2125//3382
f 2125//3383 2124//3383 2126//3383
f 2125//3384 2126//3384 2127//3384
f 2127//3385 2126//3385 2128//3385
f 2127//3386 2128//3386 2129//3386
f 2129//3387 2128//3387 2130//3387
f 2129//3388 2130//3388 2131//3388
f 2131//3389 2130//3389 2132//3389
f 2131//3390 2132//3390 2133//3390
f 2133//3391 2132//3391 2134//3391
f 2133//3392 2134//3392 2135//3392
f 2135//3393 2134//3393 2136//3393
f 2135//3394 2136//3394 2137//3394
f 2137//3395 2136//3395 2138//3395
f 2137//3396 2138//3396 2139//3396
f 2139//3397 2138//3397 2140//3397
f 2139//3398 2140//3398 2141//3398
f 2141//3399 2140//3399 2142//3399
f 2141//3400 2142//3400 2143//3400
f 2143//3401 2142//3401 2144//3401
f 2143//3402 2144//3402 2145//3402
f 2145//3403 2144//3403 2146//3403
f 2145//3404 2146//3404 2147//3404
f 2147//3405 2146//3405 2148//3405
f 2147//3406 2148//3406 2149//3406
f 2149//3407 2148//3407 2150//3407
f 2149//3408 2150//3408 2031//3408
f 2031//3409 2150//3409 2032//3409
f 2151//3410 2152//3410 2153//3410
f 2151//3411 2153//3411 2154//3411
f 2154//3412 2153//3412 2155//3412
f 2154//3413 2155//3413 2156//3413
f 2156//3414 2155//3414 2157//3414
f 2156//3415 2157//3415 2158//3415
f 2158//3416 2157//3416 2159//3416
f 2158//3417 2159//3417 2160//3417
f 2160//3418 2159//3418 2161//3418
f 2160//3419 2161//3419 2162//3419
f 2162//3420 2161//3420 2163//3420
f 2162//3421 2163//3421 2164//3421
f 2164//3422 2163//3422 2165//3422
f 2164//3423 2165//3423 2166//3423
f 2166//3424 2165//3424 2167//3424
f 2166//3425 2167//3425 2168//3425
f 2168//3426 2167//3426 2169//3426
f 2168//3427 2169//3427 2170//3427
f 2170//3428 2169//3428 2171//3428
f 2170//3429 2171//3429 2172//3429
f 2172//3430 2171//3430 2173//3430
f 2172//3431 2173//3431 2174//3431
f 2174//3432 2173//3432 2175//3432
f 2174//3433 2175//3433 2176//3433
f 2176//3434 2175//3434 2177//3434
f 2176//3435 2177//3435 2178//3435
f 2178//3436 2177//3436 2179//3436
f 2178//3437 2179//3437 2180//3437
f 2180//3438 2179//3438 2181//3438
f 2180//3439 2181//3439 2182//3439
f 2182//3440 2181//3440 2183//3440
f 2182//3441 2183//3441 2184//3441
f 2184//3442 2183//3442 2185//3442
f 2184//3443 2185//3443 2186//3443
f 2186//3444 2185//3444 2187//3444
f 2186//3445 2187//3445 2188//3445
f 2188//3446 2187//3446 2189//3446
f 2188//3447 2189//3447 2190//3447
f 2190//3448 2189//3448 2191//3448
f 2190//3449 2191//3449 2192//3449
f 2192//3450 2191//3450 2193//3450
f 2192//3451 2193//3451 2194//3451
f 2194//3452 2193//3452 2195//3452
f 2194//3453 2195//3453 2196//3453
f 2196//3454 2195//3454 2197//3454
f 2196//3455 2197//3455 2198//3455
f 2198//3456 2197//3456 2199//3456
f 2198//3457 2199//3457 2200//3457
f 2200//3458 2199//3458 2201//3458
f 2200//3459 2201//3459 2202//3459
f 2202//3460 2201//3460 2203//3460
f 2202//3461 2203//3461 2204//3461
f 2204//3462 2203//3462 2205//3462
f 2204//3463 2205//3463 2206//3463
f 2206//3464 2205//3464 2207//3464
f 2206//3465 2207//3465 2208//3465
f 2208//3466 2207//3466 2209//3466
f 2208//3467 2209//3467 2210//3467
f 2210//3468 2209//3468 2211//3468
f 2210//3469 2211//3469 2212//3469
f 2212//3470 2211//3470 2213//3470
f 2212//3471 2213//3471 2214//3471
f 2214//3472 2213//3472 2215//3472
f 2214//3473 2215//3473 2216//3473
f 2216//3474 2215//3474 2217//3474
f 2216//3475 2217//3475 2218//3475
f 2218//3476 2217//3476 2219//3476
f 2218//3477 2219//3477 2220//3477
f 2220//3478 2219//3478 2221//3478
f 2220//3479 2221//3479 2222//3479
f 2222//3480 2221//3480 2116//3480
f 2222//3481 2116//3481 2115//3481
f 2204//3482 2055//3482 2202//3482
f 2202//3483 2055//3483 2057//3483
f 2202//3484 2057//3484 2200//3484
f 2200//3485 2057//3485 2059//3485
f 2200//3486 2059//3486 2198//3486
f 2198//3487 2059//3487 2061//3487
f 2198//3488 2061//3488 2196//3488
f 2196//3489 2061//3489 2063//3489
f 2196//3490 2063//3490 2194//3490
f 2194//3491 2063//3491 2065//3491
f 2194//3492 2065//3492 2192//3492
f 2192//3493 2065//3493 2067//3493
f 2192//3494 2067//3494 2190//3494
f 2218//3495 2039//3495 2216//3495
f 2216//3496 2039//3496 2041//3496
f 2216//3497 2041//3497 2214//3497
f 2214//3498 2041//3498 2043//3498
f 2214//3499 2043//3499 2212//3499
f 2212//3500 2043//3500 2045//3500
f 2212//3501 2045//3501 2210//3501
f 2210//3502 2045//3502 2047//3502
f 2210//3503 2047//3503 2208//3503
f 2208//3504 2047//3504 2049//3504
f 2208//3505 2049//3505 2223//3505
f 2223//3506 2049//3506 2051//3506
f 2223//3507 2051//3507 2204//3507
f 2204//3508 2051//3508 2053//3508
f 2204//3509 2053//3509 2055//3509
f 2224//3510 2225//3510 2111//3510
f 2111//3511 2225//3511 2154//3511
f 2111//3512 2154//3512 2109//3512
f 2109//3513 2154//3513 2156//3513
f 2109//3514 2156//3514 2107//3514
f 2107//3515 2156//3515 2158//3515
f 2107//3516 2158//3516 2105//3516
f 2105//3517 2158//3517 2160//3517
f 2067//3518 2069//3518 2190//3518
f 2190//3519 2069//3519 2071//3519
f 2190//3520 2071//3520 2188//3520
f 2188//3521 2071//3521 2073//3521
f 2188//3522 2073//3522 2186//3522
f 2186//3523 2073//3523 2075//3523
f 2186//3524 2075//3524 2184//3524
f 2184//3525 2075//3525 2077//3525
f 2184//3526 2077//3526 2182//3526
f 2182//3527 2077//3527 2079//3527
f 2182//3528 2079//3528 2180//3528
f 2180//3529 2079//3529 2081//3529
f 2180//3530 2081//3530 2178//3530
f 2178//3531 2081//3531 2083//3531
f 2178//3532 2083//3532 2176//3532
f 2176//3533 2083//3533 2085//3533
f 2176//3534 2085//3534 2174//3534
f 2115//3535 2031//3535 2222//3535
f 2222//3536 2031//3536 2033//3536
f 2222//3537 2033//3537 2220//3537
f 2220//3538 2033//3538 2035//3538
f 2220//3539 2035//3539 2218//3539
f 2218//3540 2035//3540 2037//3540
f 2218//3541 2037//3541 2039//3541
f 2085//3542 2087//3542 2174//3542
f 2174//3543 2087//3543 2089//3543
f 2174//3544 2089//3544 2172//3544
f 2172//3545 2089//3545 2091//3545
f 2172//3546 2091//3546 2170//3546
f 2170//3547 2091//3547 2093//3547
f 2170//3548 2093//3548 2168//3548
f 2168//3549 2093//3549 2095//3549
f 2168//3550 2095//3550 2166//3550
f 2166//3551 2095//3551 2097//3551
f 2166//3552 2097//3552 2164//3552
f 2164//3553 2097//3553 2099//3553
f 2164//3554 2099//3554 2162//3554
f 2162//3555 2099//3555 2101//3555
f 2162//3556 2101//3556 2160//3556
f 2160//3557 2101//3557 2103//3557
f 2160//3558 2103//3558 2105//3558
f 2023//3559 2025//3559 2224//3559
f 2224//3560 2025//3560 2027//3560
f 2224//3561 2027//3561 2225//3561
f 2141//3562 2143//3562 2127//3562
f 2224//3563 1995//3563 2023//3563
f 2023//3564 1995//3564 1997//3564
f 2023//3565 1997//3565 1999//3565
f 2117//3566 2147//3566 2115//3566
f 2115//3567 2147//3567 2149//3567
f 2115//3568 2149//3568 2031//3568
f 2117//3569 2119//3569 2147//3569
f 2147//3570 2119//3570 2121//3570
f 2147//3571 2121//3571 2123//3571
f 2131//3572 2133//3572 2139//3572
f 2139//3573 2133//3573 2135//3573
f 2139//3574 2135//3574 2137//3574
f 2123//3575 2125//3575 2147//3575
f 2147//3576 2125//3576 2127//3576
f 2147//3577 2127//3577 2145//3577
f 2145//3578 2127//3578 2143//3578
f 1999//3579 2001//3579 2023//3579
f 2023//3580 2001//3580 2003//3580
f 2023//3581 2003//3581 2021//3581
f 2141//3582 2127//3582 2139//3582
f 2139//3583 2127//3583 2129//3583
f 2139//3584 2129//3584 2131//3584
f 2005//3585 2007//3585 2003//3585
f 2003//3586 2007//3586 2009//3586
f 2009//3587 2011//3587 2003//3587
f 2003//3588 2011//3588 2013//3588
f 2003//3589 2013//3589 2015//3589
f 2015//3590 2017//3590 2003//3590
f 2003//3591 2017//3591 2019//3591
f 2003//3592 2019//3592 2021//3592
f 2226//3593 2227//3593 2228//3593
f 2228//3594 2227//3594 2229//3594
f 2228//3595 2229//3595 2230//3595
f 2231//3596 2232//3596 2229//3596
f 2229//3597 2232//3597 2233//3597
f 2229//3598 2233//3598 2230//3598
f 2231//3599 2229//3599 2234//3599
f 2234//3600 2229//3600 2235//3600
f 2234//3601 2235//3601 2236//3601
f 2237//3602 2238//3602 2239//3602
f 2240//3603 2241//3603 2237//3603
f 2237//3604 2241//3604 2242//3604
f 2237//3605 2242//3605 2234//3605
f 2236//3606 2243//3606 2234//3606
f 2234//3607 2243//3607 2244//3607
f 2234//3608 2244//3608 2237//3608
f 2239//3609 2245//3609 2237//3609
f 2237//3610 2245//3610 2246//3610
f 2237//3611 2246//3611 2240//3611
f 2228//3612 1015//3612 656//3612
f 656//3613 1015//3613 754//3613
f 1035//3614 1034//3614 2245//3614
f 1015//3615 2228//3615 1016//3615
f 1016//3616 2228//3616 2230//3616
f 1016//3617 2230//3617 1018//3617
f 1018//3618 2230//3618 1019//3618
f 1019//3619 2230//3619 2233//3619
f 1019//3620 2233//3620 1020//3620
f 1020//3621 2233//3621 1021//3621
f 1021//3622 2233//3622 2232//3622
f 1021//3623 2232//3623 1022//3623
f 1022//3624 2232//3624 2231//3624
f 1022//3625 2231//3625 1023//3625
f 1023//3626 2231//3626 2234//3626
f 1023//3627 2234//3627 1024//3627
f 1024//3628 2234//3628 2242//3628
f 1024//3629 2242//3629 1025//3629
f 1025//3630 2242//3630 1026//3630
f 1026//3631 2242//3631 2241//3631
f 1026//3632 2241//3632 1027//3632
f 1027//3633 2241//3633 1028//3633
f 1028//3634 2241//3634 2240//3634
f 1028//3635 2240//3635 1029//3635
f 1029//3636 2240//3636 1031//3636
f 1031//3637 2240//3637 2246//3637
f 1031//3638 2246//3638 2247//3638
f 2245//3639 1034//3639 2246//3639
f 2246//3640 1034//3640 1033//3640
f 2246//3641 1033//3641 2247//3641
f 1035//3642 2245//3642 1036//3642
f 1036//3643 2245//3643 2239//3643
f 1036//3644 2239//3644 1037//3644
f 1037//3645 2239//3645 2238//3645
f 1037//3646 2238//3646 1039//3646
f 1039//3647 2238//3647 2237//3647
f 1039//3648 2237//3648 1040//3648
f 1040//3649 2237//3649 2244//3649
f 1040//3650 2244//3650 1041//3650
f 1041//3651 2244//3651 2243//3651
f 1041//3652 2243//3652 1042//3652
f 2236//3653 1044//3653 2243//3653
f 2243//3654 1044//3654 1043//3654
f 2243//3655 1043//3655 1042//3655
f 2235//3656 2229//3656 1047//3656
f 1047//3657 1048//3657 2235//3657
f 2235//3658 1048//3658 1046//3658
f 2235//3659 1046//3659 2236//3659
f 2236//3660 1046//3660 1045//3660
f 2236//3661 1045//3661 1044//3661
f 1047//3662 2229//3662 615//3662
f 615//3663 2229//3663 616//3663
f 2248//3664 2116//3664 2221//3664
f 2248//3665 2221//3665 2249//3665
f 2249//3666 2221//3666 2219//3666
f 2249//3667 2219//3667 2250//3667
f 2250//3668 2219//3668 2217//3668
f 2250//3669 2217//3669 2251//3669
f 2251//3670 2217//3670 2215//3670
f 2251//3671 2215//3671 2252//3671
f 2252//3672 2215//3672 2213//3672
f 2252//3673 2213//3673 2253//3673
f 2253//3674 2213//3674 2211//3674
f 2253//3675 2211//3675 2254//3675
f 2254//3676 2211//3676 2209//3676
f 2254//3677 2209//3677 2255//3677
f 2255//3678 2209//3678 2207//3678
f 2255//3679 2207//3679 2256//3679
f 2256//3680 2207//3680 2257//3680
f 2256//3681 2257//3681 2258//3681
f 2258//3682 2257//3682 2203//3682
f 2258//3683 2203//3683 2259//3683
f 2259//3684 2203//3684 2201//3684
f 2259//3685 2201//3685 2260//3685
f 2260//3686 2201//3686 2199//3686
f 2260//3687 2199//3687 2261//3687
f 2261//3688 2199//3688 2197//3688
f 2261//3689 2197//3689 2262//3689
f 2262//3690 2197//3690 2195//3690
f 2262//3691 2195//3691 2263//3691
f 2263//3692 2195//3692 2193//3692
f 2263//3693 2193//3693 2264//3693
f 2264//3694 2193//3694 2191//3694
f 2264//3695 2191//3695 2265//3695
f 2265//3696 2191//3696 604//3696
f 604//3697 2191//3697 2189//3697
f 604//3698 2189//3698 2266//3698
f 2266//3699 2189//3699 2187//3699
f 2266//3700 2187//3700 2267//3700
f 2267//3701 2187//3701 2185//3701
f 2267//3702 2185//3702 2268//3702
f 2268//3703 2185//3703 2183//3703
f 2268//3704 2183//3704 2269//3704
f 2269//3705 2183//3705 2181//3705
f 2269//3706 2181//3706 2270//3706
f 2270//3707 2181//3707 2179//3707
f 2270//3708 2179//3708 2271//3708
f 2271//3709 2179//3709 2177//3709
f 2271//3710 2177//3710 2272//3710
f 2272//3711 2177//3711 2175//3711
f 2272//3712 2175//3712 2273//3712
f 2273//3713 2175//3713 2173//3713
f 2273//3714 2173//3714 2274//3714
f 2274//3715 2173//3715 2171//3715
f 2274//3716 2171//3716 2275//3716
f 2275//3717 2171//3717 2169//3717
f 2275//3718 2169//3718 2276//3718
f 2276//3719 2169//3719 2167//3719
f 2276//3720 2167//3720 2277//3720
f 2277//3721 2167//3721 2165//3721
f 2277//3722 2165//3722 2278//3722
f 2278//3723 2165//3723 2163//3723
f 2278//3724 2163//3724 2279//3724
f 2279//3725 2163//3725 2161//3725
f 2279//3726 2161//3726 2280//3726
f 2280//3727 2161//3727 2159//3727
f 2280//3728 2159//3728 2281//3728
f 2281//3729 2159//3729 2157//3729
f 2281//3730 2157//3730 2282//3730
f 2282//3731 2157//3731 2155//3731
f 2282//3732 2155//3732 2283//3732
f 2283//3733 2155//3733 2153//3733
f 2283//3734 2153//3734 2284//3734
f 2284//3735 2153//3735 2285//3735
f 2284//3736 2285//3736 2286//3736
f 2116//3737 2287//3737 2118//3737
f 2118//3738 2287//3738 2288//3738
f 2118//3739 2288//3739 2120//3739
f 2120//3740 2288//3740 2289//3740
f 2120//3741 2289//3741 2122//3741
f 2122//3742 2289//3742 2290//3742
f 2122//3743 2290//3743 2124//3743
f 2124//3744 2290//3744 2291//3744
f 2124//3745 2291//3745 2126//3745
f 2126//3746 2291//3746 2292//3746
f 2126//3747 2292//3747 2128//3747
f 2128//3748 2292//3748 2293//3748
f 2128//3749 2293//3749 2130//3749
f 2130//3750 2293//3750 2294//3750
f 2130//3751 2294//3751 2132//3751
f 2132//3752 2294//3752 2295//3752
f 2132//3753 2295//3753 2134//3753
f 2134//3754 2295//3754 2296//3754
f 2134//3755 2296//3755 2136//3755
f 2136//3756 2296//3756 2297//3756
f 2136//3757 2297//3757 2138//3757
f 2138//3758 2297//3758 2298//3758
f 2138//3759 2298//3759 2140//3759
f 2140//3760 2298//3760 2299//3760
f 2140//3761 2299//3761 2142//3761
f 2142//3762 2299//3762 2300//3762
f 2142//3763 2300//3763 2144//3763
f 2144//3764 2300//3764 2301//3764
f 2144//3765 2301//3765 2146//3765
f 2146//3766 2301//3766 2302//3766
f 2146//3767 2302//3767 2148//3767
f 2148//3768 2302//3768 2303//3768
f 2148//3769 2303//3769 2150//3769
f 2150//3770 2303//3770 2304//3770
f 2150//3771 2304//3771 2032//3771
f 2032//3772 2304//3772 2305//3772
f 2306//3773 2307//3773 1996//3773
f 1996//3774 2307//3774 2308//3774
f 1996//3775 2308//3775 1998//3775
f 1998//3776 2308//3776 2309//3776
f 1998//3777 2309//3777 2000//3777
f 2000//3778 2309//3778 2310//3778
f 2000//3779 2310//3779 2002//3779
f 2002//3780 2310//3780 2311//3780
f 2002//3781 2311//3781 2004//3781
f 2004//3782 2311//3782 2312//3782
f 2004//3783 2312//3783 2006//3783
f 2006//3784 2312//3784 2313//3784
f 2006//3785 2313//3785 2008//3785
f 2008//3786 2313//3786 2314//3786
f 2008//3787 2314//3787 2010//3787
f 2010//3788 2314//3788 2315//3788
f 2010//3789 2315//3789 2012//3789
f 2012//3790 2315//3790 2316//3790
f 2012//3791 2316//3791 2014//3791
f 2014//3792 2316//3792 2317//3792
f 2014//3793 2317//3793 2016//3793
f 2016//3794 2317//3794 2318//3794
f 2016//3795 2318//3795 2018//3795
f 2018//3796 2318//3796 2319//3796
f 2018//3797 2319//3797 2020//3797
f 2020//3798 2319//3798 2320//3798
f 2020//3799 2320//3799 2022//3799
f 2022//3800 2320//3800 2321//3800
f 2022//3801 2321//3801 2024//3801
f 2024//3802 2321//3802 2322//3802
f 2024//3803 2322//3803 2026//3803
f 2026//3804 2322//3804 2323//3804
f 2026//3805 2323//3805 2028//3805
f 2028//3806 2323//3806 2324//3806
f 2028//3807 2324//3807 2325//3807
f 2325//3808 2324//3808 2326//3808
f 2032//3809 674//3809 2034//3809
f 2034//3810 674//3810 683//3810
f 2034//3811 683//3811 2036//3811
f 2036//3812 683//3812 685//3812
f 2036//3813 685//3813 2038//3813
f 2038//3814 685//3814 687//3814
f 2038//3815 687//3815 2040//3815
f 2040//3816 687//3816 689//3816
f 2040//3817 689//3817 2042//3817
f 2042//3818 689//3818 691//3818
f 2042//3819 691//3819 2044//3819
f 2044//3820 691//3820 617//3820
f 2044//3821 617//3821 2046//3821
f 2046//3822 617//3822 619//3822
f 2046//3823 619//3823 2048//3823
f 2048//3824 619//3824 621//3824
f 2048//3825 621//3825 2050//3825
f 2050//3826 621//3826 623//3826
f 2050//3827 623//3827 2052//3827
f 2052//3828 623//3828 625//3828
f 2052//3829 625//3829 2054//3829
f 2054//3830 625//3830 627//3830
f 2054//3831 627//3831 2056//3831
f 2056//3832 627//3832 629//3832
f 2056//3833 629//3833 2058//3833
f 2058//3834 629//3834 631//3834
f 2058//3835 631//3835 2060//3835
f 2060//3836 631//3836 633//3836
f 2060//3837 633//3837 2062//3837
f 2062//3838 633//3838 635//3838
f 2062//3839 635//3839 2064//3839
f 2064//3840 635//3840 637//3840
f 2064//3841 637//3841 2066//3841
f 2066//3842 637//3842 639//3842
f 2066//3843 639//3843 2068//3843
f 2068//3844 639//3844 641//3844
f 2068//3845 641//3845 2070//3845
f 2070//3846 641//3846 643//3846
f 2070//3847 643//3847 2072//3847
f 2072//3848 643//3848 645//3848
f 2072//3849 645//3849 2074//3849
f 2074//3850 645//3850 647//3850
f 2074//3851 647//3851 2076//3851
f 2076//3852 647//3852 649//3852
f 2076//3853 649//3853 2078//3853
f 2078//3854 649//3854 651//3854
f 2078//3855 651//3855 2080//3855
f 2080//3856 651//3856 653//3856
f 2080//3857 653//3857 2082//3857
f 2082//3858 653//3858 654//3858
f 2082//3859 654//3859 2084//3859
f 2084//3860 654//3860 655//3860
f 2084//3861 655//3861 2086//3861
f 2086//3862 655//3862 657//3862
f 2086//3863 657//3863 2088//3863
f 2088//3864 657//3864 751//3864
f 2088//3865 751//3865 2090//3865
f 2090//3866 751//3866 749//3866
f 2090//3867 749//3867 2092//3867
f 2092//3868 749//3868 747//3868
f 2092//3869 747//3869 2094//3869
f 2094//3870 747//3870 745//3870
f 2094//3871 745//3871 2096//3871
f 2096//3872 745//3872 743//3872
f 2096//3873 743//3873 2098//3873
f 2098//3874 743//3874 741//3874
f 2098//3875 741//3875 2100//3875
f 2100//3876 741//3876 739//3876
f 2100//3877 739//3877 2102//3877
f 2102//3878 739//3878 737//3878
f 2102//3879 737//3879 2104//3879
f 2104//3880 737//3880 735//3880
f 2104//3881 735//3881 2106//3881
f 2106//3882 735//3882 733//3882
f 2106//3883 733//3883 2108//3883
f 2108//3884 733//3884 731//3884
f 2108//3885 731//3885 2110//3885
f 2110//3886 731//3886 729//3886
f 2110//3887 729//3887 2112//3887
f 2112//3888 729//3888 727//3888
f 2112//3889 727//3889 2327//3889
f 2327//3890 727//3890 2328//3890
f 2329//3891 413//3891 2330//3891
f 2330//3892 413//3892 446//3892
f 371//3893 370//3893 453//3893
f 453//3894 370//3894 2331//3894
f 453//3895 2331//3895 451//3895
f 451//3896 2331//3896 2332//3896
f 451//3897 2332//3897 446//3897
f 446//3898 2332//3898 2330//3898
f 413//3899 2329//3899 412//3899
f 412//3900 2329//3900 2333//3900
f 412//3901 2333//3901 378//3901
f 378//3902 2333//3902 2334//3902
f 378//3903 2334//3903 275//3903
f 275//3904 2334//3904 276//3904
f 276//3905 1359//3905 274//3905
f 274//3906 1359//3906 1360//3906
f 274//3907 1360//3907 252//3907
f 252//3908 1360//3908 1361//3908
f 252//3909 1361//3909 248//3909
f 248//3910 1361//3910 1356//3910
f 248//3911 1356//3911 243//3911
f 243//3912 1356//3912 1355//3912
f 243//3913 1355//3913 238//3913
f 238//3914 1355//3914 1354//3914
f 238//3915 1354//3915 228//3915
f 228//3916 1354//3916 1353//3916
f 228//3917 1353//3917 277//3917
f 277//3918 1353//3918 1352//3918
f 277//3919 1352//3919 279//3919
f 279//3920 1352//3920 1351//3920
f 279//3921 1351//3921 280//3921
f 280//3922 1351//3922 1376//3922
f 280//3923 1376//3923 282//3923
f 282//3924 1376//3924 1375//3924
f 282//3925 1375//3925 283//3925
f 283//3926 1375//3926 1374//3926
f 283//3927 1374//3927 285//3927
f 285//3928 1374//3928 1373//3928
f 285//3929 1373//3929 286//3929
f 286//3930 1373//3930 1339//3930
f 286//3931 1339//3931 288//3931
f 288//3932 1339//3932 1338//3932
f 288//3933 1338//3933 289//3933
f 289//3934 1338//3934 1337//3934
f 289//3935 1337//3935 291//3935
f 291//3936 1337//3936 1336//3936
f 291//3937 1336//3937 292//3937
f 292//3938 1336//3938 1335//3938
f 292//3939 1335//3939 294//3939
f 294//3940 1335//3940 1329//3940
f 294//3941 1329//3941 295//3941
f 295//3942 1329//3942 1334//3942
f 295//3943 1334//3943 297//3943
f 297//3944 1334//3944 1333//3944
f 297//3945 1333//3945 298//3945
f 298//3946 1333//3946 1332//3946
f 298//3947 1332//3947 300//3947
f 300//3948 1332//3948 1331//3948
f 300//3949 1331//3949 301//3949
f 301//3950 1331//3950 1328//3950
f 301//3951 1328//3951 303//3951
f 303//3952 1328//3952 1390//3952
f 303//3953 1390//3953 304//3953
f 304//3954 1390//3954 1389//3954
f 304//3955 1389//3955 307//3955
f 307//3956 1389//3956 1388//3956
f 307//3957 1388//3957 306//3957
f 306//3958 1388//3958 1387//3958
f 306//3959 1387//3959 183//3959
f 183//3960 1387//3960 1372//3960
f 183//3961 1372//3961 178//3961
f 178//3962 1372//3962 1371//3962
f 178//3963 1371//3963 173//3963
f 173//3964 1371//3964 1370//3964
f 173//3965 1370//3965 168//3965
f 168//3966 1370//3966 1369//3966
f 168//3967 1369//3967 158//3967
f 158//3968 1369//3968 1368//3968
f 158//3969 1368//3969 308//3969
f 308//3970 1368//3970 1350//3970
f 308//3971 1350//3971 310//3971
f 310//3972 1350//3972 1349//3972
f 310//3973 1349//3973 311//3973
f 311//3974 1349//3974 1348//3974
f 311//3975 1348//3975 313//3975
f 313//3976 1348//3976 1347//3976
f 313//3977 1347//3977 314//3977
f 314//3978 1347//3978 1346//3978
f 314//3979 1346//3979 316//3979
f 316//3980 1346//3980 1345//3980
f 316//3981 1345//3981 317//3981
f 317//3982 1345//3982 1367//3982
f 317//3983 1367//3983 319//3983
f 319//3984 1367//3984 1366//3984
f 319//3985 1366//3985 320//3985
f 320//3986 1366//3986 1365//3986
f 320//3987 1365//3987 322//3987
f 322//3988 1365//3988 1364//3988
f 322//3989 1364//3989 2335//3989
f 2335//3990 1364//3990 2336//3990
f 2335//3991 2336//3991 325//3991
f 325//3992 2336//3992 1344//3992
f 325//3993 1344//3993 326//3993
f 326//3994 1344//3994 1343//3994
f 326//3995 1343//3995 328//3995
f 328//3996 1343//3996 1342//3996
f 328//3997 1342//3997 329//3997
f 329//3998 1342//3998 1341//3998
f 329//3999 1341//3999 331//3999
f 331//4000 1341//4000 1327//4000
f 331//4001 1327//4001 332//4001
f 332//4002 1327//4002 1409//4002
f 332//4003 1409//4003 334//4003
f 334//4004 1409//4004 1408//4004
f 334//4005 1408//4005 335//4005
f 335//4006 1408//4006 1407//4006
f 335//4007 1407//4007 338//4007
f 338//4008 1407//4008 1406//4008
f 338//4009 1406//4009 337//4009
f 337//4010 1406//4010 1386//4010
f 337//4011 1386//4011 72//4011
f 72//4012 1386//4012 1405//4012
f 72//4013 1405//4013 77//4013
f 77//4014 1405//4014 1404//4014
f 77//4015 1404//4015 75//4015
f 75//4016 1404//4016 1403//4016
f 75//4017 1403//4017 132//4017
f 132//4018 1403//4018 1402//4018
f 132//4019 1402//4019 124//4019
f 124//4020 1402//4020 1385//4020
f 124//4021 1385//4021 339//4021
f 339//4022 1385//4022 1401//4022
f 339//4023 1401//4023 341//4023
f 341//4024 1401//4024 1400//4024
f 341//4025 1400//4025 342//4025
f 342//4026 1400//4026 1399//4026
f 342//4027 1399//4027 344//4027
f 344//4028 1399//4028 1398//4028
f 344//4029 1398//4029 345//4029
f 345//4030 1398//4030 1340//4030
f 345//4031 1340//4031 347//4031
f 347//4032 1340//4032 1416//4032
f 347//4033 1416//4033 348//4033
f 348//4034 1416//4034 1415//4034
f 348//4035 1415//4035 350//4035
f 350//4036 1415//4036 1414//4036
f 350//4037 1414//4037 351//4037
f 351//4038 1414//4038 1413//4038
f 351//4039 1413//4039 353//4039
f 353//4040 1413//4040 1384//4040
f 353//4041 1384//4041 354//4041
f 354//4042 1384//4042 1383//4042
f 354//4043 1383//4043 356//4043
f 356//4044 1383//4044 1382//4044
f 356//4045 1382//4045 357//4045
f 357//4046 1382//4046 1381//4046
f 357//4047 1381//4047 359//4047
f 359//4048 1381//4048 1380//4048
f 359//4049 1380//4049 360//4049
f 360//4050 1380//4050 1363//4050
f 360//4051 1363//4051 362//4051
f 362//4052 1363//4052 1397//4052
f 362//4053 1397//4053 363//4053
f 363//4054 1397//4054 1396//4054
f 363//4055 1396//4055 365//4055
f 365//4056 1396//4056 1395//4056
f 365//4057 1395//4057 366//4057
f 366//4058 1395//4058 1394//4058
f 366//4059 1394//4059 369//4059
f 369//4060 1394//4060 1362//4060
f 369//4061 1362//4061 368//4061
f 368//4062 1362//4062 1393//4062
f 368//4063 1393//4063 3//4063
f 3//4064 1393//4064 1392//4064
f 3//4065 1392//4065 9//4065
f 9//4066 1392//4066 1391//4066
f 9//4067 1391//4067 7//4067
f 7//4068 1391//4068 1412//4068
f 7//4069 1412//4069 65//4069
f 65//4070 1412//4070 1411//4070
f 65//4071 1411//4071 57//4071
f 57//4072 1411//4072 1410//4072
f 57//4073 1410//4073 372//4073
f 372//4074 1410//4074 1379//4074
f 372//4075 1379//4075 370//4075
f 370//4076 1379//4076 1378//4076
f 2329//4077 1330//4077 2333//4077
f 2333//4078 1330//4078 1357//4078
f 2333//4079 1357//4079 2334//4079
f 2334//4080 1357//4080 1358//4080
f 2334//4081 1358//4081 276//4081
f 276//4082 1358//4082 1359//4082
f 370//4083 1378//4083 2331//4083
f 2331//4084 1378//4084 1377//4084
f 2331//4085 1377//4085 2332//4085
f 2332//4086 1377//4086 1325//4086
f 2332//4087 1325//4087 2330//4087
f 2330//4088 1325//4088 1324//4088
f 2330//4089 1324//4089 2329//4089
f 2329//4090 1324//4090 1330//4090
