# Converted from gripper_link2.dae
v -0.003700 -0.076500 0.026500
v -0.008500 -0.076500 0.026500
v -0.003700 -0.076500 0.004000
v -0.008500 -0.076500 0.004000
v -0.003700 -0.073000 0.004000
v -0.003700 -0.076500 0.004000
v -0.008500 -0.076500 0.004000
v 0.008500 -0.076500 0.004000
v 0.003700 -0.076500 0.004000
v 0.008500 -0.070000 0.004000
v 0.003700 -0.073000 0.004000
v -0.003237 -0.070000 0.004000
v -0.008500 -0.070000 0.004000
v -0.008500 -0.070000 0.004000
v -0.008500 -0.076500 0.004000
v -0.008500 -0.070000 0.015987
v -0.008500 -0.076500 0.026500
v -0.008500 -0.070000 0.026500
v -0.008500 -0.076500 0.026500
v -0.003700 -0.076500 0.026500
v -0.008500 -0.070000 0.026500
v -0.003700 -0.073000 0.026500
v 0.003700 -0.076500 0.026500
v 0.008500 -0.076500 0.026500
v 0.003700 -0.073000 0.026500
v 0.008500 -0.070000 0.026500
v -0.003237 -0.070000 0.026500
v 0.008500 -0.076500 0.004000
v 0.008500 -0.070000 0.004000
v 0.008500 -0.076500 0.026500
v 0.008500 -0.070000 0.015987
v 0.008500 -0.070000 0.026500
v 0.006476 -0.070000 0.012158
v 0.006000 -0.070000 0.012275
v 0.008500 -0.070000 0.015987
v 0.006476 -0.070000 0.020158
v 0.006000 -0.070000 0.020275
v 0.008500 -0.070000 0.026500
v -0.003237 -0.070000 0.026500
v 0.005524 -0.070000 0.020158
v 0.005156 -0.070000 0.019832
v -0.003237 -0.070000 0.015987
v 0.004982 -0.070000 0.019374
v 0.005042 -0.070000 0.018887
v 0.005320 -0.070000 0.018483
v 0.005755 -0.070000 0.018255
v 0.006245 -0.070000 0.018255
v 0.006680 -0.070000 0.018483
v 0.006958 -0.070000 0.018887
v 0.007017 -0.070000 0.019374
v 0.006844 -0.070000 0.019832
v 0.006680 -0.070000 0.010483
v 0.008500 -0.070000 0.004000
v 0.006245 -0.070000 0.010255
v 0.005755 -0.070000 0.010255
v 0.005524 -0.070000 0.012158
v 0.005156 -0.070000 0.011832
v -0.000610 -0.070000 0.013620
v -0.001115 -0.070000 0.013254
v 0.006958 -0.070000 0.010886
v 0.007017 -0.070000 0.011374
v 0.006844 -0.070000 0.011832
v -0.000882 -0.070000 0.011036
v -0.000312 -0.070000 0.010783
v -0.003237 -0.070000 0.004000
v 0.000312 -0.070000 0.010783
v 0.005320 -0.070000 0.010483
v 0.005042 -0.070000 0.010886
v 0.004982 -0.070000 0.011374
v 0.000882 -0.070000 0.011036
v 0.001299 -0.070000 0.011500
v 0.005156 -0.070000 0.011832
v 0.001492 -0.070000 0.012093
v 0.001427 -0.070000 0.012713
v -0.001427 -0.070000 0.012713
v -0.001492 -0.070000 0.012093
v -0.001299 -0.070000 0.011500
v 0.001115 -0.070000 0.013254
v 0.000610 -0.070000 0.013620
v 0.000000 -0.070000 0.013750
v -0.005755 -0.070000 0.018255
v -0.005320 -0.070000 0.018483
v -0.006245 -0.070000 0.018255
v -0.008500 -0.070000 0.015987
v -0.006680 -0.070000 0.018483
v -0.006476 -0.070000 0.020158
v -0.006844 -0.070000 0.019832
v -0.008500 -0.070000 0.026500
v -0.007017 -0.070000 0.019374
v -0.006958 -0.070000 0.018887
v -0.003237 -0.070000 0.026500
v -0.005524 -0.070000 0.020158
v -0.006000 -0.070000 0.020275
v -0.005042 -0.070000 0.018887
v -0.004982 -0.070000 0.019374
v -0.005156 -0.070000 0.019832
v -0.006000 -0.070000 0.012275
v -0.006476 -0.070000 0.012158
v -0.005524 -0.070000 0.012158
v -0.006958 -0.070000 0.010886
v -0.008500 -0.070000 0.004000
v -0.007017 -0.070000 0.011374
v -0.006844 -0.070000 0.011832
v -0.006680 -0.070000 0.010483
v -0.006245 -0.070000 0.010255
v -0.005755 -0.070000 0.010255
v -0.005320 -0.070000 0.010483
v -0.005042 -0.070000 0.010886
v -0.004982 -0.070000 0.011374
v -0.005156 -0.070000 0.011832
v 0.003700 -0.076500 0.004000
v 0.008500 -0.076500 0.004000
v 0.003700 -0.076500 0.026500
v 0.008500 -0.076500 0.026500
v 0.006000 -0.072981 0.019250
v 0.006400 -0.072500 0.019943
v 0.006693 -0.072500 0.019650
v 0.006000 -0.072500 0.020050
v 0.006693 -0.072500 0.018850
v 0.006400 -0.072500 0.018557
v 0.006800 -0.072500 0.019250
v 0.005600 -0.072500 0.018557
v 0.005307 -0.072500 0.018850
v 0.006000 -0.072500 0.018450
v 0.005307 -0.072500 0.019650
v 0.005600 -0.072500 0.019943
v 0.005200 -0.072500 0.019250
v 0.006372 -0.070225 0.019958
v 0.006400 -0.072500 0.019943
v 0.006000 -0.072500 0.020050
v 0.006400 -0.070225 0.019943
v 0.006658 -0.070225 0.019704
v 0.006693 -0.072500 0.019650
v 0.006693 -0.070225 0.019650
v 0.006794 -0.070225 0.019346
v 0.006800 -0.072500 0.019250
v 0.006800 -0.070225 0.019250
v 0.006748 -0.070225 0.018966
v 0.006693 -0.072500 0.018850
v 0.006693 -0.070225 0.018850
v 0.006530 -0.070225 0.018651
v 0.006400 -0.072500 0.018557
v 0.006400 -0.070225 0.018557
v 0.006191 -0.070225 0.018473
v 0.006000 -0.072500 0.018450
v 0.006000 -0.070225 0.018450
v 0.005809 -0.070225 0.018473
v 0.005600 -0.072500 0.018557
v 0.005600 -0.070225 0.018557
v 0.005470 -0.070225 0.018651
v 0.005307 -0.072500 0.018850
v 0.005307 -0.070225 0.018850
v 0.005252 -0.070225 0.018966
v 0.005200 -0.072500 0.019250
v 0.005200 -0.070225 0.019250
v 0.005206 -0.070225 0.019346
v 0.005307 -0.072500 0.019650
v 0.005307 -0.070225 0.019650
v 0.005342 -0.070225 0.019704
v 0.005600 -0.072500 0.019943
v 0.005600 -0.070225 0.019943
v 0.005628 -0.070225 0.019958
v 0.006000 -0.072500 0.020050
v 0.006000 -0.070225 0.020050
v 0.006000 -0.070225 0.020050
v 0.005156 -0.070000 0.019832
v 0.005524 -0.070000 0.020158
v 0.005600 -0.070225 0.019943
v 0.005342 -0.070225 0.019704
v 0.005307 -0.070225 0.019650
v 0.004982 -0.070000 0.019374
v 0.005206 -0.070225 0.019346
v 0.005200 -0.070225 0.019250
v 0.005042 -0.070000 0.018887
v 0.005252 -0.070225 0.018966
v 0.005307 -0.070225 0.018850
v 0.005320 -0.070000 0.018483
v 0.005470 -0.070225 0.018651
v 0.005600 -0.070225 0.018557
v 0.005755 -0.070000 0.018255
v 0.005809 -0.070225 0.018473
v 0.006245 -0.070000 0.018255
v 0.006000 -0.070225 0.018450
v 0.006191 -0.070225 0.018473
v 0.006680 -0.070000 0.018483
v 0.006400 -0.070225 0.018557
v 0.006530 -0.070225 0.018651
v 0.006958 -0.070000 0.018887
v 0.006693 -0.070225 0.018850
v 0.006748 -0.070225 0.018966
v 0.007017 -0.070000 0.019374
v 0.006800 -0.070225 0.019250
v 0.006794 -0.070225 0.019346
v 0.006844 -0.070000 0.019832
v 0.006693 -0.070225 0.019650
v 0.006658 -0.070225 0.019704
v 0.006476 -0.070000 0.020158
v 0.006400 -0.070225 0.019943
v 0.006372 -0.070225 0.019958
v 0.006000 -0.070000 0.020275
v 0.006000 -0.070225 0.020050
v 0.005628 -0.070225 0.019958
v -0.006000 -0.072981 0.011250
v -0.005600 -0.072500 0.011943
v -0.005307 -0.072500 0.011650
v -0.006000 -0.072500 0.012050
v -0.005307 -0.072500 0.010850
v -0.005600 -0.072500 0.010557
v -0.005200 -0.072500 0.011250
v -0.006400 -0.072500 0.010557
v -0.006693 -0.072500 0.010850
v -0.006000 -0.072500 0.010450
v -0.006693 -0.072500 0.011650
v -0.006400 -0.072500 0.011943
v -0.006800 -0.072500 0.011250
v -0.005628 -0.070225 0.011958
v -0.005600 -0.072500 0.011943
v -0.006000 -0.072500 0.012050
v -0.005600 -0.070225 0.011943
v -0.005342 -0.070225 0.011704
v -0.005307 -0.072500 0.011650
v -0.005307 -0.070225 0.011650
v -0.005206 -0.070225 0.011346
v -0.005200 -0.072500 0.011250
v -0.005200 -0.070225 0.011250
v -0.005252 -0.070225 0.010966
v -0.005307 -0.072500 0.010850
v -0.005307 -0.070225 0.010850
v -0.005470 -0.070225 0.010651
v -0.005600 -0.072500 0.010557
v -0.005600 -0.070225 0.010557
v -0.005809 -0.070225 0.010473
v -0.006000 -0.072500 0.010450
v -0.006000 -0.070225 0.010450
v -0.006191 -0.070225 0.010473
v -0.006400 -0.072500 0.010557
v -0.006400 -0.070225 0.010557
v -0.006530 -0.070225 0.010651
v -0.006693 -0.072500 0.010850
v -0.006693 -0.070225 0.010850
v -0.006748 -0.070225 0.010966
v -0.006800 -0.072500 0.011250
v -0.006800 -0.070225 0.011250
v -0.006794 -0.070225 0.011346
v -0.006693 -0.072500 0.011650
v -0.006693 -0.070225 0.011650
v -0.006658 -0.070225 0.011704
v -0.006400 -0.072500 0.011943
v -0.006400 -0.070225 0.011943
v -0.006372 -0.070225 0.011958
v -0.006000 -0.072500 0.012050
v -0.006000 -0.070225 0.012050
v -0.006000 -0.070225 0.012050
v -0.006844 -0.070000 0.011832
v -0.006476 -0.070000 0.012158
v -0.006400 -0.070225 0.011943
v -0.006658 -0.070225 0.011704
v -0.006693 -0.070225 0.011650
v -0.007017 -0.070000 0.011374
v -0.006794 -0.070225 0.011346
v -0.006800 -0.070225 0.011250
v -0.006958 -0.070000 0.010886
v -0.006748 -0.070225 0.010966
v -0.006693 -0.070225 0.010850
v -0.006680 -0.070000 0.010483
v -0.006530 -0.070225 0.010651
v -0.006400 -0.070225 0.010557
v -0.006245 -0.070000 0.010255
v -0.006191 -0.070225 0.010473
v -0.005755 -0.070000 0.010255
v -0.006000 -0.070225 0.010450
v -0.005809 -0.070225 0.010473
v -0.005320 -0.070000 0.010483
v -0.005600 -0.070225 0.010557
v -0.005470 -0.070225 0.010651
v -0.005042 -0.070000 0.010886
v -0.005307 -0.070225 0.010850
v -0.005252 -0.070225 0.010966
v -0.004982 -0.070000 0.011374
v -0.005200 -0.070225 0.011250
v -0.005206 -0.070225 0.011346
v -0.005156 -0.070000 0.011832
v -0.005307 -0.070225 0.011650
v -0.005342 -0.070225 0.011704
v -0.005524 -0.070000 0.012158
v -0.005600 -0.070225 0.011943
v -0.005628 -0.070225 0.011958
v -0.006000 -0.070000 0.012275
v -0.006000 -0.070225 0.012050
v -0.006372 -0.070225 0.011958
v -0.006000 -0.072981 0.019250
v -0.005600 -0.072500 0.019943
v -0.005307 -0.072500 0.019650
v -0.006000 -0.072500 0.020050
v -0.005307 -0.072500 0.018850
v -0.005600 -0.072500 0.018557
v -0.005200 -0.072500 0.019250
v -0.006400 -0.072500 0.018557
v -0.006693 -0.072500 0.018850
v -0.006000 -0.072500 0.018450
v -0.006693 -0.072500 0.019650
v -0.006400 -0.072500 0.019943
v -0.006800 -0.072500 0.019250
v -0.005628 -0.070225 0.019958
v -0.005600 -0.072500 0.019943
v -0.006000 -0.072500 0.020050
v -0.005600 -0.070225 0.019943
v -0.005342 -0.070225 0.019704
v -0.005307 -0.072500 0.019650
v -0.005307 -0.070225 0.019650
v -0.005206 -0.070225 0.019346
v -0.005200 -0.072500 0.019250
v -0.005200 -0.070225 0.019250
v -0.005252 -0.070225 0.018966
v -0.005307 -0.072500 0.018850
v -0.005307 -0.070225 0.018850
v -0.005470 -0.070225 0.018651
v -0.005600 -0.072500 0.018557
v -0.005600 -0.070225 0.018557
v -0.005809 -0.070225 0.018473
v -0.006000 -0.072500 0.018450
v -0.006000 -0.070225 0.018450
v -0.006191 -0.070225 0.018473
v -0.006400 -0.072500 0.018557
v -0.006400 -0.070225 0.018557
v -0.006530 -0.070225 0.018651
v -0.006693 -0.072500 0.018850
v -0.006693 -0.070225 0.018850
v -0.006748 -0.070225 0.018966
v -0.006800 -0.072500 0.019250
v -0.006800 -0.070225 0.019250
v -0.006794 -0.070225 0.019346
v -0.006693 -0.072500 0.019650
v -0.006693 -0.070225 0.019650
v -0.006658 -0.070225 0.019704
v -0.006400 -0.072500 0.019943
v -0.006400 -0.070225 0.019943
v -0.006372 -0.070225 0.019958
v -0.006000 -0.072500 0.020050
v -0.006000 -0.070225 0.020050
v -0.006000 -0.070225 0.020050
v -0.006844 -0.070000 0.019832
v -0.006476 -0.070000 0.020158
v -0.006400 -0.070225 0.019943
v -0.006658 -0.070225 0.019704
v -0.006693 -0.070225 0.019650
v -0.007017 -0.070000 0.019374
v -0.006794 -0.070225 0.019346
v -0.006800 -0.070225 0.019250
v -0.006958 -0.070000 0.018887
v -0.006748 -0.070225 0.018966
v -0.006693 -0.070225 0.018850
v -0.006680 -0.070000 0.018483
v -0.006530 -0.070225 0.018651
v -0.006400 -0.070225 0.018557
v -0.006245 -0.070000 0.018255
v -0.006191 -0.070225 0.018473
v -0.005755 -0.070000 0.018255
v -0.006000 -0.070225 0.018450
v -0.005809 -0.070225 0.018473
v -0.005320 -0.070000 0.018483
v -0.005600 -0.070225 0.018557
v -0.005470 -0.070225 0.018651
v -0.005042 -0.070000 0.018887
v -0.005307 -0.070225 0.018850
v -0.005252 -0.070225 0.018966
v -0.004982 -0.070000 0.019374
v -0.005200 -0.070225 0.019250
v -0.005206 -0.070225 0.019346
v -0.005156 -0.070000 0.019832
v -0.005307 -0.070225 0.019650
v -0.005342 -0.070225 0.019704
v -0.005524 -0.070000 0.020158
v -0.005600 -0.070225 0.019943
v -0.005628 -0.070225 0.019958
v -0.006000 -0.070000 0.020275
v -0.006000 -0.070225 0.020050
v -0.006372 -0.070225 0.019958
v 0.006000 -0.072981 0.011250
v 0.006400 -0.072500 0.011943
v 0.006693 -0.072500 0.011650
v 0.006000 -0.072500 0.012050
v 0.006693 -0.072500 0.010850
v 0.006400 -0.072500 0.010557
v 0.006800 -0.072500 0.011250
v 0.005600 -0.072500 0.010557
v 0.005307 -0.072500 0.010850
v 0.006000 -0.072500 0.010450
v 0.005307 -0.072500 0.011650
v 0.005600 -0.072500 0.011943
v 0.005200 -0.072500 0.011250
v 0.006372 -0.070225 0.011958
v 0.006400 -0.072500 0.011943
v 0.006000 -0.072500 0.012050
v 0.006400 -0.070225 0.011943
v 0.006658 -0.070225 0.011704
v 0.006693 -0.072500 0.011650
v 0.006693 -0.070225 0.011650
v 0.006794 -0.070225 0.011346
v 0.006800 -0.072500 0.011250
v 0.006800 -0.070225 0.011250
v 0.006748 -0.070225 0.010966
v 0.006693 -0.072500 0.010850
v 0.006693 -0.070225 0.010850
v 0.006530 -0.070225 0.010651
v 0.006400 -0.072500 0.010557
v 0.006400 -0.070225 0.010557
v 0.006191 -0.070225 0.010473
v 0.006000 -0.072500 0.010450
v 0.006000 -0.070225 0.010450
v 0.005809 -0.070225 0.010473
v 0.005600 -0.072500 0.010557
v 0.005600 -0.070225 0.010557
v 0.005470 -0.070225 0.010651
v 0.005307 -0.072500 0.010850
v 0.005307 -0.070225 0.010850
v 0.005252 -0.070225 0.010966
v 0.005200 -0.072500 0.011250
v 0.005200 -0.070225 0.011250
v 0.005206 -0.070225 0.011346
v 0.005307 -0.072500 0.011650
v 0.005307 -0.070225 0.011650
v 0.005342 -0.070225 0.011704
v 0.005600 -0.072500 0.011943
v 0.005600 -0.070225 0.011943
v 0.005628 -0.070225 0.011958
v 0.006000 -0.072500 0.012050
v 0.006000 -0.070225 0.012050
v 0.006000 -0.070225 0.012050
v 0.005156 -0.070000 0.011832
v 0.005524 -0.070000 0.012158
v 0.005600 -0.070225 0.011943
v 0.005342 -0.070225 0.011704
v 0.005307 -0.070225 0.011650
v 0.004982 -0.070000 0.011374
v 0.005206 -0.070225 0.011346
v 0.005200 -0.070225 0.011250
v 0.005042 -0.070000 0.010886
v 0.005252 -0.070225 0.010966
v 0.005307 -0.070225 0.010850
v 0.005320 -0.070000 0.010483
v 0.005470 -0.070225 0.010651
v 0.005600 -0.070225 0.010557
v 0.005755 -0.070000 0.010255
v 0.005809 -0.070225 0.010473
v 0.006245 -0.070000 0.010255
v 0.006000 -0.070225 0.010450
v 0.006191 -0.070225 0.010473
v 0.006680 -0.070000 0.010483
v 0.006400 -0.070225 0.010557
v 0.006530 -0.070225 0.010651
v 0.006958 -0.070000 0.010886
v 0.006693 -0.070225 0.010850
v 0.006748 -0.070225 0.010966
v 0.007017 -0.070000 0.011374
v 0.006800 -0.070225 0.011250
v 0.006794 -0.070225 0.011346
v 0.006844 -0.070000 0.011832
v 0.006693 -0.070225 0.011650
v 0.006658 -0.070225 0.011704
v 0.006476 -0.070000 0.012158
v 0.006400 -0.070225 0.011943
v 0.006372 -0.070225 0.011958
v 0.006000 -0.070000 0.012275
v 0.006000 -0.070225 0.012050
v 0.005628 -0.070225 0.011958
v -0.001115 -0.073000 0.013254
v -0.001427 -0.073000 0.012713
v -0.001427 -0.070000 0.012713
v -0.001500 -0.073000 0.012250
v -0.001492 -0.070000 0.012093
v -0.001492 -0.073000 0.012093
v -0.001299 -0.070000 0.011500
v -0.001299 -0.073000 0.011500
v -0.001299 -0.070000 0.011500
v -0.001299 -0.073000 0.011500
v -0.000882 -0.070000 0.011036
v -0.000882 -0.073000 0.011036
v -0.000882 -0.070000 0.011036
v -0.000882 -0.073000 0.011036
v -0.000312 -0.070000 0.010783
v -0.000312 -0.073000 0.010783
v -0.000312 -0.070000 0.010783
v -0.000312 -0.073000 0.010783
v 0.000312 -0.070000 0.010783
v 0.000312 -0.073000 0.010783
v 0.000312 -0.070000 0.010783
v 0.000312 -0.073000 0.010783
v 0.000882 -0.070000 0.011036
v 0.000882 -0.073000 0.011036
v 0.000882 -0.070000 0.011036
v 0.000882 -0.073000 0.011036
v 0.001299 -0.070000 0.011500
v 0.001299 -0.073000 0.011500
v 0.001299 -0.070000 0.011500
v 0.001299 -0.073000 0.011500
v 0.001492 -0.070000 0.012093
v 0.001492 -0.073000 0.012093
v 0.001492 -0.070000 0.012093
v 0.001492 -0.073000 0.012093
v 0.001427 -0.070000 0.012713
v 0.001427 -0.073000 0.012713
v 0.001427 -0.070000 0.012713
v 0.001427 -0.073000 0.012713
v 0.001115 -0.070000 0.013254
v 0.001115 -0.073000 0.013254
v 0.001115 -0.070000 0.013254
v 0.001115 -0.073000 0.013254
v 0.000610 -0.070000 0.013620
v 0.000610 -0.073000 0.013620
v 0.000610 -0.070000 0.013620
v 0.000610 -0.073000 0.013620
v 0.000000 -0.070000 0.013750
v 0.000000 -0.073000 0.013750
v 0.000000 -0.070000 0.013750
v 0.000000 -0.073000 0.013750
v -0.000610 -0.070000 0.013620
v -0.000610 -0.073000 0.013620
v -0.000610 -0.070000 0.013620
v -0.000610 -0.073000 0.013620
v -0.001115 -0.070000 0.013254
v -0.001115 -0.073000 0.013254
v -0.001115 -0.070000 0.013254
v 0.000882 -0.073000 0.011036
v 0.000312 -0.073000 0.010783
v 0.003700 -0.073000 0.004000
v -0.000882 -0.073000 0.011036
v -0.001299 -0.073000 0.011500
v -0.003700 -0.073000 0.004000
v 0.003700 -0.073000 0.004000
v -0.000312 -0.073000 0.010783
v -0.001115 -0.073000 0.013254
v -0.000610 -0.073000 0.013620
v -0.003700 -0.073000 0.026500
v 0.003700 -0.073000 0.026500
v 0.000610 -0.073000 0.013620
v 0.001115 -0.073000 0.013254
v 0.001427 -0.073000 0.012713
v 0.001492 -0.073000 0.012093
v 0.001299 -0.073000 0.011500
v 0.000000 -0.073000 0.013750
v -0.001492 -0.073000 0.012093
v -0.001500 -0.073000 0.012250
v -0.001427 -0.073000 0.012713
v -0.003700 -0.076500 0.004000
v -0.003700 -0.073000 0.004000
v -0.003700 -0.076500 0.026500
v -0.003700 -0.073000 0.026500
v 0.003700 -0.073000 0.004000
v 0.003700 -0.076500 0.004000
v 0.003700 -0.073000 0.026500
v 0.003700 -0.076500 0.026500
v -0.028000 -0.067000 0.004000
v -0.028000 -0.068000 0.004000
v -0.026085 -0.063506 0.004000
v -0.010650 -0.068000 0.004000
v -0.022858 -0.056590 0.004000
v -0.020123 -0.049154 0.004000
v 0.008650 -0.070000 0.004000
v 0.022858 -0.056590 0.004000
v 0.020123 -0.049154 0.004000
v 0.016556 -0.034718 0.004000
v -0.016556 -0.034718 0.004000
v 0.018088 -0.041945 0.004000
v -0.018088 -0.041945 0.004000
v -0.009150 -0.071000 0.004000
v -0.008650 -0.070500 0.004000
v -0.010150 -0.071000 0.004000
v -0.008650 -0.070000 0.004000
v -0.010650 -0.070500 0.004000
v 0.018088 -0.041945 0.004000
v 0.027500 -0.071000 0.004000
v 0.028000 -0.070500 0.004000
v 0.009150 -0.071000 0.004000
v 0.028000 -0.067000 0.004000
v 0.026085 -0.063506 0.004000
v 0.008650 -0.070500 0.004000
v 0.015801 -0.030158 0.003798
v -0.015801 -0.030158 0.003798
v 0.016465 -0.034206 0.003997
v -0.016465 -0.034206 0.003997
v -0.014778 -0.022995 0.003161
v 0.015801 -0.030158 0.003798
v 0.014778 -0.022995 0.003161
v 0.014038 -0.017778 0.002697
v -0.014038 -0.017778 0.002697
v 0.013198 -0.012576 0.002235
v -0.013198 -0.012576 0.002235
v 0.012697 -0.009933 0.002000
v -0.012697 -0.009933 0.002000
v 0.011687 -0.005501 0.002000
v -0.011687 -0.005501 0.002000
v 0.010000 0.000000 0.002000
v -0.010000 0.000000 0.002000
v -0.028000 -0.068000 0.004000
v -0.028000 -0.067000 0.004000
v -0.028000 -0.067000 0.003000
v -0.008650 -0.070000 0.004000
v -0.008650 -0.070000 0.002000
v 0.008650 -0.070000 0.004000
v 0.008650 -0.070000 0.002000
v 0.015828 -0.030335 0.001806
v -0.015828 -0.030335 0.001806
v -0.014778 -0.022995 0.001153
v -0.012715 -0.010022 0.000000
v 0.012715 -0.010022 0.000000
v -0.013198 -0.012576 0.000227
v 0.013198 -0.012576 0.000227
v -0.014038 -0.017778 0.000689
v 0.014038 -0.017778 0.000689
v 0.014778 -0.022995 0.001153
v -0.018088 -0.041945 0.002000
v -0.016556 -0.034718 0.002000
v 0.016556 -0.034718 0.002000
v -0.027431 -0.066000 0.002000
v -0.026085 -0.063506 0.002000
v -0.010650 -0.066000 0.002000
v -0.022858 -0.056590 0.002000
v -0.020123 -0.049154 0.002000
v -0.009150 -0.071000 0.002000
v -0.010150 -0.071000 0.002000
v -0.008650 -0.070500 0.002000
v -0.010650 -0.070500 0.002000
v -0.008650 -0.070000 0.002000
v 0.008650 -0.070000 0.002000
v 0.028000 -0.070500 0.002000
v 0.027500 -0.071000 0.002000
v 0.028000 -0.067000 0.002000
v 0.009150 -0.071000 0.002000
v 0.026085 -0.063506 0.002000
v 0.008650 -0.070500 0.002000
v 0.022858 -0.056590 0.002000
v 0.020123 -0.049154 0.002000
v 0.018088 -0.041945 0.002000
v -0.016465 -0.034206 0.001997
v 0.016465 -0.034206 0.001997
v 0.028000 -0.070500 0.004000
v 0.028000 -0.070500 0.002000
v 0.028000 -0.067000 0.004000
v 0.028000 -0.067000 0.002000
v 0.009150 -0.071000 0.004000
v 0.009150 -0.071000 0.002000
v 0.027500 -0.071000 0.004000
v 0.027500 -0.071000 0.002000
v 0.008650 -0.070000 0.004000
v 0.008650 -0.070000 0.002000
v 0.008650 -0.070500 0.004000
v 0.008650 -0.070500 0.002000
v 0.008650 -0.070500 0.002000
v 0.009150 -0.071000 0.002000
v 0.008650 -0.070500 0.004000
v 0.009150 -0.071000 0.004000
v 0.027500 -0.071000 0.002000
v 0.028000 -0.070500 0.002000
v 0.027500 -0.071000 0.004000
v 0.028000 -0.070500 0.004000
v 0.010000 0.000000 0.002000
v 0.010000 0.000000 0.000000
v -0.010000 0.000000 0.002000
v -0.010000 0.000000 0.000000
v 0.011687 -0.005501 0.002000
v 0.012697 -0.009933 0.002000
v 0.012715 -0.010022 0.000000
v 0.013198 -0.012576 0.000227
v 0.013198 -0.012576 0.002235
v 0.014038 -0.017778 0.000689
v 0.014038 -0.017778 0.002697
v 0.014778 -0.022995 0.001153
v 0.014778 -0.022995 0.003161
v 0.015828 -0.030335 0.001806
v 0.015801 -0.030158 0.003798
v 0.016465 -0.034206 0.001997
v 0.016465 -0.034206 0.003997
v 0.016556 -0.034718 0.002000
v 0.016556 -0.034718 0.004000
v 0.018088 -0.041945 0.002000
v 0.018088 -0.041945 0.004000
v 0.018088 -0.041945 0.002000
v 0.020123 -0.049154 0.004000
v 0.020123 -0.049154 0.002000
v 0.022858 -0.056590 0.004000
v 0.022858 -0.056590 0.002000
v 0.026085 -0.063506 0.004000
v 0.026085 -0.063506 0.002000
v 0.028000 -0.067000 0.004000
v 0.028000 -0.067000 0.002000
v 0.011687 -0.005501 0.000000
v 0.010000 0.000000 0.000000
v 0.010000 0.000000 0.002000
v -0.010000 0.000000 0.002000
v -0.010000 0.000000 0.000000
v -0.011687 -0.005501 0.000000
v -0.028000 -0.067000 0.003000
v -0.028000 -0.067000 0.004000
v -0.027431 -0.066000 0.002000
v -0.026085 -0.063506 0.004000
v -0.026085 -0.063506 0.004000
v -0.026085 -0.063506 0.002000
v -0.022858 -0.056590 0.004000
v -0.022858 -0.056590 0.004000
v -0.022858 -0.056590 0.002000
v -0.020123 -0.049154 0.004000
v -0.020123 -0.049154 0.002000
v -0.018088 -0.041945 0.004000
v -0.018088 -0.041945 0.002000
v -0.018088 -0.041945 0.004000
v -0.016556 -0.034718 0.002000
v -0.016556 -0.034718 0.004000
v -0.016465 -0.034206 0.001997
v -0.016465 -0.034206 0.003997
v -0.015828 -0.030335 0.001806
v -0.015801 -0.030158 0.003798
v -0.014778 -0.022995 0.001153
v -0.014778 -0.022995 0.003161
v -0.014038 -0.017778 0.000689
v -0.014038 -0.017778 0.002697
v -0.013198 -0.012576 0.000227
v -0.013198 -0.012576 0.002235
v -0.012715 -0.010022 0.000000
v -0.012697 -0.009933 0.002000
v -0.011687 -0.005501 0.002000
v -0.008650 -0.070500 0.004000
v -0.008650 -0.070500 0.002000
v -0.008650 -0.070000 0.004000
v -0.008650 -0.070000 0.002000
v -0.010650 -0.068000 0.004000
v -0.010650 -0.066000 0.002000
v -0.010650 -0.070500 0.004000
v -0.010650 -0.070500 0.002000
v -0.010150 -0.071000 0.002000
v -0.009150 -0.071000 0.002000
v -0.010150 -0.071000 0.004000
v -0.009150 -0.071000 0.004000
v -0.010650 -0.070500 0.002000
v -0.010150 -0.071000 0.002000
v -0.010650 -0.070500 0.004000
v -0.010150 -0.071000 0.004000
v -0.009150 -0.071000 0.002000
v -0.008650 -0.070500 0.002000
v -0.009150 -0.071000 0.004000
v -0.008650 -0.070500 0.004000
v -0.027431 -0.066000 0.002000
v -0.010650 -0.066000 0.002000
v -0.028000 -0.067000 0.003000
v -0.010650 -0.068000 0.004000
v -0.028000 -0.068000 0.004000
v -0.018026 -0.041692 0.004000
v -0.016556 -0.034718 0.004000
v 0.016556 -0.034718 0.004000
v 0.008650 -0.070000 0.004000
v -0.008650 -0.070000 0.004000
v -0.010650 -0.068000 0.004000
v -0.010150 -0.071000 0.004000
v -0.010650 -0.070500 0.004000
v -0.009150 -0.071000 0.004000
v -0.010650 -0.068000 0.004000
v -0.008650 -0.070500 0.004000
v -0.008650 -0.070000 0.004000
v -0.010650 -0.068000 0.004000
v -0.028000 -0.068000 0.004000
v -0.028000 -0.067000 0.004000
v 0.028000 -0.070500 0.004000
v 0.027500 -0.071000 0.004000
v 0.028000 -0.067000 0.004000
v 0.009150 -0.071000 0.004000
v 0.028000 -0.067000 0.004000
v 0.009150 -0.071000 0.004000
v 0.025943 -0.063231 0.004000
v 0.008650 -0.070500 0.004000
v 0.022748 -0.056324 0.004000
v 0.020040 -0.048894 0.004000
v -0.010650 -0.068000 0.004000
v 0.018026 -0.041692 0.004000
v 0.016556 -0.034718 0.004000
v -0.025943 -0.063231 0.004000
v -0.022748 -0.056324 0.004000
v -0.020040 -0.048894 0.004000
v 0.016556 -0.034718 0.004000
v -0.016556 -0.034718 0.004000
v -0.016422 -0.033963 0.003994
v -0.015801 -0.030158 0.003798
v 0.015801 -0.030158 0.003798
v -0.016422 -0.033963 0.003994
v 0.016422 -0.033963 0.003994
v 0.015801 -0.030158 0.003798
v -0.015801 -0.030158 0.003798
v -0.014759 -0.022855 0.003148
v -0.012697 -0.009933 0.002000
v 0.012697 -0.009933 0.002000
v -0.013188 -0.012520 0.002230
v 0.013188 -0.012520 0.002230
v -0.014024 -0.017680 0.002689
v 0.014024 -0.017680 0.002689
v 0.014759 -0.022855 0.003148
v -0.010000 0.000000 0.002000
v 0.010000 0.000000 0.002000
v -0.011681 -0.005480 0.002000
v 0.011681 -0.005480 0.002000
v -0.012697 -0.009933 0.002000
v 0.012697 -0.009933 0.002000
v 0.013567 -0.065000 0.014625
v 0.014025 -0.065000 0.014167
v 0.014650 -0.065000 0.015250
v 0.014650 -0.065000 0.014000
v 0.015275 -0.065000 0.014167
v 0.014025 -0.065000 0.016332
v 0.013567 -0.065000 0.015875
v 0.013400 -0.065000 0.015250
v 0.015733 -0.065000 0.015875
v 0.015275 -0.065000 0.016332
v 0.014650 -0.065000 0.016500
v 0.015733 -0.065000 0.014625
v 0.015900 -0.065000 0.015250
v -0.008650 -0.013536 0.008250
v -0.008650 -0.064000 0.008250
v 0.008650 -0.013536 0.008250
v 0.008650 -0.064000 0.008250
v -0.009235 -0.063942 0.008308
v -0.009971 -0.016369 0.008557
v -0.009302 -0.014235 0.008322
v -0.009537 -0.014822 0.008384
v -0.009664 -0.015214 0.008427
v -0.008836 -0.013593 0.008256
v -0.008998 -0.013736 0.008270
v -0.009092 -0.013859 0.008283
v -0.008681 -0.013537 0.008250
v -0.008814 -0.013580 0.008254
v -0.010513 -0.019159 0.008898
v -0.010753 -0.020758 0.009110
v -0.010166 -0.063589 0.008661
v -0.009798 -0.063772 0.008478
v -0.010154 -0.017199 0.008654
v -0.010253 -0.017692 0.008714
v -0.010972 -0.022474 0.009351
v -0.011169 -0.024300 0.009620
v -0.010771 -0.063121 0.009129
v -0.011249 -0.025158 0.009751
v -0.011255 -0.062488 0.009762
v -0.011443 -0.027685 0.010154
v -0.011597 -0.030833 0.010690
v -0.011422 -0.062148 0.010102
v -0.011650 -0.033928 0.011250
v -0.011650 -0.061000 0.011250
v -0.011650 -0.043032 0.014296
v -0.011650 -0.037090 0.012259
v -0.011650 -0.049009 0.016521
v -0.011650 -0.055005 0.018926
v -0.011650 -0.061000 0.021507
v -0.011617 -0.061440 0.021835
v -0.011422 -0.062148 0.010102
v -0.011505 -0.061920 0.022196
v -0.011255 -0.062488 0.009762
v -0.011312 -0.062384 0.022549
v -0.010771 -0.063121 0.009129
v -0.011054 -0.062795 0.022864
v -0.010771 -0.063121 0.009129
v -0.010753 -0.063139 0.023130
v -0.010166 -0.063589 0.008661
v -0.010391 -0.063443 0.023366
v -0.009798 -0.063772 0.008478
v -0.009798 -0.063772 0.008478
v -0.009999 -0.063680 0.023551
v -0.009235 -0.063942 0.008308
v -0.009573 -0.063854 0.023688
v -0.008650 -0.064000 0.008250
v -0.009103 -0.063966 0.023776
v -0.008650 -0.064000 0.023803
v 0.010771 -0.063121 0.009129
v 0.010150 -0.063598 0.008652
v 0.010969 -0.062903 0.022947
v 0.008650 -0.064000 0.023803
v 0.009017 -0.063977 0.023785
v 0.008650 -0.064000 0.008250
v 0.009130 -0.063961 0.023773
v 0.010868 -0.063020 0.023037
v 0.009572 -0.063855 0.023689
v 0.009995 -0.063682 0.023553
v 0.009426 -0.063898 0.008352
v 0.010142 -0.063602 0.023491
v 0.010527 -0.063340 0.023286
v 0.011248 -0.062500 0.009750
v 0.011243 -0.062508 0.022644
v 0.011452 -0.062073 0.022312
v 0.011609 -0.061492 0.021874
v 0.011650 -0.061000 0.021507
v 0.011650 -0.061000 0.011250
v 0.011489 -0.061968 0.022233
v 0.011548 -0.061776 0.010473
v 0.011650 -0.040126 0.013277
v 0.011650 -0.033928 0.011250
v 0.011650 -0.046425 0.015538
v 0.011650 -0.059017 0.020633
v 0.011650 -0.052761 0.018006
v 0.011565 -0.029982 0.010541
v 0.011248 -0.062500 0.009750
v 0.011645 -0.033024 0.011083
v 0.011548 -0.061776 0.010473
v 0.011494 -0.028535 0.010295
v 0.011248 -0.062500 0.009750
v 0.011268 -0.025373 0.009784
v 0.010771 -0.063121 0.009129
v 0.010952 -0.022307 0.009327
v 0.010150 -0.063598 0.008652
v 0.010560 -0.019454 0.008936
v 0.010181 -0.017331 0.008670
v 0.009426 -0.063898 0.008352
v 0.009426 -0.063898 0.008352
v 0.009936 -0.016219 0.008539
v 0.009609 -0.015039 0.008407
v 0.009353 -0.014349 0.008334
v 0.009231 -0.014091 0.008307
v 0.009044 -0.013792 0.008276
v 0.008974 -0.013709 0.008267
v 0.008833 -0.013591 0.008256
v 0.008777 -0.013562 0.008253
v 0.006600 -0.064000 0.020289
v 0.007039 -0.064000 0.019850
v 0.007200 -0.064000 0.019250
v 0.004800 -0.064000 0.019250
v -0.006000 -0.064000 0.018050
v -0.005400 -0.064000 0.018211
v -0.005400 -0.064000 0.020289
v -0.006000 -0.064000 0.020450
v -0.006600 -0.064000 0.020289
v 0.006600 -0.064000 0.010211
v 0.007039 -0.064000 0.010650
v 0.007200 -0.064000 0.011250
v -0.006600 -0.064000 0.012289
v -0.007039 -0.064000 0.011850
v -0.007200 -0.064000 0.011250
v 0.007039 -0.064000 0.011850
v 0.006600 -0.064000 0.012289
v 0.007039 -0.064000 0.018650
v -0.007039 -0.064000 0.019850
v -0.007200 -0.064000 0.019250
v -0.007039 -0.064000 0.010650
v -0.006600 -0.064000 0.010211
v -0.006000 -0.064000 0.010050
v 0.005400 -0.064000 0.012289
v 0.004961 -0.064000 0.011850
v -0.005400 -0.064000 0.012289
v -0.004961 -0.064000 0.018650
v -0.004800 -0.064000 0.019250
v 0.004961 -0.064000 0.019850
v 0.005400 -0.064000 0.018211
v 0.006000 -0.064000 0.012450
v 0.006000 -0.064000 0.018050
v 0.006600 -0.064000 0.012289
v 0.006600 -0.064000 0.018211
v -0.007039 -0.064000 0.018650
v -0.006600 -0.064000 0.018211
v -0.006000 -0.064000 0.012450
v -0.005400 -0.064000 0.012289
v 0.004800 -0.064000 0.019250
v 0.004961 -0.064000 0.018650
v 0.006000 -0.064000 0.020450
v 0.005400 -0.064000 0.020289
v -0.004961 -0.064000 0.019850
v -0.005400 -0.064000 0.010211
v 0.004800 -0.064000 0.011250
v 0.004961 -0.064000 0.010650
v 0.005400 -0.064000 0.010211
v 0.006000 -0.064000 0.010050
v -0.004961 -0.064000 0.010650
v -0.004800 -0.064000 0.011250
v -0.004961 -0.064000 0.011850
v 0.014650 -0.065000 0.016500
v 0.014650 -0.070500 0.016500
v 0.014025 -0.065000 0.016332
v 0.014025 -0.070500 0.016332
v 0.014025 -0.065000 0.016332
v 0.014025 -0.070500 0.016332
v 0.013567 -0.065000 0.015875
v 0.013567 -0.070500 0.015875
v 0.013567 -0.065000 0.015875
v 0.013567 -0.070500 0.015875
v 0.013400 -0.065000 0.015250
v 0.013400 -0.070500 0.015250
v 0.013400 -0.065000 0.015250
v 0.013400 -0.070500 0.015250
v 0.013567 -0.065000 0.014625
v 0.013567 -0.070500 0.014625
v 0.013567 -0.065000 0.014625
v 0.013567 -0.070500 0.014625
v 0.014025 -0.065000 0.014167
v 0.014025 -0.070500 0.014167
v 0.014025 -0.065000 0.014167
v 0.014025 -0.070500 0.014167
v 0.014650 -0.065000 0.014000
v 0.014650 -0.070500 0.014000
v 0.014650 -0.065000 0.014000
v 0.014650 -0.070500 0.014000
v 0.015275 -0.065000 0.014167
v 0.015275 -0.070500 0.014167
v 0.015275 -0.065000 0.014167
v 0.015275 -0.070500 0.014167
v 0.015733 -0.065000 0.014625
v 0.015733 -0.070500 0.014625
v 0.015733 -0.065000 0.014625
v 0.015733 -0.070500 0.014625
v 0.015900 -0.065000 0.015250
v 0.015900 -0.070500 0.015250
v 0.015900 -0.065000 0.015250
v 0.015900 -0.070500 0.015250
v 0.015733 -0.065000 0.015875
v 0.015733 -0.070500 0.015875
v 0.015733 -0.065000 0.015875
v 0.015733 -0.070500 0.015875
v 0.015275 -0.065000 0.016332
v 0.015275 -0.070500 0.016332
v 0.015275 -0.065000 0.016332
v 0.015275 -0.070500 0.016332
v 0.014650 -0.065000 0.016500
v 0.014650 -0.070500 0.016500
v -0.008650 -0.013425 0.008247
v 0.008650 -0.013425 0.008247
v -0.008650 -0.013315 0.008238
v 0.008650 -0.013315 0.008238
v -0.008650 -0.013205 0.008222
v 0.008650 -0.013205 0.008222
v -0.013015 -0.024884 0.010747
v -0.013305 -0.027157 0.011353
v -0.012523 -0.027277 0.011219
v -0.008701 -0.013206 0.008223
v -0.008694 -0.013316 0.008238
v -0.010252 -0.016239 0.008664
v -0.009883 -0.015092 0.008487
v -0.009729 -0.014702 0.008430
v -0.009445 -0.014120 0.008345
v -0.009190 -0.013746 0.008292
v -0.009074 -0.013623 0.008274
v -0.008878 -0.013482 0.008255
v -0.008850 -0.013469 0.008253
v -0.008688 -0.013427 0.008247
v -0.008923 -0.013248 0.008230
v -0.008886 -0.013358 0.008245
v -0.008961 -0.013261 0.008232
v -0.008919 -0.013371 0.008247
v -0.009230 -0.013401 0.008256
v -0.009152 -0.013512 0.008270
v -0.009387 -0.013522 0.008276
v -0.009288 -0.013633 0.008289
v -0.009737 -0.013892 0.008340
v -0.009590 -0.014005 0.008351
v -0.010128 -0.014469 0.008442
v -0.009927 -0.014584 0.008449
v -0.010340 -0.014854 0.008512
v -0.010110 -0.014971 0.008516
v -0.010852 -0.015991 0.008725
v -0.010548 -0.016111 0.008721
v -0.011019 -0.016424 0.008809
v -0.010945 -0.017417 0.008968
v -0.011321 -0.017293 0.008983
v -0.011754 -0.018739 0.009286
v -0.011309 -0.018866 0.009258
v -0.012155 -0.020315 0.009634
v -0.011639 -0.020444 0.009591
v -0.012520 -0.022008 0.010029
v -0.011935 -0.022138 0.009967
v -0.012848 -0.023812 0.010473
v -0.012191 -0.023940 0.010388
v -0.010585 -0.017551 0.008877
v -0.010887 -0.019009 0.009126
v -0.011161 -0.020595 0.009412
v -0.011403 -0.022298 0.009734
v -0.011610 -0.024109 0.010092
v -0.013562 -0.030271 0.012236
v -0.012669 -0.030376 0.012047
v -0.011868 -0.027464 0.010797
v -0.011868 -0.027464 0.010797
v -0.011965 -0.030578 0.011492
v -0.011918 -0.033631 0.012205
v -0.012650 -0.033414 0.012904
v -0.012650 -0.033414 0.012904
v -0.013650 -0.033335 0.013160
v -0.013650 -0.034352 0.013479
v -0.012650 -0.036551 0.013905
v -0.012650 -0.036551 0.013905
v -0.011918 -0.036779 0.013209
v -0.013650 -0.036468 0.014160
v -0.013650 -0.042358 0.016179
v -0.012650 -0.042448 0.015926
v -0.013650 -0.044644 0.017010
v -0.012650 -0.048384 0.018136
v -0.013650 -0.060186 0.023333
v -0.012650 -0.060295 0.023089
v -0.013650 -0.055349 0.021238
v -0.012650 -0.054341 0.020526
v -0.013650 -0.054238 0.020773
v -0.013650 -0.048287 0.018386
v -0.011918 -0.036779 0.013209
v -0.012650 -0.042448 0.015926
v -0.011918 -0.042695 0.015237
v -0.012650 -0.048384 0.018136
v -0.011918 -0.048648 0.017454
v -0.012650 -0.054341 0.020526
v -0.011918 -0.054622 0.019850
v -0.012650 -0.060295 0.023089
v -0.011918 -0.060593 0.022420
v -0.011918 -0.042695 0.015237
v -0.011918 -0.048648 0.017454
v -0.011918 -0.054622 0.019850
v -0.011918 -0.060593 0.022420
v -0.013596 -0.060914 0.023659
v -0.012640 -0.060898 0.023380
v -0.011921 -0.061089 0.022717
v -0.012640 -0.060898 0.023380
v -0.013409 -0.061707 0.024018
v -0.012521 -0.061564 0.023703
v -0.013086 -0.062474 0.024367
v -0.012285 -0.062216 0.024021
v -0.012656 -0.063154 0.024680
v -0.011952 -0.062800 0.024307
v -0.012155 -0.063722 0.024943
v -0.011553 -0.063293 0.024550
v -0.011552 -0.064224 0.025177
v -0.011063 -0.063730 0.024767
v -0.010898 -0.064615 0.025361
v -0.010526 -0.064073 0.024937
v -0.010189 -0.064904 0.025497
v -0.009936 -0.064327 0.025064
v -0.009405 -0.065087 0.025584
v -0.009282 -0.064490 0.025145
v -0.008650 -0.065144 0.025611
v -0.008650 -0.064540 0.025170
v -0.011921 -0.061089 0.022717
v -0.012521 -0.061564 0.023703
v -0.011834 -0.061641 0.023046
v -0.012285 -0.062216 0.024021
v -0.011649 -0.062184 0.023370
v -0.011952 -0.062800 0.024307
v -0.011382 -0.062672 0.023661
v -0.011553 -0.063293 0.024550
v -0.011057 -0.063086 0.023908
v -0.011063 -0.063730 0.024767
v -0.010654 -0.063455 0.024128
v -0.010526 -0.064073 0.024937
v -0.010210 -0.063745 0.024301
v -0.009936 -0.064327 0.025064
v -0.009721 -0.063960 0.024430
v -0.009177 -0.064097 0.024512
v -0.009177 -0.064097 0.024512
v -0.008650 -0.064140 0.024538
v -0.011834 -0.061641 0.023046
v -0.011649 -0.062184 0.023370
v -0.011382 -0.062672 0.023661
v -0.011057 -0.063086 0.023908
v -0.010654 -0.063455 0.024128
v -0.010210 -0.063745 0.024301
v -0.009721 -0.063960 0.024430
v 0.008650 -0.065144 0.025611
v 0.008650 -0.064540 0.025170
v 0.008650 -0.064140 0.024538
v 0.009262 -0.065107 0.025593
v 0.009162 -0.064507 0.025153
v 0.009077 -0.064112 0.024521
v 0.009450 -0.065080 0.025580
v 0.009319 -0.064484 0.025142
v 0.010186 -0.064904 0.025497
v 0.009934 -0.064328 0.025064
v 0.010891 -0.064618 0.025363
v 0.010519 -0.064077 0.024939
v 0.011137 -0.064487 0.025301
v 0.010723 -0.063961 0.024881
v 0.011779 -0.064054 0.025098
v 0.011248 -0.063582 0.024693
v 0.012347 -0.063525 0.024851
v 0.011707 -0.063121 0.024466
v 0.012515 -0.063332 0.024762
v 0.011841 -0.062954 0.024383
v 0.012972 -0.062679 0.024461
v 0.012198 -0.062391 0.024107
v 0.013319 -0.061959 0.024132
v 0.012457 -0.061777 0.023807
v 0.013382 -0.061787 0.024054
v 0.012502 -0.061631 0.023736
v 0.013582 -0.060999 0.023698
v 0.012632 -0.060969 0.023414
v 0.013650 -0.060186 0.023333
v 0.012650 -0.060295 0.023089
v 0.009207 -0.064092 0.024509
v 0.009719 -0.063961 0.024430
v 0.010204 -0.063748 0.024303
v 0.010373 -0.063650 0.024245
v 0.011248 -0.063582 0.024693
v 0.010807 -0.063330 0.024054
v 0.011707 -0.063121 0.024466
v 0.011183 -0.062942 0.023822
v 0.011841 -0.062954 0.024383
v 0.011292 -0.062802 0.023738
v 0.012198 -0.062391 0.024107
v 0.011580 -0.062330 0.023457
v 0.012457 -0.061777 0.023807
v 0.011785 -0.061818 0.023152
v 0.012502 -0.061631 0.023736
v 0.011820 -0.061696 0.023080
v 0.012632 -0.060969 0.023414
v 0.011916 -0.061148 0.022752
v 0.012650 -0.060295 0.023089
v 0.011918 -0.060593 0.022420
v 0.011292 -0.062802 0.023738
v 0.011580 -0.062330 0.023457
v 0.011785 -0.061818 0.023152
v 0.011820 -0.061696 0.023080
v 0.011916 -0.061148 0.022752
v 0.011918 -0.060593 0.022420
v 0.013650 -0.058219 0.022467
v 0.012650 -0.058326 0.022221
v 0.011918 -0.058618 0.021550
v 0.012650 -0.058326 0.022221
v 0.013650 -0.055349 0.021238
v 0.012650 -0.052112 0.019612
v 0.013650 -0.052011 0.019860
v 0.013650 -0.045724 0.017411
v 0.012650 -0.045818 0.017160
v 0.013650 -0.044644 0.017010
v 0.012650 -0.039564 0.014915
v 0.013650 -0.039477 0.015169
v 0.012650 -0.033414 0.012904
v 0.013650 -0.034352 0.013479
v 0.013650 -0.033335 0.013160
v 0.011918 -0.058618 0.021550
v 0.012650 -0.052112 0.019612
v 0.011918 -0.052386 0.018933
v 0.012650 -0.045818 0.017160
v 0.011918 -0.046074 0.016474
v 0.012650 -0.039564 0.014915
v 0.011918 -0.039802 0.014223
v 0.012650 -0.033414 0.012904
v 0.011918 -0.033631 0.012205
v 0.011918 -0.052386 0.018933
v 0.011918 -0.046074 0.016474
v 0.011918 -0.039802 0.014223
v 0.011918 -0.033631 0.012205
v 0.013642 -0.032440 0.012884
v 0.012673 -0.032528 0.012650
v 0.011947 -0.032740 0.011994
v 0.012673 -0.032528 0.012650
v 0.013508 -0.029428 0.011991
v 0.012645 -0.029539 0.011818
v 0.013390 -0.027997 0.011585
v 0.012578 -0.028114 0.011438
v 0.013015 -0.024887 0.010747
v 0.012316 -0.024998 0.010644
v 0.013013 -0.024871 0.010743
v 0.012487 -0.021843 0.009990
v 0.011909 -0.021973 0.009930
v 0.011833 -0.019029 0.009348
v 0.011374 -0.019156 0.009318
v 0.011202 -0.016938 0.008911
v 0.010845 -0.017061 0.008899
v 0.011019 -0.016425 0.008809
v 0.010497 -0.015963 0.008694
v 0.010793 -0.015844 0.008697
v 0.010248 -0.014682 0.008480
v 0.010031 -0.014798 0.008486
v 0.009822 -0.014004 0.008359
v 0.009664 -0.014117 0.008370
v 0.009618 -0.013751 0.008315
v 0.009488 -0.013863 0.008327
v 0.009307 -0.013457 0.008265
v 0.009219 -0.013568 0.008279
v 0.009189 -0.013375 0.008251
v 0.009117 -0.013485 0.008265
v 0.008955 -0.013259 0.008232
v 0.008914 -0.013369 0.008246
v 0.008861 -0.013231 0.008227
v 0.008833 -0.013341 0.008242
v 0.011947 -0.032740 0.011994
v 0.012645 -0.029539 0.011818
v 0.011952 -0.029736 0.011301
v 0.012578 -0.028114 0.011438
v 0.011907 -0.028305 0.010981
v 0.012316 -0.024998 0.010644
v 0.011709 -0.025172 0.010310
v 0.011381 -0.022132 0.009702
v 0.011381 -0.022132 0.009702
v 0.010942 -0.019301 0.009178
v 0.010500 -0.017193 0.008818
v 0.010209 -0.016090 0.008641
v 0.009817 -0.014917 0.008461
v 0.009507 -0.014232 0.008361
v 0.009358 -0.013977 0.008324
v 0.009131 -0.013680 0.008282
v 0.009045 -0.013597 0.008271
v 0.008873 -0.013480 0.008255
v 0.008805 -0.013451 0.008251
v 0.011952 -0.029736 0.011301
v 0.011907 -0.028305 0.010981
v 0.011709 -0.025172 0.010310
v 0.018000 -0.066386 0.026203
v -0.018000 -0.066386 0.026203
v 0.018000 -0.067020 0.026425
v -0.018000 -0.067020 0.026425
v 0.018000 -0.067687 0.026500
v -0.018000 -0.067687 0.026500
v -0.018000 -0.068500 0.026000
v -0.018000 -0.068000 0.026500
v -0.020588 -0.068000 0.026159
v -0.020459 -0.068500 0.025676
v -0.023000 -0.068000 0.025160
v -0.022750 -0.068500 0.024727
v -0.025071 -0.068000 0.023571
v -0.024717 -0.068500 0.023217
v -0.026660 -0.068000 0.021500
v -0.026227 -0.068500 0.021250
v -0.027659 -0.068000 0.019088
v -0.027176 -0.068500 0.018959
v -0.028000 -0.068000 0.016500
v -0.027500 -0.068500 0.016500
v 0.006000 -0.064000 0.012450
v 0.006000 -0.070000 0.012450
v 0.005400 -0.064000 0.012289
v 0.005400 -0.070000 0.012289
v 0.005400 -0.064000 0.012289
v 0.005400 -0.070000 0.012289
v 0.004961 -0.064000 0.011850
v 0.004961 -0.070000 0.011850
v 0.004961 -0.064000 0.011850
v 0.004961 -0.070000 0.011850
v 0.004800 -0.064000 0.011250
v 0.004800 -0.070000 0.011250
v 0.004800 -0.064000 0.011250
v 0.004800 -0.070000 0.011250
v 0.004961 -0.064000 0.010650
v 0.004961 -0.070000 0.010650
v 0.004961 -0.064000 0.010650
v 0.004961 -0.070000 0.010650
v 0.005400 -0.064000 0.010211
v 0.005400 -0.070000 0.010211
v 0.005400 -0.064000 0.010211
v 0.005400 -0.070000 0.010211
v 0.006000 -0.064000 0.010050
v 0.006000 -0.070000 0.010050
v 0.006000 -0.064000 0.010050
v 0.006000 -0.070000 0.010050
v 0.006600 -0.064000 0.010211
v 0.006600 -0.070000 0.010211
v 0.006600 -0.064000 0.010211
v 0.006600 -0.070000 0.010211
v 0.007039 -0.064000 0.010650
v 0.007039 -0.070000 0.010650
v 0.007039 -0.064000 0.010650
v 0.007039 -0.070000 0.010650
v 0.007200 -0.064000 0.011250
v 0.007200 -0.070000 0.011250
v 0.007200 -0.064000 0.011250
v 0.007200 -0.070000 0.011250
v 0.007039 -0.064000 0.011850
v 0.007039 -0.070000 0.011850
v 0.007039 -0.064000 0.011850
v 0.007039 -0.070000 0.011850
v 0.006600 -0.064000 0.012289
v 0.006600 -0.070000 0.012289
v 0.006600 -0.064000 0.012289
v 0.006600 -0.070000 0.012289
v 0.006000 -0.064000 0.012450
v 0.006000 -0.070000 0.012450
v 0.006000 -0.064000 0.020450
v 0.006000 -0.070000 0.020450
v 0.005400 -0.064000 0.020289
v 0.005400 -0.070000 0.020289
v 0.005400 -0.064000 0.020289
v 0.005400 -0.070000 0.020289
v 0.004961 -0.064000 0.019850
v 0.004961 -0.070000 0.019850
v 0.004961 -0.064000 0.019850
v 0.004961 -0.070000 0.019850
v 0.004800 -0.064000 0.019250
v 0.004800 -0.070000 0.019250
v 0.004800 -0.064000 0.019250
v 0.004800 -0.070000 0.019250
v 0.004961 -0.064000 0.018650
v 0.004961 -0.070000 0.018650
v 0.004961 -0.064000 0.018650
v 0.004961 -0.070000 0.018650
v 0.005400 -0.064000 0.018211
v 0.005400 -0.070000 0.018211
v 0.005400 -0.064000 0.018211
v 0.005400 -0.070000 0.018211
v 0.006000 -0.064000 0.018050
v 0.006000 -0.070000 0.018050
v 0.006000 -0.064000 0.018050
v 0.006000 -0.070000 0.018050
v 0.006600 -0.064000 0.018211
v 0.006600 -0.070000 0.018211
v 0.006600 -0.064000 0.018211
v 0.006600 -0.070000 0.018211
v 0.007039 -0.064000 0.018650
v 0.007039 -0.070000 0.018650
v 0.007039 -0.064000 0.018650
v 0.007039 -0.070000 0.018650
v 0.007200 -0.064000 0.019250
v 0.007200 -0.070000 0.019250
v 0.007200 -0.064000 0.019250
v 0.007200 -0.070000 0.019250
v 0.007039 -0.064000 0.019850
v 0.007039 -0.070000 0.019850
v 0.007039 -0.064000 0.019850
v 0.007039 -0.070000 0.019850
v 0.006600 -0.064000 0.020289
v 0.006600 -0.070000 0.020289
v 0.006600 -0.064000 0.020289
v 0.006600 -0.070000 0.020289
v 0.006000 -0.064000 0.020450
v 0.006000 -0.070000 0.020450
v -0.006000 -0.064000 0.012450
v -0.006000 -0.070000 0.012450
v -0.006600 -0.064000 0.012289
v -0.006600 -0.070000 0.012289
v -0.006600 -0.064000 0.012289
v -0.006600 -0.070000 0.012289
v -0.007039 -0.064000 0.011850
v -0.007039 -0.070000 0.011850
v -0.007039 -0.064000 0.011850
v -0.007039 -0.070000 0.011850
v -0.007200 -0.064000 0.011250
v -0.007200 -0.070000 0.011250
v -0.007200 -0.064000 0.011250
v -0.007200 -0.070000 0.011250
v -0.007039 -0.064000 0.010650
v -0.007039 -0.070000 0.010650
v -0.007039 -0.064000 0.010650
v -0.007039 -0.070000 0.010650
v -0.006600 -0.064000 0.010211
v -0.006600 -0.070000 0.010211
v -0.006600 -0.064000 0.010211
v -0.006600 -0.070000 0.010211
v -0.006000 -0.064000 0.010050
v -0.006000 -0.070000 0.010050
v -0.006000 -0.064000 0.010050
v -0.006000 -0.070000 0.010050
v -0.005400 -0.064000 0.010211
v -0.005400 -0.070000 0.010211
v -0.005400 -0.064000 0.010211
v -0.005400 -0.070000 0.010211
v -0.004961 -0.064000 0.010650
v -0.004961 -0.070000 0.010650
v -0.004961 -0.064000 0.010650
v -0.004961 -0.070000 0.010650
v -0.004800 -0.064000 0.011250
v -0.004800 -0.070000 0.011250
v -0.004800 -0.064000 0.011250
v -0.004800 -0.070000 0.011250
v -0.004961 -0.064000 0.011850
v -0.004961 -0.070000 0.011850
v -0.004961 -0.064000 0.011850
v -0.004961 -0.070000 0.011850
v -0.005400 -0.064000 0.012289
v -0.005400 -0.070000 0.012289
v -0.005400 -0.064000 0.012289
v -0.005400 -0.070000 0.012289
v -0.006000 -0.064000 0.012450
v -0.006000 -0.070000 0.012450
v -0.006000 -0.064000 0.020450
v -0.006000 -0.070000 0.020450
v -0.006600 -0.064000 0.020289
v -0.006600 -0.070000 0.020289
v -0.006600 -0.064000 0.020289
v -0.006600 -0.070000 0.020289
v -0.007039 -0.064000 0.019850
v -0.007039 -0.070000 0.019850
v -0.007039 -0.064000 0.019850
v -0.007039 -0.070000 0.019850
v -0.007200 -0.064000 0.019250
v -0.007200 -0.070000 0.019250
v -0.007200 -0.064000 0.019250
v -0.007200 -0.070000 0.019250
v -0.007039 -0.064000 0.018650
v -0.007039 -0.070000 0.018650
v -0.007039 -0.064000 0.018650
v -0.007039 -0.070000 0.018650
v -0.006600 -0.064000 0.018211
v -0.006600 -0.070000 0.018211
v -0.006600 -0.064000 0.018211
v -0.006600 -0.070000 0.018211
v -0.006000 -0.064000 0.018050
v -0.006000 -0.070000 0.018050
v -0.006000 -0.064000 0.018050
v -0.006000 -0.070000 0.018050
v -0.005400 -0.064000 0.018211
v -0.005400 -0.070000 0.018211
v -0.005400 -0.064000 0.018211
v -0.005400 -0.070000 0.018211
v -0.004961 -0.064000 0.018650
v -0.004961 -0.070000 0.018650
v -0.004961 -0.064000 0.018650
v -0.004961 -0.070000 0.018650
v -0.004800 -0.064000 0.019250
v -0.004800 -0.070000 0.019250
v -0.004800 -0.064000 0.019250
v -0.004800 -0.070000 0.019250
v -0.004961 -0.064000 0.019850
v -0.004961 -0.070000 0.019850
v -0.004961 -0.064000 0.019850
v -0.004961 -0.070000 0.019850
v -0.005400 -0.064000 0.020289
v -0.005400 -0.070000 0.020289
v -0.005400 -0.064000 0.020289
v -0.005400 -0.070000 0.020289
v -0.006000 -0.064000 0.020450
v -0.006000 -0.070000 0.020450
v 0.014025 -0.070500 0.016332
v 0.013775 -0.071000 0.016766
v 0.013567 -0.070500 0.015875
v 0.013134 -0.071000 0.016125
v 0.013400 -0.070500 0.015250
v 0.012900 -0.071000 0.015250
v 0.013567 -0.070500 0.014625
v 0.013134 -0.071000 0.014375
v 0.014025 -0.070500 0.014167
v 0.013775 -0.071000 0.013734
v 0.014650 -0.070500 0.014000
v 0.014650 -0.071000 0.013500
v 0.015275 -0.070500 0.014167
v 0.015525 -0.071000 0.013734
v 0.015733 -0.070500 0.014625
v 0.016165 -0.071000 0.014375
v 0.015900 -0.070500 0.015250
v 0.016400 -0.071000 0.015250
v 0.015733 -0.070500 0.015875
v 0.016165 -0.071000 0.016125
v 0.015275 -0.070500 0.016332
v 0.015525 -0.071000 0.016766
v 0.014650 -0.070500 0.016500
v 0.014650 -0.071000 0.017000
v 0.007039 -0.070000 0.010650
v 0.008650 -0.070000 0.004000
v 0.007200 -0.070000 0.011250
v 0.008650 -0.070000 0.026500
v 0.007039 -0.070000 0.011850
v 0.005400 -0.070000 0.012289
v 0.006000 -0.070000 0.012450
v 0.006000 -0.070000 0.018050
v -0.007039 -0.070000 0.019850
v -0.008650 -0.070000 0.026500
v -0.007200 -0.070000 0.019250
v -0.008650 -0.070000 0.004000
v 0.006600 -0.070000 0.020289
v 0.007039 -0.070000 0.019850
v 0.007200 -0.070000 0.019250
v 0.007039 -0.070000 0.018650
v 0.006600 -0.070000 0.018211
v 0.006600 -0.070000 0.012289
v 0.006600 -0.070000 0.010211
v 0.008650 -0.070000 0.004000
v 0.006000 -0.070000 0.010050
v 0.005400 -0.070000 0.010211
v -0.006000 -0.070000 0.010050
v -0.006600 -0.070000 0.010211
v -0.008650 -0.070000 0.004000
v -0.007039 -0.070000 0.010650
v -0.007200 -0.070000 0.011250
v 0.005400 -0.070000 0.018211
v 0.004800 -0.070000 0.011250
v 0.004961 -0.070000 0.011850
v -0.004961 -0.070000 0.018650
v -0.005400 -0.070000 0.018211
v -0.005400 -0.070000 0.010211
v -0.004961 -0.070000 0.010650
v -0.004800 -0.070000 0.011250
v -0.007039 -0.070000 0.011850
v -0.006000 -0.070000 0.018050
v -0.006600 -0.070000 0.018211
v -0.007039 -0.070000 0.018650
v 0.004961 -0.070000 0.018650
v -0.005400 -0.070000 0.020289
v 0.004961 -0.070000 0.010650
v -0.004961 -0.070000 0.019850
v -0.004800 -0.070000 0.019250
v -0.006600 -0.070000 0.020289
v -0.006000 -0.070000 0.020450
v -0.006600 -0.070000 0.012289
v -0.006000 -0.070000 0.012450
v -0.005400 -0.070000 0.012289
v -0.004961 -0.070000 0.011850
v 0.004800 -0.070000 0.019250
v 0.004961 -0.070000 0.019850
v 0.005400 -0.070000 0.020289
v 0.006000 -0.070000 0.020450
v -0.010650 -0.068000 0.026500
v -0.010650 -0.068500 0.026000
v 0.008650 -0.070000 0.026500
v 0.008650 -0.070500 0.026500
v 0.018000 -0.070500 0.026500
v -0.009150 -0.071000 0.026500
v -0.008650 -0.070500 0.026500
v -0.008650 -0.070000 0.026500
v -0.010650 -0.068000 0.026500
v -0.018000 -0.068000 0.026500
v -0.010150 -0.071000 0.026500
v -0.010650 -0.070500 0.026500
v -0.008650 -0.070000 0.026500
v -0.008650 -0.070500 0.026500
v -0.008650 -0.070000 0.004000
v -0.008650 -0.070500 0.004000
v -0.009150 -0.071000 0.004000
v -0.009150 -0.071000 0.026500
v -0.010150 -0.071000 0.004000
v -0.010150 -0.071000 0.026500
v -0.008650 -0.070500 0.004000
v -0.008650 -0.070500 0.026500
v -0.009150 -0.071000 0.004000
v -0.009150 -0.071000 0.026500
v -0.027500 -0.068500 0.016500
v -0.027500 -0.068500 0.004500
v -0.010650 -0.068500 0.004500
v -0.010650 -0.068500 0.026000
v -0.018000 -0.068500 0.026000
v -0.020459 -0.068500 0.025676
v -0.022750 -0.068500 0.024727
v -0.024717 -0.068500 0.023217
v -0.026227 -0.068500 0.021250
v -0.027176 -0.068500 0.018959
v -0.010650 -0.070500 0.026500
v -0.010650 -0.068000 0.026500
v -0.010650 -0.068500 0.026000
v -0.010650 -0.070500 0.004000
v -0.010650 -0.068500 0.004500
v -0.010650 -0.068000 0.004000
v -0.028000 -0.068000 0.004000
v -0.027500 -0.068500 0.004500
v -0.010650 -0.068000 0.004000
v -0.010650 -0.068500 0.004500
v -0.028000 -0.068000 0.004000
v -0.027500 -0.068500 0.004500
v -0.010150 -0.071000 0.004000
v -0.010150 -0.071000 0.026500
v -0.010650 -0.070500 0.004000
v -0.010650 -0.070500 0.026500
v 0.009150 -0.071000 0.026000
v 0.018000 -0.071000 0.026000
v 0.008650 -0.070500 0.026500
v 0.018000 -0.070500 0.026500
v 0.027500 -0.071000 0.016500
v 0.028000 -0.070500 0.016500
v 0.027659 -0.070500 0.019088
v 0.027176 -0.071000 0.018959
v 0.026660 -0.070500 0.021500
v 0.026227 -0.071000 0.021250
v 0.025071 -0.070500 0.023571
v 0.024717 -0.071000 0.023217
v 0.023000 -0.070500 0.025160
v 0.022750 -0.071000 0.024727
v 0.020588 -0.070500 0.026159
v 0.020459 -0.071000 0.025676
v 0.008872 0.000000 0.007000
v -0.008811 0.000000 0.007000
v -0.009488 -0.001903 0.007031
v 0.011453 -0.009017 0.007607
v 0.011150 -0.007662 0.007448
v -0.011393 -0.009014 0.007607
v 0.010390 -0.004670 0.007175
v -0.010853 -0.006666 0.007345
v 0.010088 -0.003617 0.007107
v -0.009753 -0.002721 0.007062
v -0.010027 -0.003615 0.007107
v -0.012735 -0.016423 0.008809
v -0.012641 -0.015828 0.008694
v -0.011944 -0.011764 0.007991
v 0.011613 -0.009777 0.007705
v 0.011999 -0.011740 0.007987
v 0.012795 -0.016427 0.008810
v 0.012704 -0.015847 0.008697
v 0.013740 -0.022960 0.010261
v 0.013889 -0.024028 0.010527
v 0.014009 -0.024888 0.010748
v 0.014936 -0.031173 0.012502
v 0.015090 -0.032120 0.012787
v 0.015476 -0.034362 0.013482
v 0.015804 -0.036117 0.014045
v 0.016434 -0.039149 0.015057
v 0.016641 -0.040067 0.015372
v 0.017795 -0.044654 0.017013
v 0.018321 -0.046504 0.017704
v 0.018711 -0.047799 0.018198
v 0.020716 -0.053640 0.020526
v 0.021363 -0.055297 0.021216
v 0.022413 -0.063104 0.024657
v 0.023043 -0.061857 0.024085
v 0.023527 -0.060634 0.023534
v 0.023600 -0.060421 0.023438
v 0.021389 -0.055362 0.021243
v 0.020208 -0.065650 0.025851
v 0.020273 -0.065604 0.025829
v 0.020908 -0.065078 0.025579
v 0.021523 -0.064410 0.025264
v 0.021723 -0.064155 0.025145
v 0.019648 -0.065981 0.026009
v 0.019090 -0.066211 0.026119
v 0.018532 -0.066344 0.026183
v -0.020273 -0.065604 0.025829
v -0.020208 -0.065650 0.025851
v -0.019648 -0.065981 0.026009
v -0.018532 -0.066344 0.026183
v -0.019090 -0.066211 0.026119
v -0.020908 -0.065078 0.025579
v -0.021523 -0.064410 0.025264
v -0.022413 -0.063104 0.024657
v -0.021723 -0.064155 0.025145
v -0.022562 -0.058313 0.022508
v -0.023569 -0.060512 0.023479
v -0.023527 -0.060634 0.023534
v -0.023043 -0.061857 0.024085
v -0.017729 -0.044650 0.017012
v -0.019779 -0.051251 0.019554
v -0.021320 -0.055366 0.021245
v -0.015415 -0.034359 0.013481
v -0.015738 -0.036090 0.014036
v -0.015832 -0.036568 0.014193
v -0.016571 -0.040038 0.015362
v -0.017522 -0.043885 0.016731
v -0.015025 -0.032097 0.012780
v -0.014403 -0.028069 0.011605
v -0.014376 -0.027888 0.011555
v -0.013949 -0.024887 0.010748
v -0.013120 -0.018990 0.009340
v 0.028000 -0.067000 0.016500
v 0.028000 -0.070500 0.016500
v 0.028000 -0.067000 0.004000
v 0.028000 -0.070500 0.004000
v 0.020588 -0.070500 0.026159
v 0.019556 -0.067509 0.026378
v 0.018760 -0.067645 0.026471
v 0.022154 -0.066361 0.025596
v 0.021247 -0.066895 0.025958
v 0.023000 -0.070500 0.025160
v 0.021154 -0.066941 0.025990
v 0.020588 -0.070500 0.026159
v 0.020354 -0.067277 0.026219
v 0.025205 -0.063098 0.023435
v 0.024305 -0.064362 0.024262
v 0.025071 -0.070500 0.023571
v 0.023319 -0.065426 0.024968
v 0.023034 -0.065684 0.025141
v 0.025565 -0.062488 0.023040
v 0.025943 -0.063231 0.022575
v 0.026680 -0.064631 0.021466
v 0.026660 -0.070500 0.021500
v 0.027659 -0.070500 0.019088
v 0.027952 -0.066917 0.017475
v 0.027816 -0.066680 0.018408
v 0.027605 -0.066309 0.019283
v 0.027335 -0.065829 0.020084
v 0.024950 -0.062001 0.023533
v 0.024546 -0.061733 0.023699
v 0.024240 -0.062411 0.024018
v 0.025391 -0.062141 0.023203
v 0.025315 -0.062128 0.023271
v 0.024190 -0.061372 0.023725
v 0.023912 -0.060990 0.023650
v 0.024240 -0.062411 0.024018
v 0.023438 -0.063681 0.024670
v 0.022572 -0.064750 0.025225
v 0.022323 -0.065009 0.025360
v 0.021561 -0.065689 0.025717
v 0.020779 -0.066225 0.026001
v 0.020699 -0.066271 0.026025
v 0.020013 -0.066608 0.026205
v 0.019330 -0.066841 0.026330
v 0.018649 -0.066977 0.026402
v 0.023438 -0.063681 0.024670
v 0.015090 -0.032120 0.012787
v 0.016097 -0.032036 0.011646
v 0.014936 -0.031173 0.012502
v 0.025315 -0.062128 0.023271
v 0.025391 -0.062141 0.023203
v 0.024806 -0.060943 0.022654
v 0.023600 -0.060421 0.023438
v 0.023912 -0.060990 0.023650
v 0.024950 -0.062001 0.023533
v 0.024546 -0.061733 0.023699
v 0.024190 -0.061372 0.023725
v 0.021389 -0.055362 0.021243
v 0.022750 -0.056328 0.020611
v 0.021363 -0.055297 0.021216
v 0.022040 -0.054558 0.019856
v 0.020961 -0.051644 0.018649
v 0.020716 -0.053640 0.020526
v 0.018711 -0.047799 0.018198
v 0.020041 -0.048897 0.017550
v 0.019724 -0.047887 0.017155
v 0.017662 -0.040144 0.014298
v 0.016641 -0.040067 0.015372
v 0.018027 -0.041697 0.014847
v 0.017795 -0.044654 0.017013
v 0.018321 -0.046504 0.017704
v 0.016424 -0.033972 0.012246
v 0.015476 -0.034362 0.013482
v 0.016845 -0.036261 0.012983
v 0.015804 -0.036117 0.014045
v 0.016434 -0.039149 0.015057
v 0.014009 -0.024888 0.010748
v 0.014894 -0.023832 0.009362
v 0.013889 -0.024028 0.010527
v 0.014759 -0.022860 0.009121
v 0.013740 -0.022960 0.010261
v 0.012795 -0.016427 0.008810
v 0.013705 -0.015601 0.007545
v 0.012704 -0.015847 0.008697
v 0.013189 -0.012527 0.007010
v 0.011999 -0.011740 0.007987
v 0.011613 -0.009777 0.007705
v 0.012678 -0.009838 0.006615
v 0.011453 -0.009017 0.007607
v 0.010000 0.000000 0.005884
v 0.008872 0.000000 0.007000
v 0.011105 -0.003383 0.005992
v 0.010088 -0.003617 0.007107
v 0.011526 -0.004886 0.006091
v 0.010390 -0.004670 0.007175
v 0.011150 -0.007662 0.007448
v 0.012184 -0.007547 0.006337
v 0.011682 -0.005482 0.006139
v -0.008811 0.000000 0.007000
v -0.010000 0.000000 0.005941
v -0.009488 -0.001903 0.007031
v -0.010227 -0.000638 0.005948
v -0.009753 -0.002721 0.007062
v -0.011099 -0.003362 0.006049
v -0.011645 -0.005338 0.006185
v -0.010853 -0.006666 0.007345
v -0.010027 -0.003615 0.007107
v -0.011682 -0.005480 0.006197
v -0.010853 -0.006666 0.007345
v -0.012178 -0.007523 0.006394
v -0.011393 -0.009014 0.007607
v -0.011944 -0.011764 0.007991
v -0.012848 -0.010694 0.006791
v -0.013189 -0.012527 0.007069
v -0.012641 -0.015828 0.008694
v -0.013925 -0.017021 0.007880
v -0.012735 -0.016423 0.008809
v -0.013120 -0.018990 0.009340
v -0.014361 -0.020004 0.008513
v -0.013949 -0.024887 0.010748
v -0.014760 -0.022865 0.009183
v -0.015068 -0.025090 0.009745
v -0.014376 -0.027888 0.011555
v -0.015508 -0.028194 0.010584
v -0.014403 -0.028069 0.011605
v -0.016289 -0.033192 0.012064
v -0.016571 -0.040038 0.015362
v -0.015832 -0.036568 0.014193
v -0.016835 -0.036207 0.013028
v -0.015738 -0.036090 0.014036
v -0.016423 -0.033968 0.012307
v -0.015415 -0.034359 0.013481
v -0.015025 -0.032097 0.012780
v -0.017875 -0.041062 0.014686
v -0.018026 -0.041694 0.014911
v -0.017522 -0.043885 0.016731
v -0.018614 -0.044006 0.015751
v -0.017729 -0.044650 0.017012
v -0.019779 -0.051251 0.019554
v -0.019860 -0.048324 0.017393
v -0.020040 -0.048896 0.017617
v -0.023994 -0.061225 0.023724
v -0.023644 -0.060662 0.023543
v -0.024456 -0.061286 0.023355
v -0.024719 -0.061874 0.023646
v -0.024571 -0.061785 0.023701
v -0.024360 -0.061623 0.023747
v -0.022749 -0.056327 0.020681
v -0.025346 -0.062050 0.023235
v -0.025041 -0.062003 0.023470
v -0.020934 -0.051567 0.018687
v -0.022356 -0.055359 0.020267
v -0.021320 -0.055366 0.021245
v -0.022562 -0.058313 0.022508
v -0.023569 -0.060512 0.023479
v -0.025346 -0.062050 0.023235
v -0.025565 -0.062488 0.023040
v -0.025041 -0.062003 0.023470
v -0.025205 -0.063098 0.023435
v -0.024719 -0.061874 0.023646
v -0.023994 -0.061225 0.023724
v -0.023644 -0.060662 0.023543
v -0.024360 -0.061623 0.023747
v -0.024240 -0.062411 0.024018
v -0.024571 -0.061785 0.023701
v -0.024305 -0.064362 0.024262
v -0.023438 -0.063681 0.024670
v -0.023319 -0.065426 0.024968
v -0.022572 -0.064750 0.025225
v -0.023034 -0.065684 0.025141
v -0.022323 -0.065009 0.025360
v -0.022154 -0.066361 0.025596
v -0.021561 -0.065689 0.025717
v -0.021247 -0.066895 0.025958
v -0.020779 -0.066225 0.026001
v -0.021154 -0.066941 0.025990
v -0.020699 -0.066271 0.026025
v -0.020354 -0.067277 0.026219
v -0.020013 -0.066608 0.026205
v -0.019556 -0.067509 0.026378
v -0.019330 -0.066841 0.026330
v -0.018760 -0.067645 0.026471
v -0.018649 -0.066977 0.026402
v -0.020588 -0.068000 0.026159
v -0.025071 -0.068000 0.023571
v -0.028000 -0.067000 0.016500
v -0.028000 -0.068000 0.016500
v -0.027953 -0.066919 0.017467
v -0.027659 -0.068000 0.019088
v -0.027839 -0.066720 0.018287
v -0.027656 -0.066398 0.019102
v -0.027503 -0.066129 0.019612
v -0.026660 -0.068000 0.021500
v -0.027168 -0.065527 0.020493
v -0.025943 -0.063231 0.022575
v -0.026586 -0.064455 0.021627
v -0.023000 -0.068000 0.025160
v -0.028000 -0.068000 0.004000
v -0.028000 -0.067000 0.004000
v 0.010000 0.000000 0.005884
v 0.010000 0.000000 0.002000
v 0.008872 0.000000 0.007000
v -0.010000 0.000000 0.002000
v -0.008811 0.000000 0.007000
v -0.010000 0.000000 0.005941
v -0.011645 -0.005338 0.006185
v -0.011099 -0.003362 0.006049
v -0.011681 -0.005480 0.002000
v -0.010000 0.000000 0.002000
v -0.010227 -0.000638 0.005948
v -0.010000 0.000000 0.005941
v -0.013188 -0.012520 0.002230
v -0.012848 -0.010694 0.006791
v -0.012697 -0.009933 0.002000
v -0.012178 -0.007523 0.006394
v -0.011682 -0.005480 0.006197
v -0.014759 -0.022855 0.003148
v -0.014361 -0.020004 0.008513
v -0.014024 -0.017680 0.002689
v -0.013925 -0.017021 0.007880
v -0.013189 -0.012527 0.007069
v -0.015801 -0.030158 0.003798
v -0.015068 -0.025090 0.009745
v -0.014760 -0.022865 0.009183
v -0.018026 -0.041694 0.014911
v -0.017875 -0.041062 0.014686
v -0.018026 -0.041692 0.004000
v -0.016835 -0.036207 0.013028
v -0.016556 -0.034718 0.004000
v -0.016423 -0.033968 0.012307
v -0.016422 -0.033963 0.003994
v -0.016289 -0.033192 0.012064
v -0.015508 -0.028194 0.010584
v -0.018614 -0.044006 0.015751
v -0.020040 -0.048894 0.004000
v -0.019860 -0.048324 0.017393
v -0.022749 -0.056327 0.020681
v -0.022356 -0.055359 0.020267
v -0.022748 -0.056324 0.004000
v -0.020934 -0.051567 0.018687
v -0.020040 -0.048896 0.017617
v -0.025943 -0.063231 0.004000
v -0.028000 -0.067000 0.004000
v -0.028000 -0.067000 0.016500
v -0.027503 -0.066129 0.019612
v -0.027168 -0.065527 0.020493
v -0.026946 -0.065122 0.019537
v -0.026586 -0.064455 0.021627
v -0.025943 -0.063231 0.022575
v -0.027953 -0.066919 0.017467
v -0.027839 -0.066720 0.018287
v -0.027656 -0.066398 0.019102
v -0.025346 -0.062050 0.023235
v -0.025565 -0.062488 0.023040
v 0.012697 -0.009933 0.002000
v 0.012678 -0.009838 0.006615
v 0.013188 -0.012520 0.002230
v 0.013189 -0.012527 0.007010
v 0.014024 -0.017680 0.002689
v 0.013705 -0.015601 0.007545
v 0.014759 -0.022855 0.003148
v 0.016424 -0.033972 0.012246
v 0.016845 -0.036261 0.012983
v 0.018026 -0.041692 0.004000
v 0.014759 -0.022860 0.009121
v 0.014759 -0.022855 0.003148
v 0.014894 -0.023832 0.009362
v 0.015801 -0.030158 0.003798
v 0.016097 -0.032036 0.011646
v 0.016422 -0.033963 0.003994
v 0.016422 -0.033963 0.003994
v 0.016556 -0.034718 0.004000
v 0.017662 -0.040144 0.014298
v 0.018027 -0.041697 0.014847
v 0.020040 -0.048894 0.004000
v 0.019724 -0.047887 0.017155
v 0.020041 -0.048897 0.017550
v 0.022748 -0.056324 0.004000
v 0.020961 -0.051644 0.018649
v 0.022040 -0.054558 0.019856
v 0.022750 -0.056328 0.020611
v 0.025943 -0.063231 0.004000
v 0.024806 -0.060943 0.022654
v 0.025391 -0.062141 0.023203
v 0.025565 -0.062488 0.023040
v 0.027605 -0.066309 0.019283
v 0.027816 -0.066680 0.018408
v 0.026946 -0.065122 0.019537
v 0.027952 -0.066917 0.017475
v 0.028000 -0.067000 0.016500
v 0.025943 -0.063231 0.022575
v 0.026680 -0.064631 0.021466
v 0.027335 -0.065829 0.020084
v 0.028000 -0.067000 0.004000
v 0.010000 0.000000 0.002000
v 0.010000 0.000000 0.005884
v 0.011681 -0.005480 0.002000
v 0.011105 -0.003383 0.005992
v 0.011526 -0.004886 0.006091
v 0.011681 -0.005480 0.002000
v 0.011682 -0.005482 0.006139
v 0.012184 -0.007547 0.006337
v 0.026227 -0.071000 0.021250
v 0.016165 -0.071000 0.016125
v 0.027176 -0.071000 0.018959
v 0.016400 -0.071000 0.015250
v 0.027500 -0.071000 0.016500
v 0.027500 -0.071000 0.004000
v 0.016165 -0.071000 0.014375
v 0.015525 -0.071000 0.013734
v 0.009150 -0.071000 0.004000
v 0.014650 -0.071000 0.013500
v 0.009150 -0.071000 0.004000
v 0.013775 -0.071000 0.013734
v 0.013134 -0.071000 0.014375
v 0.012900 -0.071000 0.015250
v 0.009150 -0.071000 0.026000
v 0.013134 -0.071000 0.016125
v 0.013775 -0.071000 0.016766
v 0.018000 -0.071000 0.026000
v 0.014650 -0.071000 0.017000
v 0.020459 -0.071000 0.025676
v 0.015525 -0.071000 0.016766
v 0.022750 -0.071000 0.024727
v 0.024717 -0.071000 0.023217
v 0.028000 -0.070500 0.004000
v 0.027500 -0.071000 0.004000
v 0.008650 -0.070500 0.026500
v 0.008650 -0.070000 0.026500
v 0.008650 -0.070500 0.004000
v 0.008650 -0.070000 0.004000
v 0.009150 -0.071000 0.004000
v 0.009150 -0.071000 0.026000
v 0.008650 -0.070500 0.004000
v 0.008650 -0.070500 0.026500
v 0.012715 -0.010022 0.000000
v -0.012715 -0.010022 0.000000
v -0.011687 -0.005501 0.000000
v 0.011687 -0.005501 0.000000
v -0.010000 0.000000 0.000000
v 0.010000 0.000000 0.000000
vn 0.000000 -1.000000 0.000000
vn 0.000000 0.000000 -1.000000
vn -1.000000 0.000000 0.000000
vn 0.000000 0.000000 1.000000
vn -0.000001 0.000000 1.000000
vn 0.000001 0.000000 1.000000
vn 1.000000 0.000000 0.000000
vn 0.000000 1.000000 0.000000
vn 0.000000 1.000000 0.000008
vn 0.000000 1.000000 -0.000019
vn 0.000000 1.000000 0.000011
vn 0.000000 1.000000 0.000025
vn 0.000000 1.000000 -0.000003
vn 0.000000 1.000000 0.000003
vn 0.000000 1.000000 0.000003
vn 0.000000 1.000000 0.000001
vn 0.000000 1.000000 -0.000008
vn 0.000000 1.000000 0.000009
vn 0.000000 1.000000 -0.000007
vn 0.000000 1.000000 0.000002
vn 0.000000 1.000000 0.000004
vn 0.000000 1.000000 0.000002
vn 0.000000 1.000000 0.000002
vn 0.000000 1.000000 -0.000069
vn 0.000000 1.000000 -0.000002
vn 0.000000 1.000000 0.000022
vn 0.000000 1.000000 -0.000007
vn 0.000000 1.000000 -0.000001
vn 0.000000 1.000000 -0.000033
vn 0.000000 1.000000 0.000057
vn 0.000000 1.000000 -0.000015
vn 0.000000 1.000000 0.000008
vn 0.000000 1.000000 0.000019
vn 0.000000 1.000000 -0.000003
vn 0.000000 1.000000 0.000001
vn 0.000000 1.000000 -0.000008
vn 0.000000 1.000000 0.000016
vn 0.000000 1.000000 -0.000001
vn 0.000000 1.000000 -0.000006
vn 0.000000 1.000000 0.000001
vn 0.000000 1.000000 -0.000015
vn 0.000000 1.000000 -0.000001
vn 0.000000 1.000000 0.000006
vn 0.000000 1.000000 0.000013
vn 0.000000 1.000000 -0.000001
vn 0.000000 1.000000 -0.000008
vn -0.000001 1.000000 -0.000002
vn -0.257522 0.857167 -0.446036
vn -0.446035 0.857168 -0.257518
vn 0.000000 0.857165 -0.515042
vn -0.446038 0.857167 0.257518
vn -0.257522 0.857167 0.446035
vn -0.515038 0.857167 0.000000
vn 0.257520 0.857163 0.446044
vn 0.446038 0.857167 0.257517
vn 0.000000 0.857165 0.515043
vn 0.446034 0.857166 -0.257527
vn 0.257521 0.857163 -0.446044
vn 0.515038 0.857167 -0.000009
vn -0.329216 0.001138 -0.944254
vn -0.543520 0.002457 -0.839392
vn -0.249076 0.001694 -0.968483
vn -0.584541 0.000000 -0.811364
vn -0.748415 0.002086 -0.663228
vn -0.885708 0.003759 -0.464227
vn -0.903453 0.000000 -0.428687
vn -0.976989 0.002847 -0.213270
vn -0.999520 0.004776 0.030614
vn -0.998176 0.000000 0.060376
vn -0.956709 0.003416 0.291026
vn -0.855628 0.005503 0.517563
vn -0.845190 0.000000 0.534467
vn -0.692744 0.003794 0.721173
vn -0.491126 0.005936 0.871068
vn -0.482449 0.000000 0.875924
vn -0.252340 0.003987 0.967630
vn 0.000000 0.006054 0.999982
vn 0.252340 0.003986 0.967630
vn 0.491126 0.005937 0.871068
vn 0.482450 0.000000 0.875923
vn 0.692745 0.003794 0.721172
vn 0.855628 0.005503 0.517562
vn 0.845190 0.000000 0.534467
vn 0.956709 0.003415 0.291026
vn 0.999520 0.004776 0.030614
vn 0.998175 0.000000 0.060381
vn 0.976990 0.002847 -0.213267
vn 0.885709 0.003762 -0.464226
vn 0.903454 0.000000 -0.428686
vn 0.748417 0.002086 -0.663225
vn 0.543521 0.002456 -0.839392
vn 0.584539 0.000000 -0.811366
vn 0.329213 0.001136 -0.944255
vn 0.249076 0.001695 -0.968483
vn 0.239317 0.000000 -0.970942
vn -0.239318 0.000000 -0.970941
vn 0.570220 0.698459 -0.432440
vn 0.295115 0.703662 -0.646349
vn 0.437977 0.698873 -0.565467
vn 0.543988 0.705627 -0.454057
vn 0.657222 0.695845 -0.289584
vn 0.711166 0.694143 -0.111395
vn 0.694997 0.706211 -0.135076
vn 0.718141 0.693415 0.058722
vn 0.682139 0.690808 0.239732
vn 0.673453 0.706651 0.217040
vn 0.604916 0.691627 0.394624
vn 0.488812 0.688551 0.535687
vn 0.484902 0.706943 0.514881
vn 0.344457 0.690536 0.636010
vn 0.207687 0.693745 0.689626
vn 0.122008 0.669348 0.732863
vn -0.081722 0.682594 0.726214
vn 0.005960 0.651616 0.758526
vn -0.240053 0.675802 0.696898
vn -0.414438 0.687128 0.596738
vn -0.357187 0.661935 0.658983
vn -0.538954 0.681874 0.494547
vn -0.644478 0.691432 0.326450
vn -0.623974 0.671633 0.399456
vn -0.704254 0.687586 0.176782
vn -0.718280 0.695505 -0.018630
vn -0.731032 0.680692 0.047449
vn -0.698469 0.692968 -0.178709
vn -0.620093 0.699353 -0.355512
vn -0.655647 0.689166 -0.308510
vn -0.525528 0.698041 -0.486374
vn -0.375196 0.702994 -0.604175
vn -0.420305 0.697081 -0.580880
vn -0.229086 0.702805 -0.673487
vn -0.057984 0.705918 -0.705916
vn 0.057999 0.705915 -0.705918
vn 0.257554 0.704890 -0.660905
vn 0.000001 1.000000 0.000002
vn -0.257518 0.857163 -0.446045
vn -0.446036 0.857168 -0.257517
vn 0.000000 0.857164 -0.515043
vn -0.446037 0.857165 0.257526
vn -0.257517 0.857164 0.446044
vn -0.515038 0.857168 0.000010
vn 0.257519 0.857167 0.446037
vn 0.446038 0.857167 0.257518
vn 0.000000 0.857164 0.515044
vn 0.446036 0.857167 -0.257518
vn 0.257520 0.857167 -0.446037
vn 0.515038 0.857167 0.000000
vn -0.329191 0.001138 -0.944263
vn -0.543520 0.002457 -0.839393
vn -0.249076 0.001695 -0.968483
vn -0.584523 0.000000 -0.811377
vn -0.748410 0.002086 -0.663234
vn -0.885708 0.003760 -0.464227
vn -0.903448 0.000000 -0.428697
vn -0.976990 0.002847 -0.213267
vn -0.999520 0.004776 0.030615
vn -0.998175 0.000000 0.060380
vn -0.956724 0.003423 0.290977
vn -0.855627 0.005501 0.517563
vn -0.845191 0.000000 0.534464
vn -0.692778 0.003808 0.721141
vn -0.491121 0.005933 0.871071
vn -0.482457 0.000000 0.875920
vn -0.252342 0.003990 0.967630
vn 0.000000 0.006099 0.999981
vn 0.252343 0.003990 0.967630
vn 0.491121 0.005933 0.871071
vn 0.482456 0.000000 0.875920
vn 0.692746 0.003794 0.721172
vn 0.855627 0.005501 0.517563
vn 0.845191 0.000000 0.534464
vn 0.956724 0.003424 0.290978
vn 0.999520 0.004776 0.030614
vn 0.998176 0.000000 0.060375
vn 0.976989 0.002846 -0.213269
vn 0.885708 0.003759 -0.464228
vn 0.903448 0.000000 -0.428698
vn 0.748407 0.002086 -0.663237
vn 0.543519 0.002457 -0.839393
vn 0.584525 0.000000 -0.811376
vn 0.329194 0.001136 -0.944262
vn 0.249076 0.001695 -0.968483
vn 0.239314 0.000000 -0.970942
vn -0.239313 0.000000 -0.970943
vn 0.570223 0.698458 -0.432439
vn 0.295071 0.703663 -0.646368
vn 0.437983 0.698873 -0.565462
vn 0.543982 0.705627 -0.454064
vn 0.657218 0.695846 -0.289592
vn 0.711167 0.694142 -0.111394
vn 0.694997 0.706211 -0.135074
vn 0.718142 0.693415 0.058720
vn 0.682138 0.690808 0.239734
vn 0.673451 0.706651 0.217043
vn 0.604880 0.691647 0.394645
vn 0.488809 0.688548 0.535693
vn 0.484901 0.706943 0.514882
vn 0.344429 0.690563 0.635996
vn 0.207727 0.693742 0.689617
vn 0.122008 0.669349 0.732861
vn -0.081728 0.682598 0.726210
vn 0.005957 0.651619 0.758523
vn -0.240058 0.675799 0.696899
vn -0.414434 0.687131 0.596737
vn -0.357204 0.661949 0.658960
vn -0.538952 0.681875 0.494548
vn -0.644478 0.691435 0.326445
vn -0.623970 0.671621 0.399482
vn -0.704265 0.687581 0.176761
vn -0.718289 0.695497 -0.018588
vn -0.731041 0.680679 0.047491
vn -0.698470 0.692966 -0.178711
vn -0.620095 0.699352 -0.355511
vn -0.655670 0.689156 -0.308482
vn -0.525523 0.698039 -0.486382
vn -0.375196 0.702995 -0.604173
vn -0.420295 0.697082 -0.580886
vn -0.229080 0.702806 -0.673488
vn -0.057982 0.705921 -0.705913
vn 0.058000 0.705919 -0.705914
vn 0.257553 0.704892 -0.660903
vn 0.000001 1.000000 0.000002
vn -0.257521 0.857163 -0.446044
vn -0.446035 0.857168 -0.257517
vn -0.000000 0.857165 -0.515042
vn -0.446037 0.857165 0.257526
vn -0.257520 0.857163 0.446044
vn -0.515038 0.857167 0.000010
vn 0.257522 0.857167 0.446035
vn 0.446038 0.857167 0.257518
vn -0.000000 0.857165 0.515043
vn 0.446035 0.857168 -0.257518
vn 0.257522 0.857167 -0.446036
vn 0.515038 0.857167 0.000000
vn -0.329213 0.001138 -0.944255
vn -0.543521 0.002458 -0.839392
vn -0.249076 0.001694 -0.968483
vn -0.584539 0.000000 -0.811366
vn -0.748417 0.002086 -0.663225
vn -0.885709 0.003760 -0.464226
vn -0.903454 0.000000 -0.428686
vn -0.976990 0.002845 -0.213267
vn -0.999520 0.004776 0.030614
vn -0.998175 0.000000 0.060381
vn -0.956709 0.003416 0.291026
vn -0.855628 0.005503 0.517562
vn -0.692745 0.003794 0.721172
vn -0.491126 0.005937 0.871068
vn -0.482450 0.000000 0.875923
vn -0.252340 0.003986 0.967630
vn 0.000000 0.006054 0.999982
vn 0.252340 0.003987 0.967630
vn 0.491126 0.005936 0.871069
vn 0.482449 0.000000 0.875924
vn 0.692744 0.003794 0.721173
vn 0.855628 0.005501 0.517562
vn 0.956709 0.003415 0.291026
vn 0.999520 0.004776 0.030613
vn 0.998176 0.000000 0.060376
vn 0.976989 0.002846 -0.213270
vn 0.885708 0.003759 -0.464227
vn 0.903453 0.000000 -0.428687
vn 0.748415 0.002086 -0.663228
vn 0.543520 0.002459 -0.839392
vn 0.584541 0.000000 -0.811364
vn 0.329216 0.001136 -0.944254
vn 0.249076 0.001695 -0.968483
vn 0.239318 0.000000 -0.970941
vn -0.239317 0.000000 -0.970942
vn 0.570221 0.698459 -0.432438
vn 0.295115 0.703661 -0.646350
vn 0.437999 0.698871 -0.565451
vn 0.543987 0.705628 -0.454057
vn 0.657221 0.695846 -0.289584
vn 0.711166 0.694143 -0.111394
vn 0.694997 0.706211 -0.135074
vn 0.718142 0.693415 0.058720
vn 0.682139 0.690807 0.239734
vn 0.673481 0.706648 0.216963
vn 0.604911 0.691630 0.394627
vn 0.488810 0.688549 0.535691
vn 0.344427 0.690564 0.635996
vn 0.207727 0.693743 0.689616
vn 0.122009 0.669346 0.732864
vn -0.081723 0.682594 0.726214
vn 0.005960 0.651616 0.758526
vn -0.240052 0.675801 0.696898
vn -0.414437 0.687129 0.596738
vn -0.357187 0.661935 0.658983
vn -0.538953 0.681874 0.494547
vn -0.644478 0.691434 0.326444
vn -0.623968 0.671622 0.399484
vn -0.704261 0.687582 0.176767
vn -0.718285 0.695501 -0.018587
vn -0.731041 0.680679 0.047490
vn -0.698469 0.692967 -0.178711
vn -0.620093 0.699354 -0.355512
vn -0.655646 0.689165 -0.308512
vn -0.525527 0.698041 -0.486374
vn -0.375196 0.702995 -0.604173
vn -0.420316 0.697080 -0.580874
vn -0.229105 0.702805 -0.673481
vn -0.057984 0.705918 -0.705916
vn 0.057999 0.705916 -0.705917
vn 0.257578 0.704892 -0.660894
vn -0.000001 1.000000 -0.000002
vn -0.257520 0.857167 -0.446037
vn -0.446036 0.857167 -0.257518
vn 0.000000 0.857164 -0.515043
vn -0.446038 0.857167 0.257518
vn -0.257519 0.857167 0.446037
vn -0.515038 0.857167 0.000000
vn 0.257517 0.857164 0.446044
vn 0.446038 0.857167 0.257517
vn 0.000000 0.857164 0.515044
vn 0.446035 0.857166 -0.257527
vn 0.257518 0.857163 -0.446045
vn 0.515038 0.857168 -0.000010
vn -0.329194 0.001138 -0.944262
vn -0.543519 0.002457 -0.839393
vn -0.249076 0.001695 -0.968483
vn -0.584525 0.000000 -0.811376
vn -0.748407 0.002086 -0.663237
vn -0.885708 0.003760 -0.464228
vn -0.903448 0.000000 -0.428698
vn -0.976989 0.002847 -0.213269
vn -0.999520 0.004776 0.030614
vn -0.998176 0.000000 0.060375
vn -0.956724 0.003423 0.290977
vn -0.855627 0.005501 0.517563
vn -0.692746 0.003794 0.721172
vn -0.491121 0.005933 0.871071
vn -0.482456 0.000000 0.875920
vn -0.252343 0.003990 0.967630
vn 0.000000 0.006099 0.999981
vn 0.252342 0.003990 0.967630
vn 0.491121 0.005933 0.871071
vn 0.482457 0.000000 0.875920
vn 0.692778 0.003808 0.721141
vn 0.855627 0.005503 0.517563
vn 0.956724 0.003424 0.290978
vn 0.999520 0.004775 0.030615
vn 0.998175 0.000000 0.060380
vn 0.976990 0.002847 -0.213267
vn 0.885709 0.003759 -0.464227
vn 0.903448 0.000000 -0.428697
vn 0.748410 0.002087 -0.663234
vn 0.543520 0.002457 -0.839393
vn 0.584523 0.000000 -0.811377
vn 0.329191 0.001136 -0.944263
vn 0.249075 0.001695 -0.968483
vn 0.239313 0.000000 -0.970943
vn -0.239314 0.000000 -0.970942
vn 0.570222 0.698457 -0.432440
vn 0.295071 0.703665 -0.646366
vn 0.437960 0.698874 -0.565479
vn 0.543982 0.705626 -0.454065
vn 0.657219 0.695844 -0.289593
vn 0.711166 0.694143 -0.111394
vn 0.694997 0.706211 -0.135077
vn 0.718141 0.693416 0.058722
vn 0.682137 0.690809 0.239734
vn 0.673455 0.706651 0.217033
vn 0.604885 0.691644 0.394642
vn 0.488811 0.688550 0.535689
vn 0.484900 0.706943 0.514882
vn 0.344427 0.690566 0.635995
vn 0.207687 0.693744 0.689627
vn 0.122010 0.669348 0.732862
vn -0.081727 0.682597 0.726210
vn 0.005957 0.651619 0.758523
vn -0.240059 0.675799 0.696899
vn -0.414434 0.687131 0.596737
vn -0.357204 0.661949 0.658960
vn -0.538952 0.681875 0.494548
vn -0.644478 0.691432 0.326450
vn -0.623976 0.671632 0.399454
vn -0.704258 0.687584 0.176775
vn -0.718284 0.695502 -0.018587
vn -0.731030 0.680693 0.047450
vn -0.698469 0.692968 -0.178710
vn -0.620093 0.699355 -0.355510
vn -0.655643 0.689166 -0.308516
vn -0.525523 0.698040 -0.486381
vn -0.375195 0.702997 -0.604172
vn -0.420283 0.697084 -0.580893
vn -0.229104 0.702807 -0.673479
vn -0.057982 0.705921 -0.705913
vn 0.058000 0.705919 -0.705914
vn 0.257571 0.704893 -0.660895
vn 0.866026 0.000000 -0.499999
vn 0.942642 0.000000 -0.333807
vn 0.946913 -0.002085 -0.321484
vn 0.997556 -0.002740 -0.069824
vn 0.996214 -0.002770 0.086889
vn 0.974318 0.000017 0.225175
vn 0.951056 0.000000 0.309018
vn 0.951057 0.000000 0.309017
vn 0.743145 0.000000 0.669130
vn 0.406736 0.000000 0.913546
vn 0.406739 0.000000 0.913544
vn -0.406739 0.000000 0.913544
vn -0.406736 0.000000 0.913546
vn -0.743145 0.000000 0.669130
vn -0.951057 0.000000 0.309017
vn -0.951056 0.000000 0.309018
vn -0.994522 0.000000 -0.104529
vn -0.994522 0.000000 -0.104528
vn -0.866026 0.000000 -0.500000
vn -0.866027 0.000000 -0.499998
vn -0.587787 0.000000 -0.809016
vn -0.587782 0.000000 -0.809019
vn -0.207911 0.000000 -0.978148
vn 0.207911 0.000000 -0.978148
vn 0.587784 0.000000 -0.809018
vn 0.587785 0.000000 -0.809017
vn 0.866027 0.000000 -0.499998
vn 0.000000 -1.000000 0.000002
vn 0.000000 -1.000000 -0.000007
vn 0.000000 -1.000000 -0.000003
vn 0.000000 -1.000000 0.000004
vn 0.000000 -1.000000 0.000003
vn 0.000000 -1.000000 -0.000007
vn 0.000000 -1.000000 0.000001
vn 0.000000 -1.000000 -0.000003
vn 0.000000 -1.000000 -0.000001
vn 0.000000 -1.000000 0.000004
vn 0.000000 -1.000000 -0.000004
vn 0.000000 -1.000000 0.000013
vn 0.000000 -1.000000 -0.000010
vn 0.000000 0.000000 1.000000
vn 0.000000 0.003308 0.999995
vn 0.000000 0.001678 0.999999
vn 0.000000 0.001678 0.999999
vn 0.000000 0.000000 1.000000
vn 0.000000 0.000000 1.000000
vn 0.000000 0.000000 1.000000
vn 0.000000 0.000000 1.000000
vn 0.000000 0.049274 0.998785
vn 0.000001 0.062388 0.998052
vn -0.000000 0.034494 0.999405
vn 0.000000 0.019724 0.999806
vn 0.000000 0.003287 0.999995
vn 0.000000 0.001657 0.999999
vn 0.000000 0.088540 0.996073
vn 0.000002 0.062393 0.998052
vn 0.000000 0.088540 0.996073
vn 0.000000 0.088540 0.996073
vn 0.000000 0.088540 0.996073
vn 0.000000 0.088540 0.996073
vn 0.000000 0.088540 0.996073
vn 0.000000 0.088540 0.996073
vn 0.000000 0.088540 0.996073
vn -0.000000 0.059090 0.998253
vn 0.000000 0.029562 0.999563
vn -1.000000 0.000000 0.000000
vn 0.000000 -1.000000 0.000000
vn 0.000000 -0.068994 -0.997617
vn 0.000000 -0.068990 -0.997617
vn 0.000000 -0.088540 -0.996073
vn 0.000000 -0.088540 -0.996073
vn 0.000000 -0.088540 -0.996073
vn 0.000000 -0.088540 -0.996073
vn 0.000000 -0.088540 -0.996073
vn 0.000000 -0.088540 -0.996073
vn 0.000000 -0.088540 -0.996073
vn 0.000000 0.000000 -1.000000
vn 0.000000 -0.003452 -0.999994
vn 0.000000 -0.000863 -1.000000
vn 0.000000 0.000000 -1.000000
vn 0.000000 -0.000863 -1.000000
vn 0.000000 -0.000863 -1.000000
vn 0.000000 -0.000863 -1.000000
vn 0.000000 0.000000 -1.000000
vn 0.000000 0.000000 -1.000000
vn 0.000000 0.000000 -1.000000
vn 0.000000 0.000000 -1.000000
vn 0.000000 0.000000 -1.000000
vn 0.000000 -0.000863 -1.000000
vn -0.000000 -0.034690 -0.999398
vn 0.000000 -0.019991 -0.999800
vn 0.000000 -0.003488 -0.999994
vn 0.000000 -0.000852 -1.000000
vn 1.000000 0.000000 0.000000
vn -0.707106 -0.707108 0.000000
vn -0.707107 -0.707106 0.000000
vn 0.707107 -0.707106 0.000000
vn 0.707107 -0.707106 0.000000
vn 0.000000 1.000000 0.000000
vn 0.966194 0.257814 -0.000461
vn 0.980184 0.198090 -0.000202
vn 0.977716 0.209931 -0.000151
vn 0.984184 0.177151 0.000178
vn 0.985706 0.168475 0.000000
vn 0.988210 0.153107 0.000000
vn 0.989173 0.146754 0.000000
vn 0.990016 0.140957 -0.000000
vn 0.990008 0.141012 0.000080
vn 0.988920 0.148450 -0.000011
vn 0.987882 0.155204 -0.000011
vn 0.985996 0.166772 -0.000321
vn 0.985215 0.171322 0.000000
vn 0.982449 0.186531 -0.000000
vn 0.980423 0.196903 0.000000
vn 0.978285 0.207266 0.000000
vn 0.970872 0.239599 0.000000
vn 0.962380 0.271708 0.000000
vn 0.970862 0.239639 0.000000
vn 0.955063 0.296402 0.000000
vn 0.947103 0.320931 0.000000
vn 0.928470 0.371408 0.000000
vn 0.917707 0.397258 0.000000
vn 0.896855 0.442324 0.000000
vn 0.887125 0.461529 0.000000
vn 0.876949 0.480583 0.000000
vn 0.876949 0.480583 0.000000
vn 0.966246 0.257620 0.000000
vn 0.956060 0.293173 0.000000
vn 0.956060 0.293172 0.000000
vn -0.956060 0.293173 0.000000
vn -0.956060 0.293172 0.000000
vn -0.966199 0.257796 -0.000148
vn -0.869221 0.494423 0.000000
vn -0.873106 0.487509 -0.004563
vn -0.875432 0.483331 -0.003045
vn -0.876913 0.480563 -0.009120
vn -0.875422 0.483349 -0.003046
vn -0.893504 0.449055 0.000000
vn -0.897816 0.440371 0.000000
vn -0.906202 0.422845 0.000000
vn -0.897822 0.440359 0.000001
vn -0.923186 0.384354 0.000000
vn -0.928470 0.371408 0.000000
vn -0.947103 0.320931 0.000000
vn -0.955063 0.296402 0.000000
vn -0.962380 0.271708 0.000000
vn -0.970862 0.239639 0.000000
vn -0.970872 0.239599 0.000000
vn -0.978285 0.207266 0.000000
vn -0.980433 0.196855 0.000000
vn -0.982449 0.186533 -0.000000
vn -0.985183 0.171504 0.000000
vn -0.985987 0.166821 -0.000304
vn -0.987864 0.155325 -0.000005
vn -0.988949 0.148256 -0.000003
vn -0.990029 0.140867 0.000076
vn -0.990024 0.140895 0.000000
vn -0.989177 0.146727 0.000000
vn -0.988206 0.153133 -0.000000
vn -0.985732 0.168324 0.000000
vn -0.984181 0.177164 0.000172
vn -0.980214 0.197940 -0.000200
vn -0.977691 0.210050 -0.000159
vn -0.966183 0.257859 0.000000
vn -0.707109 -0.707105 0.000000
vn 0.707106 -0.707107 0.000000
vn 0.000000 -0.707100 -0.707113
vn 0.000000 -0.707108 -0.707106
vn 0.000000 -0.707105 -0.707108
vn 0.000000 0.000000 -1.000000
vn 0.000000 0.000000 -1.000000
vn 0.000000 0.000000 -1.000000
vn 0.000000 0.000000 -1.000000
vn 0.000000 0.000000 -1.000000
vn 0.000000 0.000000 -1.000000
vn 0.000000 -0.007326 -0.999973
vn 0.000000 -0.007326 -0.999973
vn 0.000001 -0.022091 -0.999756
vn 0.000000 -0.051631 -0.998666
vn 0.000000 -0.051631 -0.998666
vn 0.000000 -0.029441 -0.999567
vn 0.000000 -0.088540 -0.996073
vn 0.000000 -0.088540 -0.996073
vn 0.000000 -0.088540 -0.996073
vn 0.000000 -0.088540 -0.996073
vn 0.000000 -0.088540 -0.996073
vn 0.000000 -0.088540 -0.996073
vn 0.000000 -1.000000 0.000009
vn 0.000000 -1.000000 -0.000019
vn 0.000000 -1.000000 0.000012
vn 0.000000 -1.000000 -0.000012
vn 0.000000 -1.000000 0.000002
vn 0.000000 -1.000000 -0.000002
vn 0.002680 0.016533 0.999860
vn 0.128523 0.000622 0.991706
vn -0.006097 0.013854 0.999885
vn -0.142123 0.000660 0.989849
vn 0.194836 -0.002120 0.980834
vn 0.329981 0.006213 0.943967
vn 0.206313 0.013628 0.978391
vn 0.265584 0.014315 0.963982
vn 0.323643 0.016656 0.946033
vn 0.068301 0.015062 0.997551
vn 0.103131 0.013640 0.994574
vn 0.145969 0.014332 0.989185
vn 0.019097 0.015528 0.999697
vn 0.042244 0.015151 0.998992
vn 0.579995 0.018181 0.814417
vn 0.653922 0.020390 0.756287
vn 0.624577 0.000797 0.780963
vn 0.403300 -0.000082 0.915068
vn 0.448622 0.013650 0.893617
vn 0.506406 0.017777 0.862112
vn 0.721987 0.023051 0.691522
vn 0.749225 0.011792 0.662211
vn 0.759097 -0.000605 0.650978
vn 0.811851 0.016649 0.583628
vn 0.894822 -0.000332 0.446423
vn 0.876705 0.035863 0.479689
vn 0.947325 0.027208 0.319117
vn 0.980310 0.049701 0.191105
vn 0.983524 0.032080 0.177907
vn 0.999216 0.028000 0.027999
vn 0.987664 0.053353 0.147216
vn 0.987665 0.049715 0.148480
vn 0.987665 0.057077 0.145807
vn 0.987670 0.060695 0.144303
vn 0.984923 0.126147 0.118382
vn 0.960177 0.243364 0.137235
vn 0.967130 0.254252 0.004046
vn 0.910491 0.399034 0.108528
vn 0.876400 0.481583 -0.000863
vn 0.832754 0.543475 0.105617
vn 0.794012 0.607900 -0.001424
vn 0.749176 0.650800 0.123267
vn 0.744248 0.667901 0.001612
vn 0.641078 0.760947 0.099886
vn 0.568836 0.822451 0.000123
vn 0.516308 0.850759 0.098162
vn 0.444264 0.895894 -0.002077
vn 0.405962 0.913890 -0.000166
vn 0.385551 0.917596 0.096792
vn 0.257332 0.966323 -0.000840
vn 0.240685 0.965862 0.095816
vn 0.040389 0.999184 0.000098
vn 0.127048 0.985359 0.113696
vn 0.011630 0.999445 0.031225
vn -0.706761 0.707452 -0.001055
vn -0.604766 0.796400 0.002407
vn -0.743049 0.663793 0.085188
vn -0.011345 0.998695 0.049797
vn -0.101056 0.988503 0.112466
vn -0.086071 0.996289 0.001013
vn -0.182481 0.976706 0.112898
vn -0.687700 0.716582 0.116527
vn -0.298137 0.947671 0.114169
vn -0.361347 0.927611 0.094696
vn -0.331601 0.943419 -0.001386
vn -0.475649 0.874515 0.094773
vn -0.600051 0.791984 0.112695
vn -0.900064 0.435755 0.001478
vn -0.835872 0.536267 0.117201
vn -0.892796 0.433972 0.120766
vn -0.968855 0.230029 0.091687
vn -0.985837 0.102438 0.132785
vn -0.999514 0.026388 0.016614
vn -0.928502 0.348476 0.128250
vn -0.983720 0.174404 0.043338
vn -0.987670 0.050076 0.148328
vn -0.986196 0.037348 0.161313
vn -0.987669 0.054200 0.146872
vn -0.987666 0.061461 0.144011
vn -0.987669 0.058097 0.145380
vn -0.927496 0.035264 0.372165
vn -0.959084 0.000121 0.283122
vn -0.960823 0.029836 0.275553
vn -0.976014 -0.001298 0.217703
vn -0.881713 0.029311 0.470874
vn -0.898139 0.000762 0.439712
vn -0.796973 0.022371 0.603600
vn -0.747649 -0.000145 0.664094
vn -0.672437 0.019813 0.739889
vn -0.571356 0.000168 0.820702
vn -0.561918 0.021505 0.826913
vn -0.442556 0.016414 0.896591
vn -0.382643 -0.000106 0.923896
vn -0.302107 -0.000511 0.953274
vn -0.326045 0.014991 0.945236
vn -0.273453 0.018606 0.961705
vn -0.207332 0.017752 0.978110
vn -0.160381 0.016215 0.986922
vn -0.118115 0.017210 0.992851
vn -0.086071 0.015924 0.996162
vn -0.055708 0.017129 0.998300
vn -0.028960 0.015945 0.999453
vn 0.000000 1.000000 -0.000003
vn 0.000000 1.000000 0.000002
vn 0.000000 1.000000 -0.000001
vn 0.000000 1.000000 0.000165
vn 0.000000 1.000000 0.000001
vn 0.000000 1.000000 0.000000
vn 0.000000 1.000000 -0.000002
vn 0.000000 1.000000 0.000005
vn 0.000000 1.000000 -0.000002
vn 0.000000 1.000000 0.000000
vn 0.000000 1.000000 0.000002
vn 0.000000 1.000000 0.000000
vn 0.000000 1.000000 0.000000
vn 0.000000 1.000000 0.000000
vn 0.000000 1.000000 0.000002
vn 0.000000 1.000000 -0.000005
vn 0.000000 1.000000 0.000001
vn 0.000000 1.000000 -0.000001
vn 0.000000 1.000000 -0.000002
vn 0.000000 1.000000 0.000006
vn 0.000000 1.000000 -0.000001
vn 0.000000 1.000000 -0.000025
vn 0.000000 1.000000 0.000000
vn 0.000000 1.000000 -0.000002
vn 0.000000 1.000000 0.000001
vn 0.000000 1.000000 -0.000002
vn 0.000000 1.000000 -0.000001
vn 0.000000 1.000000 0.000001
vn 0.000000 1.000000 -0.000022
vn 0.000000 1.000000 0.000115
vn 0.000000 1.000000 -0.000017
vn 0.000000 1.000000 0.000014
vn 0.000000 1.000000 0.000003
vn 0.000000 1.000000 -0.000005
vn 0.000000 1.000000 0.000000
vn 0.000000 1.000000 -0.000000
vn 0.000000 1.000000 0.000003
vn 0.258816 0.000000 -0.965927
vn 0.258824 0.000000 -0.965925
vn 0.707103 0.000000 -0.707111
vn 0.707108 0.000000 -0.707106
vn 0.965926 0.000000 -0.258819
vn 0.965926 0.000000 -0.258817
vn 0.965926 0.000000 0.258819
vn 0.707105 0.000000 0.707109
vn 0.707108 0.000000 0.707106
vn 0.258819 0.000000 0.965926
vn 0.258820 0.000000 0.965926
vn -0.258820 0.000000 0.965926
vn -0.707106 0.000000 0.707107
vn -0.707105 0.000000 0.707109
vn -0.965926 0.000000 0.258817
vn -0.965927 0.000000 -0.258816
vn -0.965926 0.000000 -0.258817
vn -0.707106 0.000000 -0.707107
vn -0.707103 0.000000 -0.707111
vn -0.258824 0.000000 -0.965925
vn -0.258816 0.000000 -0.965927
vn 0.001723 0.055694 0.998446
vn -0.007388 0.054703 0.998475
vn 0.000853 0.110858 0.993836
vn -0.003996 0.110153 0.993907
vn 0.000302 0.141825 0.989892
vn -0.001809 0.141151 0.989986
vn 0.106105 0.236329 0.965862
vn 0.066383 0.257773 0.963923
vn 0.349917 0.207424 0.913528
vn 0.002213 0.141658 0.989913
vn 0.005485 0.110539 0.993857
vn 0.313928 0.057543 0.947701
vn 0.232364 0.062822 0.970598
vn 0.191828 0.058647 0.979675
vn 0.143887 0.057879 0.987900
vn 0.101848 0.057135 0.993158
vn 0.072716 0.054836 0.995844
vn 0.047570 0.055956 0.997300
vn 0.029623 0.054153 0.998093
vn 0.011940 0.055087 0.998410
vn 0.005847 0.142049 0.989842
vn 0.014285 0.110152 0.993812
vn 0.009381 0.143236 0.989644
vn 0.023087 0.111406 0.993507
vn 0.014148 0.143974 0.989480
vn 0.035351 0.111208 0.993168
vn 0.012292 0.146933 0.989070
vn 0.049714 0.113399 0.992305
vn 0.022348 0.152876 0.987993
vn 0.070308 0.115408 0.990827
vn 0.031243 0.156045 0.987256
vn 0.094652 0.117997 0.988493
vn 0.039692 0.160311 0.986268
vn 0.115067 0.123067 0.985705
vn 0.038133 0.167952 0.985057
vn 0.143457 0.129079 0.981203
vn 0.041096 0.177854 0.983198
vn 0.167117 0.141909 0.975671
vn 0.048508 0.185251 0.981493
vn 0.054316 0.192564 0.979780
vn 0.216912 0.146434 0.965146
vn 0.076847 0.201411 0.976488
vn 0.251854 0.156406 0.955043
vn 0.096702 0.211306 0.972625
vn 0.286882 0.167281 0.943248
vn 0.090884 0.223947 0.970355
vn 0.319173 0.181532 0.930148
vn 0.372812 0.068264 0.925392
vn 0.428235 0.075375 0.900518
vn 0.491831 0.081239 0.866892
vn 0.553858 0.087788 0.827971
vn 0.668725 0.079948 0.739199
vn 0.110479 0.269832 0.956548
vn 0.437455 0.226632 0.870213
vn 0.565760 0.157758 0.809338
vn 0.783190 0.097323 0.614119
vn 0.437516 0.226609 0.870188
vn 0.792663 0.128058 0.596060
vn 0.853028 0.139872 0.502771
vn 0.685612 0.199631 0.700060
vn 0.257133 0.282225 0.924247
vn 0.125238 0.287522 0.949550
vn 0.155544 0.299206 0.941426
vn 0.257573 0.304103 0.917157
vn 0.707088 0.219726 0.672121
vn 0.965923 0.080399 0.246027
vn 0.086671 0.311709 0.946217
vn 0.130281 0.326767 0.936082
vn 0.253060 0.327260 0.910418
vn 0.110271 0.343488 0.932661
vn 0.254503 0.349854 0.901571
vn 0.074153 0.403960 0.911766
vn 0.253190 0.400738 0.880513
vn 0.129378 0.387067 0.912930
vn 0.255084 0.371839 0.892563
vn 0.156810 0.373094 0.914446
vn 0.104660 0.359959 0.927079
vn 0.707089 0.224514 0.670537
vn 0.707082 0.235156 0.666885
vn 0.707083 0.240910 0.664828
vn 0.707085 0.252297 0.660588
vn 0.707085 0.257774 0.658470
vn 0.707084 0.268746 0.654070
vn 0.707084 0.274123 0.651835
vn 0.707045 0.292361 0.643905
vn 0.698728 0.323881 0.637872
vn 0.965922 0.086136 0.244080
vn 0.965922 0.092317 0.241811
vn 0.965922 0.098337 0.239425
vn 0.965904 0.111513 0.233655
vn 0.108079 0.421930 0.900164
vn 0.687667 0.369613 0.624901
vn 0.950832 0.215117 0.222808
vn 0.240511 0.443058 0.863629
vn 0.087569 0.438136 0.894633
vn 0.220493 0.475714 0.851515
vn 0.062801 0.447656 0.891998
vn 0.196591 0.504691 0.840618
vn 0.093475 0.474273 0.875401
vn 0.170836 0.528543 0.831539
vn 0.095402 0.496749 0.862635
vn 0.143776 0.547943 0.824067
vn 0.077748 0.507746 0.857991
vn 0.115335 0.563392 0.818100
vn 0.059558 0.516245 0.854368
vn 0.086180 0.575158 0.813491
vn 0.041002 0.522402 0.851713
vn 0.055982 0.583489 0.810189
vn 0.021918 0.526320 0.850004
vn 0.066470 0.726483 0.683962
vn 0.005118 0.538482 0.842621
vn 0.017483 0.771968 0.635421
vn 0.664830 0.419025 0.618401
vn 0.645556 0.465737 0.605266
vn 0.615009 0.511330 0.600255
vn 0.588199 0.555873 0.587390
vn 0.552995 0.594314 0.583941
vn 0.520914 0.633196 0.572461
vn 0.484086 0.663577 0.570373
vn 0.447708 0.696986 0.560150
vn 0.410011 0.720545 0.559201
vn 0.368469 0.749181 0.550416
vn 0.330582 0.766607 0.550481
vn 0.284477 0.790120 0.542940
vn 0.248065 0.801860 0.543585
vn 0.196812 0.819847 0.537696
vn 0.161482 0.827025 0.538473
vn 0.087575 0.839848 0.535711
vn 0.132130 0.951969 0.276219
vn 0.029853 0.951245 0.306989
vn 0.908643 0.358815 0.213588
vn 0.842294 0.498258 0.205621
vn 0.757305 0.621928 0.199236
vn 0.659207 0.726583 0.193711
vn 0.548225 0.814522 0.189746
vn 0.426817 0.884815 0.186895
vn 0.297044 0.936715 0.185282
vn -0.002563 0.496069 0.868279
vn -0.010445 0.685362 0.728128
vn -0.021747 0.904849 0.425177
vn -0.010843 0.527389 0.849555
vn -0.038274 0.728921 0.683527
vn -0.074377 0.927203 0.367099
vn -0.021184 0.525947 0.850253
vn -0.072755 0.724936 0.684964
vn -0.035015 0.523286 0.851437
vn -0.119975 0.716389 0.687308
vn -0.051387 0.518777 0.853364
vn -0.171568 0.702229 0.690969
vn -0.063497 0.513523 0.855723
vn -0.210822 0.686027 0.696363
vn -0.077820 0.506434 0.858760
vn -0.137322 0.554123 0.821030
vn -0.093718 0.497003 0.862673
vn -0.159021 0.540248 0.826344
vn -0.104478 0.487942 0.866601
vn -0.176963 0.525953 0.831900
vn -0.072691 0.458501 0.885716
vn -0.201113 0.504243 0.839817
vn -0.071173 0.446385 0.892006
vn -0.218579 0.483483 0.847625
vn -0.097340 0.441699 0.891867
vn -0.231174 0.463987 0.855146
vn -0.121082 0.430156 0.894598
vn -0.248982 0.433655 0.865997
vn -0.128752 0.412021 0.902032
vn -0.258808 0.401584 0.878493
vn -0.139177 0.919124 0.368567
vn -0.228910 0.900345 0.370108
vn -0.322020 0.870317 0.372629
vn -0.393740 0.837734 0.378380
vn -0.368508 0.745250 0.555703
vn -0.480251 0.789102 0.382986
vn -0.439931 0.699772 0.562832
vn -0.562771 0.729871 0.388043
vn -0.486712 0.658798 0.573669
vn -0.500879 0.653543 0.567452
vn -0.541725 0.604317 0.584239
vn -0.564847 0.589509 0.577432
vn -0.599250 0.535380 0.595203
vn -0.609839 0.529922 0.589304
vn -0.629250 0.482481 0.609308
vn -0.641432 0.475374 0.602150
vn -0.664850 0.411203 0.623607
vn -0.684286 0.389191 0.616671
vn -0.698958 0.328078 0.635470
vn -0.706848 0.312449 0.634619
vn -0.713646 0.668180 0.210343
vn -0.785791 0.579791 0.215348
vn -0.856463 0.468650 0.216420
vn -0.892565 0.389142 0.227807
vn -0.930504 0.281297 0.234595
vn -0.959646 0.161816 0.229991
vn -0.130818 0.397331 0.908303
vn -0.707091 0.281319 0.648754
vn -0.965924 0.102894 0.237496
vn -0.252239 0.381908 0.889113
vn -0.095523 0.386786 0.917209
vn -0.253880 0.361487 0.897147
vn -0.103920 0.369727 0.923311
vn -0.129862 0.353973 0.926196
vn -0.254902 0.338180 0.905903
vn -0.128577 0.339775 0.931677
vn -0.254910 0.317248 0.913441
vn -0.094710 0.322050 0.941973
vn -0.254190 0.289713 0.922743
vn -0.100045 0.304436 0.947264
vn -0.131274 0.293686 0.946845
vn -0.707092 0.277566 0.650368
vn -0.707085 0.268129 0.654323
vn -0.707085 0.262423 0.656631
vn -0.707081 0.250691 0.661204
vn -0.707081 0.244883 0.663377
vn -0.707079 0.232470 0.667830
vn -0.707079 0.226200 0.669980
vn -0.707086 0.217252 0.672928
vn -0.700769 0.206881 0.682732
vn -0.965921 0.098202 0.239483
vn -0.965922 0.091774 0.242019
vn -0.965921 0.085129 0.244438
vn -0.965903 0.083330 0.245129
vn -0.127926 0.284906 0.949981
vn -0.694259 0.196448 0.692397
vn -0.957728 0.069702 0.279103
vn -0.240576 0.266057 0.933454
vn -0.116084 0.271846 0.955314
vn -0.216572 0.250575 0.943562
vn -0.140185 0.250883 0.957813
vn -0.197103 0.234414 0.951946
vn -0.102403 0.243666 0.964438
vn -0.169345 0.217241 0.961316
vn -0.069493 0.235602 0.969362
vn -0.078331 0.219111 0.972551
vn -0.298564 0.163616 0.940260
vn -0.070271 0.197570 0.977767
vn -0.239597 0.146266 0.959791
vn -0.059240 0.181268 0.981648
vn -0.188595 0.134488 0.972803
vn -0.048119 0.174180 0.983537
vn -0.140612 0.129979 0.981496
vn -0.029256 0.175307 0.984079
vn -0.032347 0.161827 0.986289
vn -0.115088 0.118404 0.986273
vn -0.028767 0.153971 0.987657
vn -0.084599 0.114833 0.989776
vn -0.021685 0.151066 0.988286
vn -0.065210 0.111984 0.991568
vn -0.012507 0.147337 0.989007
vn -0.047921 0.111464 0.992612
vn -0.013508 0.144980 0.989343
vn -0.034851 0.110251 0.993293
vn -0.004120 0.141678 0.989904
vn -0.023087 0.110443 0.993614
vn -0.005416 0.141926 0.989862
vn -0.012596 0.110115 0.993839
vn -0.665876 0.184947 0.722775
vn -0.643368 0.180504 0.743973
vn -0.608947 0.170546 0.774660
vn -0.597242 0.162574 0.785412
vn -0.560478 0.154114 0.813703
vn -0.534051 0.145431 0.832851
vn -0.481170 0.138642 0.865595
vn -0.424969 0.124064 0.896666
vn -0.624387 0.061118 0.778720
vn -0.456175 0.073070 0.886885
vn -0.362876 0.066839 0.929437
vn -0.293583 0.060950 0.953989
vn -0.223418 0.058013 0.972995
vn -0.165523 0.056904 0.984563
vn -0.128163 0.054499 0.990255
vn -0.094086 0.055434 0.994020
vn -0.068851 0.053902 0.996170
vn -0.045270 0.054983 0.997461
vn -0.024502 0.054280 0.998225
vn -0.918330 0.064561 0.390514
vn -0.874877 0.055189 0.481190
vn -0.805828 0.047685 0.590227
vn 0.000686 0.406111 0.913824
vn -0.000296 0.403574 0.914947
vn 0.011832 0.221521 0.975084
vn -0.008165 0.222107 0.974988
vn 0.009982 0.048033 0.998796
vn -0.016355 0.055216 0.998341
vn -0.046544 -0.706348 0.706333
vn -0.046308 -0.706353 0.706344
vn -0.152983 -0.706771 0.690704
vn -0.212889 -0.706770 0.674651
vn -0.326534 -0.706772 0.627574
vn -0.380246 -0.706770 0.596565
vn -0.477838 -0.706772 0.521675
vn -0.521694 -0.706769 0.477820
vn -0.596577 -0.706771 0.380224
vn -0.627587 -0.706771 0.326513
vn -0.674658 -0.706771 0.212865
vn -0.690709 -0.706771 0.152958
vn -0.706340 -0.706350 0.046407
vn -0.706340 -0.706351 0.046401
vn 0.258816 0.000000 -0.965927
vn 0.258819 0.000000 -0.965926
vn 0.707107 0.000000 -0.707107
vn 0.707107 0.000000 -0.707106
vn 0.965926 0.000000 -0.258819
vn 0.965926 0.000000 -0.258818
vn 0.965926 0.000000 0.258819
vn 0.965926 0.000000 0.258819
vn 0.707107 0.000000 0.707107
vn 0.707107 0.000000 0.707106
vn 0.258819 0.000000 0.965926
vn 0.258817 0.000000 0.965926
vn -0.258817 0.000000 0.965926
vn -0.258820 0.000000 0.965926
vn -0.707107 0.000000 0.707106
vn -0.707108 0.000000 0.707106
vn -0.965926 0.000000 0.258820
vn -0.965926 0.000000 0.258820
vn -0.965926 0.000000 -0.258819
vn -0.965926 0.000000 -0.258820
vn -0.707107 0.000000 -0.707106
vn -0.707108 0.000000 -0.707106
vn -0.258819 0.000000 -0.965926
vn -0.258816 0.000000 -0.965927
vn 0.707103 0.000000 -0.707111
vn 0.965926 0.000000 -0.258818
vn 0.965926 0.000000 0.258820
vn 0.707111 0.000000 0.707102
vn 0.258816 0.000000 0.965927
vn -0.258819 0.000000 0.965926
vn -0.258816 0.000000 0.965927
vn -0.707111 0.000000 0.707102
vn -0.965925 0.000000 0.258821
vn -0.965926 0.000000 -0.258819
vn -0.707104 0.000000 -0.707110
vn -0.258820 0.000000 -0.965926
vn 0.258820 0.000000 -0.965926
vn 0.707108 0.000000 -0.707106
vn 0.965926 0.000000 -0.258820
vn 0.965926 0.000000 -0.258819
vn 0.965926 0.000000 0.258820
vn 0.965926 0.000000 0.258820
vn 0.707108 0.000000 0.707106
vn 0.258818 0.000000 0.965926
vn -0.707107 0.000000 0.707107
vn -0.965926 0.000000 0.258819
vn -0.965926 0.000000 0.258819
vn -0.965926 0.000000 -0.258818
vn -0.965926 0.000000 -0.258819
vn -0.707107 0.000000 -0.707107
vn -0.258816 0.000000 -0.965927
vn 0.707103 0.000000 -0.707110
vn 0.965926 0.000000 -0.258819
vn 0.965925 0.000000 0.258821
vn 0.707112 0.000000 0.707102
vn 0.258820 0.000000 0.965926
vn -0.258816 0.000000 0.965927
vn -0.707111 0.000000 0.707103
vn -0.965926 0.000000 0.258820
vn -0.965926 0.000000 -0.258818
vn -0.707103 0.000000 -0.707110
vn 0.298276 -0.705703 -0.642662
vn 0.407402 -0.705702 -0.579662
vn 0.579646 -0.705702 -0.407425
vn 0.642671 -0.705700 -0.298264
vn 0.705700 -0.705703 -0.063012
vn 0.705700 -0.705701 0.063034
vn 0.642662 -0.705702 0.298280
vn 0.579638 -0.705701 0.407439
vn 0.407425 -0.705701 0.579648
vn 0.298299 -0.705702 0.642653
vn 0.063018 -0.705700 0.705702
vn -0.063036 -0.705704 0.705697
vn -0.298274 -0.705704 0.642663
vn -0.407439 -0.705700 0.579639
vn -0.579647 -0.705702 0.407425
vn -0.642668 -0.705703 0.298263
vn -0.705702 -0.705701 0.063021
vn -0.705701 -0.705700 -0.063033
vn -0.642663 -0.705701 -0.298280
vn -0.579659 -0.705702 -0.407407
vn -0.407423 -0.705701 -0.579648
vn -0.298299 -0.705703 -0.642651
vn -0.063018 -0.705702 -0.705700
vn 0.063035 -0.705702 -0.705700
vn 0.000000 -1.000000 -0.000007
vn 0.000000 -1.000000 0.000004
vn 0.000000 -1.000000 0.000007
vn 0.000000 -1.000000 -0.000004
vn 0.000000 -1.000000 0.000004
vn 0.000000 -1.000000 -0.000001
vn 0.000000 -1.000000 -0.000004
vn 0.000000 -1.000000 0.000002
vn 0.000000 -1.000000 0.000002
vn 0.000000 -1.000000 -0.000004
vn 0.000000 -1.000000 0.000003
vn 0.000000 -1.000000 -0.000003
vn 0.000000 -1.000000 0.000013
vn 0.000000 -1.000000 -0.000000
vn 0.000000 -1.000000 0.000001
vn 0.000000 -1.000000 -0.000002
vn 0.000000 -1.000000 0.000138
vn 0.000000 -1.000000 0.000004
vn 0.000000 -1.000000 -0.000002
vn 0.000000 -1.000000 -0.000003
vn 0.000000 -1.000000 0.000011
vn 0.000000 -1.000000 -0.000008
vn 0.000000 -1.000000 0.000000
vn 0.000000 -0.707107 0.707106
vn 0.000000 -0.707106 0.707107
vn 0.000000 0.000000 1.000000
vn 0.057703 -0.009896 0.998285
vn -0.055663 -0.065242 0.996316
vn 0.000001 0.000000 1.000000
vn 0.707107 -0.707107 0.000000
vn 0.707107 -0.707107 0.000000
vn 0.000000 -1.000000 0.000001
vn 0.000000 -1.000000 -0.000004
vn 0.000000 -1.000000 0.000002
vn -0.707103 -0.707111 0.000000
vn 0.000000 -0.707115 -0.707099
vn 0.000000 -0.707107 -0.707106
vn -0.707109 -0.707105 0.000000
vn -0.707108 -0.707106 0.000000
vn 0.000000 -0.707101 0.707112
vn 0.030924 -0.706767 0.706770
vn 0.000000 -0.707102 0.707111
vn 0.061863 -0.705748 0.705757
vn 0.705753 -0.705753 0.061855
vn 0.706768 -0.706769 0.030940
vn 0.690708 -0.706766 0.152985
vn 0.674655 -0.706766 0.212893
vn 0.627577 -0.706765 0.326542
vn 0.596565 -0.706766 0.380252
vn 0.521681 -0.706767 0.477839
vn 0.477825 -0.706766 0.521695
vn 0.380229 -0.706765 0.596581
vn 0.326515 -0.706766 0.627591
vn 0.212866 -0.706766 0.674663
vn 0.152958 -0.706765 0.690715
vn -0.000682 0.022650 0.999743
vn 0.000000 0.016080 0.999871
vn -0.000634 0.027808 0.999613
vn 0.002450 0.139313 0.990245
vn 0.000769 0.103932 0.994584
vn 0.001591 0.135053 0.990837
vn -0.000069 0.079160 0.996862
vn -0.000934 0.094505 0.995524
vn -0.000429 0.043962 0.999033
vn -0.000211 0.051232 0.998687
vn -0.000011 0.064246 0.997934
vn 0.001627 0.198053 0.980190
vn -0.000490 0.183924 0.982940
vn 0.004505 0.165858 0.986139
vn 0.004502 0.146642 0.989179
vn -0.002778 0.163257 0.986580
vn -0.006363 0.198397 0.980101
vn -0.002281 0.180904 0.983498
vn -0.012273 0.225007 0.974280
vn 0.004416 0.244325 0.969684
vn -0.000001 0.256083 0.966655
vn -0.013028 0.271211 0.962432
vn 0.003979 0.290053 0.957002
vn -0.000991 0.298676 0.954354
vn 0.002669 0.311812 0.950140
vn 0.000366 0.321113 0.947041
vn 0.001185 0.331249 0.943543
vn 0.000847 0.340958 0.940078
vn 0.000055 0.351680 0.936120
vn 0.000778 0.363213 0.931706
vn -0.000476 0.378541 0.925584
vn 0.000013 0.386259 0.922390
vn 0.093585 0.376161 0.921816
vn 0.111642 0.346079 0.931539
vn 0.030828 0.398816 0.916513
vn 0.018782 0.396452 0.917863
vn 0.000010 0.393045 0.919519
vn 0.051563 0.369448 0.927820
vn 0.059261 0.370286 0.927026
vn 0.073010 0.369491 0.926361
vn 0.070204 0.377213 0.923462
vn 0.094925 0.369972 0.924181
vn 0.034556 0.377377 0.925415
vn 0.028742 0.369166 0.928919
vn 0.015414 0.368748 0.929402
vn -0.054588 0.371722 0.926738
vn -0.047958 0.370510 0.927589
vn -0.036352 0.370727 0.928030
vn -0.008167 0.377887 0.925816
vn -0.023502 0.369962 0.928750
vn -0.053629 0.378946 0.923863
vn -0.079058 0.370526 0.925451
vn -0.084309 0.377466 0.922177
vn -0.087912 0.371235 0.924368
vn -0.001028 0.399229 0.916851
vn -0.006292 0.405212 0.914201
vn -0.007737 0.407301 0.913261
vn -0.099638 0.364949 0.925681
vn 0.001558 0.352052 0.935979
vn 0.001490 0.374149 0.927368
vn -0.000734 0.390751 0.920496
vn 0.000323 0.301947 0.953325
vn -0.000453 0.308099 0.951354
vn -0.003359 0.318702 0.947849
vn -0.000993 0.332823 0.942989
vn -0.000987 0.340242 0.940338
vn 0.002483 0.287734 0.957707
vn 0.000577 0.273618 0.961838
vn 0.001575 0.264073 0.964502
vn 0.005955 0.248551 0.968600
vn 0.015113 0.220812 0.975199
vn 0.997926 -0.019181 0.061456
vn 0.999049 0.000000 0.043595
vn 0.201041 -0.009772 0.979534
vn 0.131551 0.048652 0.990115
vn 0.062623 0.063138 0.996038
vn 0.357954 0.072329 0.930934
vn 0.303251 0.062510 0.950858
vn 0.450603 -0.014693 0.892603
vn 0.282692 0.048858 0.957966
vn 0.382630 -0.016788 0.923749
vn 0.200303 0.070639 0.977184
vn 0.648914 0.046952 0.759412
vn 0.547858 0.079622 0.832774
vn 0.714183 -0.007458 0.699919
vn 0.500865 0.063476 0.863195
vn 0.424740 0.075592 0.902154
vn 0.736431 0.002987 0.676507
vn 0.779581 -0.015265 0.626116
vn 0.842618 -0.006689 0.538470
vn 0.896723 -0.009930 0.442480
vn 0.981451 -0.015273 0.191104
vn 0.994252 -0.035929 0.100854
vn 0.981540 -0.006313 0.191151
vn 0.947832 -0.012731 0.318516
vn 0.923392 -0.017278 0.383468
vn 0.541100 0.102732 0.834660
vn 0.310047 0.231880 0.922010
vn 0.453679 0.166128 0.875544
vn 0.692286 0.039589 0.720536
vn 0.633529 0.058368 0.771514
vn 0.200613 0.233041 0.951550
vn 0.106602 0.358541 0.927407
vn 0.194179 0.337213 0.921185
vn 0.171957 0.341353 0.924072
vn 0.300143 0.229925 0.925769
vn 0.267376 0.225297 0.936884
vn 0.227368 0.224308 0.947623
vn 0.185052 0.225791 0.956438
vn 0.160604 0.222250 0.961671
vn 0.128864 0.221830 0.966533
vn 0.086228 0.221140 0.971423
vn 0.044358 0.221017 0.974261
vn 0.518275 0.106915 0.848505
vn 0.700841 0.313996 0.640490
vn 0.698208 0.299007 0.650461
vn 0.699723 0.296814 0.649838
vn 0.603630 0.556662 0.570753
vn 0.604089 0.556541 0.570384
vn 0.611522 0.546459 0.572209
vn 0.611179 0.536353 0.582053
vn 0.608946 0.550085 0.571482
vn 0.603575 0.556699 0.570775
vn 0.604079 0.556271 0.570658
vn 0.604479 0.555936 0.570562
vn 0.606555 0.553832 0.570404
vn 0.626992 0.519351 0.580651
vn 0.633445 0.512608 0.579638
vn 0.633380 0.496385 0.593660
vn 0.640799 0.493889 0.587750
vn 0.652372 0.474938 0.590631
vn 0.646830 0.478687 0.593692
vn 0.666227 0.449162 0.595312
vn 0.663679 0.451170 0.596637
vn 0.658643 0.428138 0.618779
vn 0.685689 0.365959 0.629210
vn 0.686777 0.380657 0.619223
vn 0.674681 0.395977 0.622903
vn 0.666356 0.409252 0.623284
vn 0.661737 0.426609 0.616530
vn 0.698345 0.322722 0.638878
vn 0.697089 0.328442 0.637333
vn 0.693632 0.341898 0.634020
vn 0.689514 0.349128 0.634571
vn 0.684214 0.362367 0.632884
vn 0.699414 0.279577 0.657766
vn 0.703292 0.270944 0.657244
vn 0.707809 0.263127 0.655569
vn 0.707498 0.254688 0.659227
vn 0.709083 0.255802 0.657090
vn 0.706771 0.245247 0.663573
vn 0.705982 0.240582 0.666116
vn 0.706860 0.237093 0.666435
vn 0.706852 0.237105 0.666439
vn 0.706002 0.240535 0.666111
vn 0.705338 0.234624 0.668917
vn 0.706850 0.237089 0.666447
vn 0.705338 0.234686 0.668895
vn 0.705245 0.235736 0.668624
vn 0.705219 0.235607 0.668697
vn 0.705366 0.234621 0.668888
vn 0.703264 0.233968 0.671326
vn 0.703294 0.234015 0.671278
vn 0.705347 0.234633 0.668904
vn 0.701783 0.233846 0.672916
vn 0.703300 0.233951 0.671295
vn 0.701778 0.233921 0.672896
vn 0.702337 0.235428 0.671786
vn 0.681856 0.244701 0.689343
vn 0.684995 0.248063 0.685015
vn 0.687311 0.244971 0.683807
vn 0.691205 0.244573 0.680014
vn 0.693258 0.239438 0.679752
vn 0.694940 0.238204 0.678467
vn 0.702323 0.235364 0.671822
vn 0.701776 0.233928 0.672896
vn 0.700226 0.235733 0.673880
vn 0.700213 0.235753 0.673886
vn 0.701753 0.233880 0.672936
vn 0.697282 0.235175 0.677120
vn 0.700203 0.235745 0.673899
vn 0.697290 0.235150 0.677120
vn 0.694926 0.238185 0.678488
vn 0.694944 0.238190 0.678468
vn 0.697296 0.235163 0.677109
vn 0.693882 0.235267 0.680571
vn 0.694952 0.238204 0.678455
vn 0.693886 0.235285 0.680561
vn 0.693229 0.239473 0.679769
vn -0.645550 0.241033 0.724685
vn -0.646842 0.240187 0.723813
vn -0.647711 0.239462 0.723276
vn -0.647777 0.239435 0.723226
vn -0.646924 0.240133 0.723758
vn -0.650347 0.237651 0.721506
vn -0.647740 0.239439 0.723258
vn -0.650372 0.237630 0.721491
vn -0.652171 0.236808 0.720136
vn -0.652198 0.236795 0.720116
vn -0.650352 0.237644 0.721504
vn -0.655243 0.234286 0.718169
vn -0.659643 0.230910 0.715229
vn -0.656881 0.232401 0.717284
vn -0.655257 0.234276 0.718160
vn -0.655208 0.234223 0.718221
vn -0.656853 0.232412 0.717307
vn -0.654227 0.234928 0.718886
vn -0.655243 0.234284 0.718170
vn -0.654191 0.235049 0.718879
vn -0.652220 0.236797 0.720095
vn -0.659704 0.230843 0.715194
vn -0.660248 0.230250 0.714883
vn -0.660829 0.230457 0.714279
vn -0.660901 0.230344 0.714249
vn -0.660636 0.229777 0.714677
vn -0.662821 0.230795 0.712322
vn -0.660920 0.230529 0.714172
vn -0.662756 0.230852 0.712364
vn -0.661510 0.231779 0.713221
vn -0.661093 0.232201 0.713470
vn -0.662833 0.230801 0.712309
vn -0.665818 0.232485 0.708969
vn -0.667220 0.230531 0.708289
vn -0.665853 0.232449 0.708948
vn -0.667112 0.230681 0.708341
vn -0.667305 0.234891 0.706774
vn -0.665814 0.232483 0.708974
vn -0.667315 0.234940 0.706748
vn -0.668120 0.238006 0.704961
vn -0.669034 0.242729 0.702479
vn -0.669763 0.243218 0.701614
vn -0.670589 0.250537 0.698242
vn -0.675065 0.254021 0.692647
vn -0.673552 0.265916 0.689649
vn -0.676141 0.261650 0.688747
vn -0.668357 0.276364 0.690595
vn -0.667488 0.283571 0.688512
vn -0.666216 0.292049 0.686195
vn -0.662137 0.299333 0.687003
vn -0.660763 0.314546 0.681508
vn -0.645229 0.378127 0.663852
vn -0.650529 0.355801 0.670982
vn -0.649124 0.354295 0.673136
vn -0.655022 0.341630 0.673970
vn -0.657185 0.334305 0.675536
vn -0.659420 0.329439 0.675747
vn -0.658953 0.313220 0.683867
vn -0.642584 0.378095 0.666431
vn -0.643685 0.393993 0.656079
vn -0.639555 0.401758 0.655409
vn -0.640633 0.420078 0.642748
vn -0.622940 0.427185 0.655330
vn -0.623620 0.458802 0.632929
vn -0.657074 0.435886 0.615027
vn -0.622224 0.454832 0.637154
vn -0.563652 0.550888 0.615482
vn -0.563689 0.547073 0.618842
vn -0.558778 0.547321 0.623062
vn -0.559678 0.554935 0.615474
vn -0.560059 0.554875 0.615181
vn -0.561767 0.553968 0.614440
vn -0.570600 0.523584 0.632673
vn -0.553551 0.545362 0.629414
vn -0.559736 0.555015 0.615349
vn -0.607426 0.475378 0.636434
vn -0.597769 0.494445 0.631028
vn -0.593200 0.503216 0.628401
vn -0.567273 0.528553 0.631532
vn -0.559617 0.540506 0.628237
vn -0.606231 -0.049422 0.793751
vn -0.700964 0.004683 0.713181
vn -0.594806 0.024555 0.803494
vn -0.623119 0.053839 0.780272
vn -0.499768 0.110279 0.859111
vn -0.179273 0.306679 0.934778
vn -0.049404 0.391212 0.918973
vn -0.316991 0.265315 0.910563
vn -0.393111 0.211849 0.894753
vn -0.414751 0.227410 0.881060
vn -0.572029 0.067247 0.817472
vn -0.335609 0.232567 0.912841
vn -0.503655 0.055561 0.862116
vn -0.289025 0.232291 0.928712
vn -0.474747 0.047234 0.878854
vn -0.258355 0.227402 0.938904
vn -0.377909 0.059984 0.923898
vn -0.214265 0.227705 0.949864
vn -0.320218 0.042842 0.946375
vn -0.177920 0.227913 0.957288
vn -0.286845 0.017689 0.957814
vn -0.155123 0.223660 0.962244
vn -0.253136 0.035366 0.966784
vn -0.119393 0.224412 0.967153
vn -0.149007 0.033726 0.988261
vn -0.077632 0.223113 0.971696
vn -0.086961 -0.001795 0.996210
vn -0.036550 0.222086 0.974342
vn -0.214564 -0.077800 0.973607
vn -0.682960 -0.017163 0.730254
vn -0.999869 0.000000 0.016163
vn -0.997916 -0.024577 0.059669
vn -0.993219 -0.039845 0.109216
vn -0.971644 -0.030027 0.234533
vn -0.982628 -0.022723 0.184188
vn -0.967499 0.000061 0.252875
vn -0.936884 -0.022345 0.348926
vn -0.876971 -0.017107 0.480238
vn -0.908958 -0.017087 0.416537
vn -0.796980 -0.009415 0.603933
vn -0.859990 -0.000189 0.510310
vn -0.425659 -0.041162 0.903947
vn 0.000000 1.000000 0.000000
vn 0.000000 1.000000 0.000000
vn -0.966073 0.258271 -0.000274
vn -0.957565 0.288123 -0.007356
vn -0.967233 0.253847 -0.004662
vn -0.950300 0.311252 -0.007186
vn -0.947353 0.320179 -0.002818
vn -0.941969 0.335700 0.000000
vn -0.984968 0.172735 -0.000704
vn -0.981374 0.192105 0.000260
vn -0.978726 0.205162 -0.002052
vn -0.975111 0.221713 -0.001568
vn -0.969871 0.243619 -0.000001
vn -0.990252 0.139287 0.000062
vn -0.989994 0.141109 -0.000247
vn -0.988944 0.148290 -0.000730
vn -0.987859 0.155355 -0.000332
vn -0.985039 0.172330 -0.000005
vn -0.988784 0.149354 0.000611
vn -0.990180 0.139795 0.001161
vn -0.990247 0.139322 0.000098
vn -0.990256 0.139256 0.000069
vn -0.990187 0.139744 0.001139
vn -0.990522 0.137358 0.000001
vn -0.990252 0.139288 0.000070
vn -0.990484 0.137629 0.000001
vn -0.989991 0.141131 -0.000248
vn -0.970882 0.239559 0.000001
vn -0.975170 0.221457 0.000713
vn -0.972481 0.232972 0.002030
vn -0.980008 0.198954 0.001306
vn -0.982279 0.187421 0.001121
vn -0.984500 0.175383 -0.000179
vn -0.985673 0.168665 0.000327
vn -0.986837 0.161719 -0.000341
vn -0.989085 0.147346 0.000046
vn -0.964418 0.264373 0.001988
vn -0.953399 0.301704 0.002222
vn -0.957218 0.289366 0.000543
vn -0.913061 0.407525 0.015552
vn -0.931390 0.364021 0.000847
vn -0.919722 0.392558 0.003225
vn -0.941415 0.337242 0.002254
vn -0.950983 0.309242 0.000001
vn -0.886066 0.463558 0.000692
vn -0.877780 0.479064 0.000000
vn -0.874843 0.484404 0.001367
vn -0.874602 0.484830 0.003385
vn -0.876284 0.481795 0.000291
vn -0.877111 0.480281 0.002716
vn -0.882674 0.469981 0.002176
vn -0.893353 0.449332 0.004617
vn -0.873510 0.486800 0.002599
vn -0.874355 0.485266 0.004517
vn -0.874618 0.484783 0.005239
vn -0.901648 0.429943 0.046692
vn -0.902060 0.431161 0.019725
vn 0.976908 0.213629 -0.003572
vn 0.980870 0.194663 0.000002
vn 0.984081 0.177723 0.000083
vn 0.985358 0.170486 -0.001897
vn 0.987885 0.155189 -0.000367
vn 0.988718 0.149788 -0.000356
vn 0.989805 0.142410 0.002251
vn 0.983007 0.183536 0.003406
vn 0.980436 0.196582 0.010024
vn 0.975585 0.219594 0.003429
vn 0.990105 0.140326 0.000003
vn 0.990285 0.139056 0.000361
vn 0.990113 0.140271 0.000003
vn 0.990033 0.140831 -0.000687
vn 0.990280 0.139091 0.000367
vn 0.990035 0.140823 -0.000685
vn 0.988832 0.149033 -0.000242
vn 0.987550 0.157307 -0.000490
vn 0.986920 0.161205 0.001336
vn 0.985307 0.170793 -0.000002
vn 0.987548 0.157320 -0.000487
vn 0.981637 0.190752 -0.001447
vn 0.975946 0.218006 0.001723
vn 0.967057 0.254557 0.000938
vn 0.955762 0.294140 0.000706
vn 0.959350 0.282216 0.001392
vn 0.947001 0.321205 0.004177
vn 0.932480 0.361209 0.003112
vn 0.942119 0.335189 0.007806
vn 0.932874 0.360199 0.001522
vn 0.916333 0.400413 0.001823
vn 0.895325 0.445412 0.001191
vn 0.905561 0.424204 0.003179
vn 0.896438 0.443169 0.000611
vn 0.892751 0.450550 0.000154
vn 0.874546 0.484923 0.004422
vn 0.874410 0.485166 0.004651
vn 0.876956 0.480566 0.002051
vn 0.873544 0.486738 0.002667
vn 0.872404 0.488785 0.000613
vn 0.887041 0.461689 0.001444
vn 0.881353 0.472456 0.001249
vn 0.875306 0.483568 0.001035
vn 0.874897 0.484309 0.000830
vn 0.956009 0.293338 0.000000
vn 0.953367 0.301544 -0.012721
vn 0.953370 0.301535 -0.012707
vn 0.957059 0.289557 -0.013937
vn 0.957069 0.289525 -0.013921
vn 0.965172 0.261613 -0.001201
vn 0.968628 0.248513 -0.000799
vn 0.971485 0.237054 -0.004754
vn 0.974828 0.222839 -0.007288
vn 0.000000 -1.000000 0.000002
vn 0.000000 -1.000000 -0.000001
vn 0.000000 -1.000000 0.000004
vn 0.000000 -1.000000 -0.000003
vn 0.000000 -1.000000 0.000006
vn 0.000000 -1.000000 -0.000004
vn 0.000000 -1.000000 -0.000005
vn 0.000000 -1.000000 0.000004
vn 0.000000 -1.000000 -0.000003
vn 0.707108 -0.707106 0.000000
vn 0.707108 -0.707106 0.000000
vn -0.707107 -0.707107 0.000000
vn -0.707106 -0.707107 0.000000
vn 0.000000 0.000000 -1.000000
vn 0.000000 0.000000 -1.000000
vn 0.000000 0.000000 -1.000000
vn 0.000000 0.000000 -1.000000
f 1//1 2//1 3//1
f 3//1 2//1 4//1
f 5//2 6//2 7//2
f 8//2 9//2 10//2
f 10//2 9//2 11//2
f 10//2 11//2 12//2
f 12//2 11//2 5//2
f 12//2 5//2 13//2
f 13//2 5//2 7//2
f 14//3 15//3 16//3
f 16//3 15//3 17//3
f 16//3 17//3 18//3
f 19//4 20//4 21//4
f 21//5 20//5 22//5
f 23//4 24//4 25//4
f 25//6 24//6 26//6
f 25//4 26//4 22//4
f 22//4 26//4 27//4
f 22//4 27//4 21//4
f 28//7 29//7 30//7
f 30//7 29//7 31//7
f 30//7 31//7 32//7
f 33//8 34//8 35//8
f 36//8 37//8 38//8
f 38//8 37//8 39//8
f 37//8 40//8 39//8
f 39//9 40//9 41//9
f 39//8 41//8 42//8
f 42//10 41//10 43//10
f 42//11 43//11 44//11
f 44//8 45//8 42//8
f 42//12 45//12 46//12
f 42//13 46//13 35//13
f 35//8 46//8 47//8
f 35//8 47//8 48//8
f 48//8 49//8 35//8
f 35//14 49//14 50//14
f 35//8 50//8 38//8
f 38//15 50//15 51//15
f 38//16 51//16 36//16
f 52//8 53//8 54//8
f 54//8 53//8 55//8
f 35//8 34//8 42//8
f 42//17 34//17 56//17
f 42//18 56//18 57//18
f 42//19 58//19 59//19
f 52//8 60//8 53//8
f 53//20 60//20 61//20
f 53//8 61//8 35//8
f 35//21 61//21 62//21
f 35//22 62//22 33//22
f 63//8 64//8 65//8
f 65//23 64//23 66//23
f 55//8 53//8 67//8
f 67//8 53//8 65//8
f 67//8 65//8 68//8
f 68//8 65//8 66//8
f 68//8 66//8 69//8
f 66//24 70//24 69//24
f 69//8 70//8 71//8
f 69//8 71//8 72//8
f 72//25 71//25 73//25
f 72//26 73//26 74//26
f 59//8 75//8 42//8
f 42//27 75//27 76//27
f 42//8 76//8 65//8
f 65//28 76//28 77//28
f 65//8 77//8 63//8
f 74//29 78//29 57//29
f 57//30 78//30 79//30
f 57//8 79//8 42//8
f 42//31 79//31 80//31
f 42//32 80//32 58//32
f 81//33 82//33 42//33
f 81//8 42//8 83//8
f 84//8 85//8 83//8
f 86//8 87//8 88//8
f 88//15 87//15 89//15
f 88//8 89//8 84//8
f 84//14 89//14 90//14
f 84//34 90//34 85//34
f 91//35 92//35 88//35
f 88//36 92//36 93//36
f 88//8 93//8 86//8
f 82//8 94//8 42//8
f 42//37 94//37 95//37
f 42//8 95//8 39//8
f 91//38 95//38 96//38
f 91//39 96//39 92//39
f 84//8 97//8 98//8
f 83//8 42//8 84//8
f 84//40 42//40 99//40
f 84//41 99//41 97//41
f 100//8 101//8 102//8
f 102//8 101//8 84//8
f 102//8 84//8 103//8
f 103//8 84//8 98//8
f 100//8 104//8 101//8
f 101//8 104//8 105//8
f 101//42 105//42 65//42
f 65//8 105//8 106//8
f 65//43 106//43 107//43
f 107//8 108//8 65//8
f 65//44 108//44 109//44
f 65//8 109//8 42//8
f 42//45 109//45 110//45
f 42//46 110//46 99//46
f 111//1 112//1 113//1
f 113//1 112//1 114//1
f 115//47 116//48 117//49
f 118//50 116//48 115//47
f 115//47 119//51 120//52
f 121//53 119//51 115//47
f 117//49 121//53 115//47
f 115//47 122//54 123//55
f 124//56 122//54 115//47
f 120//52 124//56 115//47
f 115//47 125//57 126//58
f 127//59 125//57 115//47
f 123//55 127//59 115//47
f 126//58 118//50 115//47
f 128//60 129//61 130//62
f 128//60 131//63 129//61
f 129//61 131//63 132//64
f 129//61 132//64 133//65
f 132//64 134//66 133//65
f 133//65 134//66 135//67
f 133//65 135//67 136//68
f 135//67 137//69 136//68
f 136//68 137//69 138//70
f 136//68 138//70 139//71
f 138//70 140//72 139//71
f 139//71 140//72 141//73
f 139//71 141//73 142//74
f 141//73 143//75 142//74
f 142//74 143//75 144//76
f 142//74 144//76 145//77
f 144//76 146//4 145//77
f 145//77 146//4 147//78
f 145//77 147//78 148//79
f 147//78 149//80 148//79
f 148//79 149//80 150//81
f 148//79 150//81 151//82
f 150//81 152//83 151//82
f 151//82 152//83 153//84
f 151//82 153//84 154//85
f 153//84 155//86 154//85
f 154//85 155//86 156//87
f 154//85 156//87 157//88
f 156//87 158//89 157//88
f 157//88 158//89 159//90
f 157//88 159//90 160//91
f 159//90 161//92 160//91
f 160//91 161//92 162//93
f 160//91 162//93 163//94
f 163//94 162//93 164//95
f 130//62 165//96 128//60
f 166//97 167//98 168//99
f 168//99 169//100 166//97
f 166//97 169//100 170//101
f 166//97 170//101 171//102
f 170//101 172//103 171//102
f 171//102 172//103 173//104
f 171//102 173//104 174//105
f 173//104 175//106 174//105
f 174//105 175//106 176//107
f 174//105 176//107 177//108
f 176//107 178//109 177//108
f 177//108 178//109 179//110
f 177//108 179//110 180//111
f 180//111 179//110 181//112
f 180//111 181//112 182//113
f 181//112 183//114 182//113
f 182//113 183//114 184//115
f 182//113 184//115 185//116
f 184//115 186//117 185//116
f 185//116 186//117 187//118
f 185//116 187//118 188//119
f 187//118 189//120 188//119
f 188//119 189//120 190//121
f 188//119 190//121 191//122
f 190//121 192//123 191//122
f 191//122 192//123 193//124
f 191//122 193//124 194//125
f 193//124 195//126 194//125
f 194//125 195//126 196//127
f 194//125 196//127 197//128
f 196//127 198//129 197//128
f 197//128 198//129 199//130
f 197//128 199//130 200//131
f 200//131 199//130 201//132
f 200//131 201//132 167//98
f 167//98 201//132 202//133
f 167//98 202//133 168//99
f 203//134 204//135 205//136
f 206//137 204//135 203//134
f 203//134 207//138 208//139
f 209//140 207//138 203//134
f 205//136 209//140 203//134
f 203//134 210//141 211//142
f 212//143 210//141 203//134
f 208//139 212//143 203//134
f 203//134 213//144 214//145
f 215//146 213//144 203//134
f 211//142 215//146 203//134
f 214//145 206//137 203//134
f 216//147 217//148 218//149
f 216//147 219//150 217//148
f 217//148 219//150 220//151
f 217//148 220//151 221//152
f 220//151 222//153 221//152
f 221//152 222//153 223//154
f 221//152 223//154 224//155
f 223//154 225//156 224//155
f 224//155 225//156 226//157
f 224//155 226//157 227//158
f 226//157 228//159 227//158
f 227//158 228//159 229//160
f 227//158 229//160 230//161
f 229//160 231//162 230//161
f 230//161 231//162 232//163
f 230//161 232//163 233//164
f 232//163 234//4 233//164
f 233//164 234//4 235//165
f 233//164 235//165 236//166
f 235//165 237//167 236//166
f 236//166 237//167 238//168
f 236//166 238//168 239//169
f 238//168 240//170 239//169
f 239//169 240//170 241//171
f 239//169 241//171 242//172
f 241//171 243//173 242//172
f 242//172 243//173 244//174
f 242//172 244//174 245//175
f 244//174 246//176 245//175
f 245//175 246//176 247//177
f 245//175 247//177 248//178
f 247//177 249//179 248//178
f 248//178 249//179 250//180
f 248//178 250//180 251//181
f 251//181 250//180 252//182
f 218//149 253//183 216//147
f 254//184 255//185 256//186
f 256//186 257//187 254//184
f 254//184 257//187 258//188
f 254//184 258//188 259//189
f 258//188 260//190 259//189
f 259//189 260//190 261//191
f 259//189 261//191 262//192
f 261//191 263//193 262//192
f 262//192 263//193 264//194
f 262//192 264//194 265//195
f 264//194 266//196 265//195
f 265//195 266//196 267//197
f 265//195 267//197 268//198
f 268//198 267//197 269//199
f 268//198 269//199 270//200
f 269//199 271//201 270//200
f 270//200 271//201 272//202
f 270//200 272//202 273//203
f 272//202 274//204 273//203
f 273//203 274//204 275//205
f 273//203 275//205 276//206
f 275//205 277//207 276//206
f 276//206 277//207 278//208
f 276//206 278//208 279//209
f 278//208 280//210 279//209
f 279//209 280//210 281//211
f 279//209 281//211 282//212
f 281//211 283//213 282//212
f 282//212 283//213 284//214
f 282//212 284//214 285//215
f 284//214 286//216 285//215
f 285//215 286//216 287//217
f 285//215 287//217 288//218
f 288//218 287//217 289//219
f 288//218 289//219 255//185
f 255//185 289//219 290//220
f 255//185 290//220 256//186
f 291//221 292//222 293//223
f 294//224 292//222 291//221
f 291//221 295//225 296//226
f 297//227 295//225 291//221
f 293//223 297//227 291//221
f 291//221 298//228 299//229
f 300//230 298//228 291//221
f 296//226 300//230 291//221
f 291//221 301//231 302//232
f 303//233 301//231 291//221
f 299//229 303//233 291//221
f 302//232 294//224 291//221
f 304//234 305//235 306//236
f 304//234 307//237 305//235
f 305//235 307//237 308//238
f 305//235 308//238 309//239
f 308//238 310//240 309//239
f 309//239 310//240 311//241
f 309//239 311//241 312//242
f 311//241 313//243 312//242
f 312//242 313//243 314//244
f 312//242 314//244 315//245
f 314//244 316//72 315//245
f 315//245 316//72 317//246
f 315//245 317//246 318//247
f 317//246 319//248 318//247
f 318//247 319//248 320//249
f 318//247 320//249 321//250
f 320//249 322//4 321//250
f 321//250 322//4 323//251
f 321//250 323//251 324//252
f 323//251 325//253 324//252
f 324//252 325//253 326//254
f 324//252 326//254 327//255
f 326//254 328//83 327//255
f 327//255 328//83 329//256
f 327//255 329//256 330//257
f 329//256 331//258 330//257
f 330//257 331//258 332//259
f 330//257 332//259 333//260
f 332//259 334//261 333//260
f 333//260 334//261 335//262
f 333//260 335//262 336//263
f 335//262 337//264 336//263
f 336//263 337//264 338//265
f 336//263 338//265 339//266
f 339//266 338//265 340//267
f 306//236 341//268 304//234
f 342//269 343//270 344//271
f 344//271 345//272 342//269
f 342//269 345//272 346//273
f 342//269 346//273 347//274
f 346//273 348//275 347//274
f 347//274 348//275 349//276
f 347//274 349//276 350//277
f 349//276 351//278 350//277
f 350//277 351//278 352//279
f 350//277 352//279 353//280
f 352//279 354//109 353//280
f 353//280 354//109 355//281
f 353//280 355//281 356//282
f 356//282 355//281 357//283
f 356//282 357//283 358//284
f 357//283 359//285 358//284
f 358//284 359//285 360//286
f 358//284 360//286 361//287
f 360//286 362//288 361//287
f 361//287 362//288 363//289
f 361//287 363//289 364//290
f 363//289 365//291 364//290
f 364//290 365//291 366//292
f 364//290 366//292 367//293
f 366//292 368//294 367//293
f 367//293 368//294 369//295
f 367//293 369//295 370//296
f 369//295 371//297 370//296
f 370//296 371//297 372//298
f 370//296 372//298 373//299
f 372//298 374//300 373//299
f 373//299 374//300 375//301
f 373//299 375//301 376//302
f 376//302 375//301 377//303
f 376//302 377//303 343//270
f 343//270 377//303 378//304
f 343//270 378//304 344//271
f 379//305 380//306 381//307
f 382//308 380//306 379//305
f 379//305 383//309 384//310
f 385//311 383//309 379//305
f 381//307 385//311 379//305
f 379//305 386//312 387//313
f 388//314 386//312 379//305
f 384//310 388//314 379//305
f 379//305 389//315 390//316
f 391//317 389//315 379//305
f 387//313 391//317 379//305
f 390//316 382//308 379//305
f 392//318 393//319 394//320
f 392//318 395//321 393//319
f 393//319 395//321 396//322
f 393//319 396//322 397//323
f 396//322 398//324 397//323
f 397//323 398//324 399//325
f 397//323 399//325 400//326
f 399//325 401//327 400//326
f 400//326 401//327 402//328
f 400//326 402//328 403//329
f 402//328 404//159 403//329
f 403//329 404//159 405//330
f 403//329 405//330 406//331
f 405//330 407//332 406//331
f 406//331 407//332 408//333
f 406//331 408//333 409//334
f 408//333 410//4 409//334
f 409//334 410//4 411//335
f 409//334 411//335 412//336
f 411//335 413//337 412//336
f 412//336 413//337 414//338
f 412//336 414//338 415//339
f 414//338 416//170 415//339
f 415//339 416//170 417//340
f 415//339 417//340 418//341
f 417//340 419//342 418//341
f 418//341 419//342 420//343
f 418//341 420//343 421//344
f 420//343 422//345 421//344
f 421//344 422//345 423//346
f 421//344 423//346 424//347
f 423//346 425//348 424//347
f 424//347 425//348 426//349
f 424//347 426//349 427//350
f 427//350 426//349 428//351
f 394//320 429//352 392//318
f 430//353 431//354 432//355
f 432//355 433//356 430//353
f 430//353 433//356 434//357
f 430//353 434//357 435//358
f 434//357 436//359 435//358
f 435//358 436//359 437//360
f 435//358 437//360 438//361
f 437//360 439//362 438//361
f 438//361 439//362 440//363
f 438//361 440//363 441//364
f 440//363 442//365 441//364
f 441//364 442//365 443//366
f 441//364 443//366 444//367
f 444//367 443//366 445//368
f 444//367 445//368 446//369
f 445//368 447//370 446//369
f 446//369 447//370 448//371
f 446//369 448//371 449//372
f 448//371 450//373 449//372
f 449//372 450//373 451//374
f 449//372 451//374 452//375
f 451//374 453//376 452//375
f 452//375 453//376 454//377
f 452//375 454//377 455//378
f 454//377 456//379 455//378
f 455//378 456//379 457//380
f 455//378 457//380 458//381
f 457//380 459//382 458//381
f 458//381 459//382 460//383
f 458//381 460//383 461//384
f 460//383 462//385 461//384
f 461//384 462//385 463//386
f 461//384 463//386 464//387
f 464//387 463//386 465//388
f 464//387 465//388 431//354
f 431//354 465//388 466//389
f 431//354 466//389 432//355
f 467//390 468//391 469//392
f 469//392 468//391 470//393
f 469//392 470//393 471//394
f 471//394 470//393 472//395
f 471//394 472//395 473//396
f 473//396 472//395 474//397
f 475//398 476//398 477//398
f 477//398 476//398 478//398
f 479//399 480//399 481//399
f 481//400 480//400 482//400
f 483//4 484//4 485//4
f 485//4 484//4 486//4
f 487//401 488//401 489//401
f 489//402 488//402 490//402
f 491//403 492//403 493//403
f 493//403 492//403 494//403
f 495//404 496//404 497//404
f 497//405 496//405 498//405
f 499//406 500//406 501//406
f 501//407 500//407 502//407
f 503//408 504//408 505//408
f 505//409 504//409 506//409
f 507//410 508//410 509//410
f 509//411 508//411 510//411
f 511//412 512//412 513//412
f 513//412 512//412 514//412
f 515//413 516//413 517//413
f 517//413 516//413 518//413
f 519//414 520//414 521//414
f 521//415 520//415 522//415
f 523//416 467//390 469//392
f 524//1 525//1 526//1
f 527//1 528//1 529//1
f 530//417 525//417 529//417
f 529//418 525//418 531//418
f 529//419 531//419 527//419
f 532//420 533//420 534//420
f 535//421 536//421 537//421
f 537//1 538//1 535//1
f 535//422 538//422 539//422
f 535//1 539//1 526//1
f 526//423 539//423 540//423
f 526//424 540//424 524//424
f 534//425 533//425 535//425
f 535//426 533//426 541//426
f 535//427 541//427 536//427
f 528//1 542//1 529//1
f 529//428 542//428 543//428
f 529//1 543//1 534//1
f 534//429 543//429 544//429
f 534//1 544//1 532//1
f 545//7 546//7 547//7
f 547//7 546//7 548//7
f 549//3 550//3 551//3
f 551//3 550//3 552//3
f 553//430 554//430 555//430
f 555//430 554//430 556//430
f 555//430 556//430 557//430
f 557//430 556//430 558//430
f 559//430 560//430 561//430
f 562//431 563//432 564//430
f 564//430 563//433 565//430
f 566//430 567//430 568//430
f 568//430 567//430 569//430
f 568//430 569//430 570//430
f 570//430 569//430 556//430
f 565//430 558//430 564//430
f 571//430 558//430 556//430
f 571//430 556//430 561//430
f 561//434 556//434 569//434
f 561//430 569//430 559//430
f 572//430 573//430 574//430
f 574//430 573//430 575//430
f 574//435 575//435 576//435
f 560//430 559//430 576//430
f 576//436 559//436 577//436
f 576//437 577//437 574//437
f 578//438 579//439 580//440
f 580//440 579//439 581//441
f 580//440 581//441 562//442
f 562//442 581//441 563//443
f 582//444 579//445 583//444
f 583//446 584//446 582//446
f 582//447 584//447 585//447
f 582//448 585//448 586//448
f 586//449 585//449 587//449
f 586//450 587//450 588//450
f 588//451 587//452 589//453
f 588//451 589//453 590//454
f 590//454 589//453 591//430
f 590//454 591//430 592//430
f 592//430 591//430 593//430
f 592//430 593//430 594//430
f 595//455 596//455 597//455
f 598//456 599//456 600//456
f 600//456 599//456 601//456
f 602//457 603//458 604//459
f 605//460 606//460 607//460
f 607//461 606//461 608//461
f 607//462 608//462 609//462
f 609//463 608//463 610//463
f 609//459 610//459 604//459
f 604//464 610//464 611//464
f 604//459 611//465 602//457
f 612//466 613//467 614//468
f 615//466 616//466 617//466
f 617//469 616//469 618//469
f 617//466 618//466 614//470
f 614//471 618//466 619//466
f 614//472 619//466 612//466
f 620//466 621//466 622//466
f 622//466 621//466 623//466
f 622//466 623//466 624//466
f 624//466 623//466 617//466
f 624//466 617//466 625//466
f 626//466 627//466 628//466
f 628//466 627//466 629//466
f 628//466 629//466 630//466
f 630//473 629//473 631//473
f 630//474 631//474 632//474
f 632//475 631//475 625//475
f 632//466 625//466 633//466
f 633//476 625//476 617//476
f 633//477 617//477 634//477
f 634//466 617//466 614//478
f 603//458 602//457 635//479
f 635//479 602//457 636//480
f 635//479 636//480 613//481
f 613//481 636//480 614//482
f 637//483 638//483 639//483
f 639//483 638//483 640//483
f 641//456 642//456 643//456
f 643//456 642//456 644//456
f 645//455 646//455 647//455
f 647//455 646//455 648//455
f 649//484 650//484 651//484
f 651//485 650//485 652//485
f 653//486 654//486 655//486
f 655//487 654//487 656//487
f 657//488 658//488 659//488
f 659//488 658//488 660//488
f 661//489 662//490 663//491
f 663//491 662//490 664//492
f 664//492 662//490 665//493
f 664//492 665//493 666//494
f 666//494 665//493 667//495
f 666//494 667//495 668//496
f 668//496 667//495 669//497
f 668//496 669//497 670//498
f 670//498 669//497 671//499
f 670//498 671//499 672//500
f 672//500 671//499 673//501
f 672//500 673//501 674//502
f 674//502 673//501 675//503
f 674//502 675//503 676//504
f 675//503 677//505 676//504
f 678//506 677//507 679//508
f 678//506 679//508 680//509
f 680//509 679//508 681//510
f 680//509 681//510 682//511
f 682//511 681//510 683//512
f 682//511 683//512 684//513
f 684//513 683//512 685//514
f 684//513 685//514 686//515
f 663//491 687//516 661//489
f 661//489 687//516 688//517
f 661//489 688//517 689//518
f 690//519 691//520 692//521
f 693//522 694//523 695//524
f 695//524 694//523 696//525
f 695//526 697//527 698//528
f 698//528 697//527 699//529
f 698//530 700//531 701//532
f 701//532 700//531 702//533
f 701//532 702//533 703//534
f 703//534 702//533 704//535
f 703//534 704//535 705//536
f 705//537 706//538 707//539
f 707//539 706//538 708//540
f 707//539 708//540 709//541
f 709//541 708//540 710//542
f 709//541 710//542 711//543
f 711//543 710//542 712//544
f 711//543 712//544 713//545
f 713//545 712//544 714//546
f 713//545 714//546 715//547
f 715//547 714//546 716//548
f 715//547 716//548 717//549
f 717//549 716//548 718//550
f 717//549 718//550 719//551
f 719//551 718//550 720//552
f 719//551 720//552 692//521
f 692//521 720//552 721//553
f 692//521 721//553 690//519
f 722//483 723//483 724//483
f 724//483 723//483 725//483
f 726//455 727//455 728//455
f 728//455 727//455 729//455
f 730//456 731//456 732//456
f 732//456 731//456 733//456
f 734//554 735//554 736//554
f 736//485 735//485 737//485
f 738//486 739//486 740//486
f 740//555 739//555 741//555
f 742//556 743//556 744//556
f 744//557 743//557 745//557
f 744//558 745//558 746//558
f 747//466 748//466 749//466
f 750//466 751//466 752//466
f 753//466 754//466 755//466
f 755//466 754//466 756//466
f 755//466 756//466 757//466
f 757//466 756//466 758//466
f 759//466 760//466 761//466
f 762//466 763//466 764//466
f 764//466 763//466 765//466
f 766//466 767//466 768//466
f 768//559 767//559 769//559
f 768//466 769//466 770//466
f 770//560 769//560 750//560
f 770//466 750//466 771//466
f 771//561 750//561 772//561
f 771//466 759//466 773//466
f 773//466 759//466 774//466
f 761//466 775//466 759//466
f 759//466 775//466 776//466
f 759//562 776//562 774//562
f 749//563 776//563 777//563
f 749//564 777//564 747//564
f 778//565 779//566 780//567
f 781//568 782//568 783//568
f 780//567 782//569 784//570
f 780//567 784//570 778//565
f 785//571 786//571 787//571
f 788//460 789//460 790//460
f 790//572 789//572 791//572
f 790//573 791//573 792//573
f 792//572 791//572 793//572
f 792//574 793//574 787//574
f 787//575 793//575 794//575
f 787//576 794//576 785//576
f 795//466 796//466 797//466
f 797//466 796//466 798//466
f 797//466 798//466 799//466
f 799//466 798//466 800//466
f 801//577 802//577 803//577
f 803//456 802//456 804//456
f 803//456 804//456 805//456
f 806//578 807//578 803//578
f 803//579 807//579 808//579
f 803//580 808//580 801//580
f 809//456 810//456 803//456
f 803//456 810//456 811//456
f 803//456 811//456 806//456
f 805//456 812//456 803//456
f 803//581 812//581 813//581
f 803//582 813//582 809//582
f 814//583 815//584 816//585
f 816//585 815//584 817//586
f 818//587 815//584 819//588
f 820//589 821//590 815//584
f 815//584 821//590 822//591
f 815//584 822//591 819//588
f 823//592 824//593 815//584
f 815//584 824//593 825//594
f 815//584 825//594 820//589
f 814//583 826//595 815//584
f 815//584 826//595 827//596
f 815//584 827//596 823//592
f 828//597 829//598 830//599
f 818//587 819//588 831//600
f 831//600 819//588 832//601
f 831//600 832//601 830//599
f 830//599 832//601 833//602
f 830//599 833//602 828//597
f 829//598 834//603 830//599
f 830//599 834//603 835//604
f 830//599 835//604 836//605
f 836//605 835//604 837//606
f 836//605 837//606 838//607
f 837//606 839//608 838//607
f 838//607 839//608 840//609
f 838//607 840//609 841//610
f 841//610 840//609 842//611
f 841//610 842//611 843//612
f 844//613 843//612 845//614
f 845//614 843//612 842//611
f 844//613 846//615 843//612
f 843//612 846//615 847//616
f 843//612 847//616 848//617
f 841//610 843//612 848//617
f 848//617 849//618 850//619
f 850//619 849//618 851//620
f 850//619 851//620 852//621
f 852//621 851//620 853//622
f 852//621 853//622 854//623
f 853//622 855//624 856//625
f 856//625 855//624 857//626
f 856//625 857//626 858//627
f 858//627 857//626 859//628
f 858//627 859//628 860//629
f 861//630 859//628 862//631
f 861//630 862//631 863//632
f 863//632 862//631 864//633
f 863//632 864//633 865//634
f 865//634 864//633 866//635
f 865//634 866//635 867//636
f 868//637 869//638 870//639
f 871//640 872//641 873//642
f 873//642 872//641 874//643
f 870//639 869//638 875//644
f 874//643 876//645 873//642
f 873//642 876//645 877//646
f 873//642 877//646 878//647
f 878//647 877//646 879//648
f 878//647 879//648 869//638
f 869//638 879//648 880//649
f 869//638 880//649 875//644
f 868//637 870//639 881//650
f 881//650 870//639 882//651
f 881//650 882//651 883//652
f 884//653 885//654 886//655
f 883//652 887//656 881//650
f 881//650 887//656 884//653
f 881//650 884//653 888//657
f 888//657 884//653 886//655
f 889//658 890//659 886//655
f 889//658 886//655 891//660
f 885//654 892//661 886//655
f 886//655 892//661 893//662
f 886//655 893//662 891//660
f 894//663 895//664 896//665
f 896//665 895//664 897//666
f 896//665 897//666 890//659
f 890//659 888//657 886//655
f 894//663 898//667 899//668
f 899//668 898//667 900//669
f 899//668 900//669 901//670
f 901//670 900//669 902//671
f 901//670 902//671 903//672
f 902//671 904//673 903//672
f 903//672 904//673 905//674
f 903//672 905//674 906//675
f 907//676 905//674 908//677
f 907//676 908//677 817//586
f 817//586 908//677 909//678
f 817//586 909//678 910//679
f 910//679 911//680 817//586
f 817//586 911//680 912//681
f 817//586 912//681 913//682
f 913//682 914//683 817//586
f 817//586 914//683 915//684
f 817//586 915//684 816//585
f 916//685 871//640 917//686
f 917//686 871//640 918//687
f 919//688 920//688 921//688
f 871//640 922//689 867//636
f 867//636 922//689 923//690
f 867//636 923//690 924//691
f 925//692 926//693 873//642
f 873//642 926//693 927//694
f 873//642 927//694 871//640
f 928//695 929//696 867//636
f 867//636 929//696 930//697
f 867//636 930//697 865//634
f 927//694 931//698 871//640
f 871//640 931//698 932//699
f 871//640 932//699 918//687
f 918//700 932//700 933//700
f 924//691 934//701 867//636
f 867//636 934//701 935//702
f 867//636 935//702 928//695
f 930//697 936//703 865//634
f 865//634 936//703 937//704
f 865//634 937//704 938//705
f 939//706 940//706 941//706
f 921//488 942//488 919//488
f 919//707 942//707 943//707
f 919//488 943//488 944//488
f 939//488 945//488 946//488
f 946//488 945//488 947//488
f 946//488 947//488 948//488
f 932//488 947//488 949//488
f 932//488 949//488 933//488
f 935//700 950//700 928//700
f 928//488 950//488 951//488
f 928//488 951//488 952//488
f 952//488 951//488 920//488
f 952//488 920//488 953//488
f 941//708 920//708 954//708
f 941//709 954//709 939//709
f 939//710 954//710 955//710
f 939//488 955//488 945//488
f 916//685 956//711 871//640
f 871//640 956//711 957//712
f 871//640 957//712 922//689
f 922//713 957//713 944//713
f 922//488 944//488 958//488
f 958//488 944//488 943//488
f 959//714 960//714 938//714
f 938//715 960//715 961//715
f 938//705 961//716 865//634
f 865//634 961//716 962//717
f 865//634 962//717 873//642
f 873//642 962//717 963//718
f 873//642 963//718 925//692
f 959//488 964//488 960//488
f 960//719 964//719 965//719
f 960//488 965//488 940//488
f 940//720 965//720 966//720
f 940//721 966//721 941//721
f 967//722 968//722 969//722
f 969//723 968//723 970//723
f 971//724 972//724 973//724
f 973//725 972//725 974//725
f 975//726 976//726 977//726
f 977//727 976//727 978//727
f 979//728 980//728 981//728
f 981//728 980//728 982//728
f 983//729 984//729 985//729
f 985//730 984//730 986//730
f 987//731 988//731 989//731
f 989//732 988//732 990//732
f 991//733 992//733 993//733
f 993//733 992//733 994//733
f 995//734 996//734 997//734
f 997//735 996//735 998//735
f 999//736 1000//736 1001//736
f 1001//736 1000//736 1002//736
f 1003//737 1004//737 1005//737
f 1005//738 1004//738 1006//738
f 1007//739 1008//739 1009//739
f 1009//740 1008//740 1010//740
f 1011//741 1012//741 1013//741
f 1013//742 1012//742 1014//742
f 814//583 816//585 1015//743
f 1015//743 816//585 1016//744
f 1015//743 1016//744 1017//745
f 1017//745 1016//744 1018//746
f 1017//745 1018//746 1019//747
f 1019//747 1018//746 1020//748
f 1021//749 1022//750 1023//751
f 1017//745 1019//747 1024//752
f 1015//743 1017//745 1025//753
f 1026//754 822//591 1027//755
f 1027//755 822//591 821//590
f 1027//755 821//590 1028//756
f 1028//756 821//590 820//589
f 1028//756 820//589 1029//757
f 1029//757 820//589 825//594
f 1029//757 825//594 1030//758
f 1030//758 825//594 824//593
f 1030//758 824//593 1031//759
f 1031//759 824//593 823//592
f 1031//759 823//592 1032//760
f 1032//760 823//592 827//596
f 1032//760 827//596 1033//761
f 1033//761 827//596 826//595
f 1033//761 826//595 1034//762
f 1034//762 826//595 814//583
f 1034//762 814//583 1015//743
f 1017//745 1024//752 1025//753
f 1025//753 1024//752 1035//763
f 1025//753 1035//763 1036//764
f 1036//764 1035//763 1037//765
f 1036//764 1037//765 1038//766
f 1038//766 1037//765 1039//767
f 1038//766 1039//767 1040//768
f 1040//768 1039//767 1041//769
f 1040//768 1041//769 1042//770
f 1042//770 1041//769 1043//771
f 1042//770 1043//771 1044//772
f 1044//772 1043//771 1045//773
f 1044//772 1045//773 1046//774
f 1046//774 1045//773 1047//775
f 1046//774 1047//775 1048//776
f 1048//776 1047//775 1049//777
f 1048//776 1049//777 1050//778
f 1050//778 1049//777 1051//779
f 1050//778 1051//779 1052//780
f 1051//779 1053//781 1052//780
f 1052//780 1053//781 1054//782
f 1052//780 1054//782 1055//783
f 1055//783 1054//782 1056//784
f 1055//783 1056//784 1057//785
f 1057//785 1056//784 1058//786
f 1057//785 1058//786 1059//787
f 1059//787 1058//786 1060//788
f 1059//787 1060//788 1061//789
f 1015//743 1025//753 1034//762
f 1034//762 1025//753 1036//764
f 1034//762 1036//764 1033//761
f 1033//761 1036//764 1038//766
f 1033//761 1038//766 1032//760
f 1032//760 1038//766 1040//768
f 1032//760 1040//768 1031//759
f 1031//759 1040//768 1042//770
f 1031//759 1042//770 1030//758
f 1030//758 1042//770 1044//772
f 1030//758 1044//772 1029//757
f 1029//757 1044//772 1046//774
f 1029//757 1046//774 1028//756
f 1028//756 1046//774 1048//776
f 1028//756 1048//776 1027//755
f 1027//755 1048//776 1050//778
f 1027//755 1050//778 1026//754
f 1026//754 1050//778 1052//780
f 1026//754 1052//780 1062//790
f 1062//790 1052//780 1055//783
f 1062//790 1055//783 1063//791
f 1063//791 1055//783 1057//785
f 1063//791 1057//785 1064//792
f 1064//792 1057//785 1059//787
f 1064//792 1059//787 1065//793
f 1065//793 1059//787 1061//789
f 1065//793 1061//789 1066//794
f 1066//794 834//603 1065//793
f 1065//793 834//603 829//598
f 1065//793 829//598 1064//792
f 1064//792 829//598 828//597
f 1064//792 828//597 1063//791
f 1063//791 828//597 833//602
f 1063//791 833//602 1062//790
f 1062//790 833//602 832//601
f 1062//790 832//601 1026//754
f 1026//754 832//601 819//588
f 1026//754 819//588 822//591
f 839//608 837//606 1066//794
f 1066//794 837//606 835//604
f 1066//794 835//604 834//603
f 1022//750 1067//795 1023//751
f 1023//751 1067//795 1068//796
f 1023//751 1068//796 1069//797
f 1070//798 1068//799 1071//800
f 1072//801 1071//800 1073//802
f 1073//802 1071//800 1068//799
f 1074//803 1068//796 1075//804
f 1075//804 1068//796 1067//795
f 1060//788 1021//749 1061//789
f 1061//789 1021//749 1023//751
f 1061//789 1023//751 1066//794
f 1066//794 1023//751 1069//797
f 1066//794 1070//798 839//608
f 839//608 1070//798 1071//800
f 839//608 1071//800 840//609
f 840//609 1071//800 1072//801
f 840//609 1072//801 842//611
f 1075//804 1076//805 1074//803
f 1074//803 1076//805 1077//806
f 1073//802 1078//807 1072//801
f 842//611 1072//801 1079//808
f 1076//805 1080//809 1077//806
f 1077//806 1080//809 1081//810
f 1077//806 1081//810 1082//811
f 1082//811 1081//810 1083//812
f 1082//811 1083//812 1084//813
f 1085//814 1086//815 1087//816
f 1087//816 1086//815 1088//817
f 1087//816 1088//817 1089//818
f 1089//818 1088//817 1084//813
f 1089//818 1084//813 1090//819
f 1090//819 1084//813 1083//812
f 1072//801 1078//807 1091//820
f 1091//820 1078//807 1092//821
f 1091//820 1092//821 1093//822
f 1093//822 1092//821 1094//823
f 1093//822 1094//823 1095//824
f 1095//824 1094//823 1096//825
f 1095//824 1096//825 1097//826
f 1097//826 1096//825 1098//827
f 1097//826 1098//827 1099//828
f 842//611 1079//808 845//614
f 845//614 1079//808 1100//829
f 845//614 1100//829 844//613
f 844//613 1100//829 1101//830
f 844//613 1101//830 846//615
f 846//615 1101//830 1102//831
f 846//615 1102//831 847//616
f 847//616 1102//831 1103//832
f 847//616 1103//832 848//617
f 1086//815 1085//814 1104//833
f 1099//828 1098//827 1105//834
f 848//617 1103//832 1106//835
f 1086//815 1104//833 1107//836
f 1107//836 1104//833 1108//837
f 1107//836 1108//837 1109//838
f 1109//838 1108//837 1110//839
f 1109//838 1110//839 1111//840
f 1111//840 1110//839 1112//841
f 1111//840 1112//841 1113//842
f 1113//842 1112//841 1114//843
f 1113//842 1114//843 1115//844
f 1115//844 1114//843 1116//845
f 1115//844 1116//845 1117//846
f 1117//846 1116//845 1118//847
f 1117//846 1118//847 1119//848
f 1119//848 1118//847 1120//849
f 1119//848 1120//849 1121//850
f 1121//850 1120//849 1122//851
f 1121//850 1122//851 1123//852
f 1123//852 1122//851 1124//853
f 1123//852 1124//853 1125//854
f 1099//828 1105//834 1126//855
f 1126//855 1105//834 1127//856
f 1126//855 1127//856 1128//857
f 1128//857 1127//856 1129//858
f 1128//857 1129//858 1130//859
f 1130//859 1129//858 1131//860
f 1130//859 1131//860 1132//861
f 1132//861 1131//860 1133//862
f 1132//861 1133//862 1134//863
f 1134//863 1133//862 1135//864
f 1134//863 1135//864 1136//865
f 1136//865 1135//864 1137//866
f 1136//865 1137//866 1138//867
f 1138//867 1137//866 1139//868
f 1138//867 1139//868 1140//869
f 1140//869 1139//868 1123//852
f 1140//869 1123//852 1141//870
f 1141//870 1123//852 1125//854
f 1142//871 1125//854 1143//872
f 848//617 1106//835 849//618
f 849//618 1106//835 1144//873
f 849//618 1144//873 851//620
f 851//620 1144//873 1145//874
f 851//620 1145//874 853//622
f 853//622 1145//874 1146//875
f 853//622 1146//875 855//624
f 855//624 1146//875 1147//876
f 855//624 1147//876 857//626
f 857//626 1147//876 1148//877
f 857//626 1148//877 859//628
f 859//628 1148//877 1149//878
f 859//628 1149//878 862//631
f 862//631 1149//878 1150//879
f 862//631 1150//879 864//633
f 864//633 1150//879 1142//871
f 864//633 1142//871 866//635
f 866//635 1142//871 1143//872
f 866//635 1143//872 867//636
f 1124//853 1151//880 1152//881
f 1124//853 1152//881 1125//854
f 1125//854 1152//881 1153//882
f 1125//854 1153//882 1143//872
f 1143//872 1153//882 871//640
f 1143//872 871//640 867//636
f 1152//881 1151//880 1154//883
f 1153//882 1152//881 1155//884
f 871//640 1153//882 1156//885
f 1152//881 1154//883 1155//884
f 1155//884 1154//883 1157//886
f 1155//884 1157//886 1158//887
f 1158//887 1157//886 1159//888
f 1158//887 1159//888 1160//889
f 1160//889 1159//888 1161//890
f 1160//889 1161//890 1162//891
f 1162//891 1161//890 1163//892
f 1162//891 1163//892 1164//893
f 1164//893 1163//892 1165//894
f 1164//893 1165//894 1166//895
f 1166//895 1165//894 1167//896
f 1166//895 1167//896 1168//897
f 1168//897 1167//896 1169//898
f 1168//897 1169//898 1170//899
f 1170//899 1169//898 1171//900
f 1170//899 1171//900 1172//901
f 1172//901 1171//900 1173//902
f 1172//901 1173//902 1174//903
f 1174//903 1173//902 1175//904
f 1174//903 1175//904 1176//905
f 1176//905 1175//904 1177//906
f 1176//905 1177//906 1178//907
f 1178//907 1177//906 1179//908
f 1178//907 1179//908 1180//909
f 1153//882 1155//884 1156//885
f 1156//885 1155//884 1158//887
f 1156//885 1158//887 1181//910
f 1181//910 1158//887 1160//889
f 1181//910 1160//889 1182//911
f 1182//911 1160//889 1162//891
f 1182//911 1162//891 1183//912
f 1183//912 1162//891 1164//893
f 1183//912 1164//893 1184//913
f 1184//913 1164//893 1185//914
f 1184//913 1185//914 1186//915
f 1186//915 1185//914 1187//916
f 1186//915 1187//916 1188//917
f 1188//917 1187//916 1189//918
f 1188//917 1189//918 1190//919
f 1190//919 1189//918 1191//920
f 1190//919 1191//920 1192//921
f 1192//921 1191//920 1193//922
f 1192//921 1193//922 1194//923
f 1194//923 1193//922 1195//924
f 1194//923 1195//924 1196//925
f 1196//925 1195//924 1197//926
f 1196//925 1197//926 1198//927
f 1198//927 1197//926 1199//928
f 1198//927 1199//928 1200//929
f 871//640 1156//885 872//641
f 872//641 1156//885 1181//910
f 872//641 1181//910 874//643
f 874//643 1181//910 1182//911
f 874//643 1182//911 876//645
f 876//645 1182//911 1183//912
f 876//645 1183//912 877//646
f 877//646 1183//912 1184//913
f 877//646 1184//913 879//648
f 879//648 1184//913 1186//915
f 879//648 1186//915 880//649
f 880//649 1186//915 1188//917
f 880//649 1188//917 875//644
f 875//644 1188//917 1201//930
f 875//644 1201//930 870//639
f 870//639 1201//930 1202//931
f 870//639 1202//931 882//651
f 882//651 1202//931 1203//932
f 882//651 1203//932 883//652
f 883//652 1203//932 1204//933
f 883//652 1204//933 887//656
f 887//656 1204//933 1205//934
f 887//656 1205//934 884//653
f 884//653 1205//934 1206//935
f 884//653 1206//935 885//654
f 1180//909 1179//908 1207//936
f 1200//929 1199//928 1208//937
f 885//654 1206//935 1209//938
f 1180//909 1207//936 1210//939
f 1210//939 1207//936 1211//940
f 1210//939 1211//940 1212//941
f 1211//940 1213//942 1212//941
f 1212//941 1213//942 1214//943
f 1212//941 1214//943 1215//944
f 1215//944 1214//943 1216//945
f 1215//944 1216//945 1217//946
f 1217//946 1216//945 1218//947
f 1217//946 1218//947 1219//948
f 1219//948 1218//947 1220//949
f 1219//948 1220//949 1221//950
f 1200//929 1208//937 1222//951
f 1222//951 1208//937 1223//952
f 1222//951 1223//952 1224//953
f 1224//953 1223//952 1225//954
f 1224//953 1225//954 1226//955
f 1226//955 1225//954 1227//956
f 1226//955 1227//956 1228//957
f 1228//957 1227//956 1229//958
f 1228//957 1229//958 1230//959
f 885//654 1209//938 892//661
f 892//661 1209//938 1231//960
f 892//661 1231//960 893//662
f 893//662 1231//960 1232//961
f 893//662 1232//961 891//660
f 891//660 1232//961 1233//962
f 891//660 1233//962 889//658
f 889//658 1233//962 1234//963
f 889//658 1234//963 890//659
f 1219//948 1221//950 1235//964
f 1230//959 1229//958 1236//965
f 890//659 1234//963 1237//966
f 1219//948 1235//964 1238//967
f 1238//967 1235//964 1239//968
f 1238//967 1239//968 1240//969
f 1240//969 1239//968 1241//970
f 1240//969 1241//970 1242//971
f 1242//971 1241//970 1243//972
f 1242//971 1243//972 1244//973
f 1243//972 1245//974 1244//973
f 1244//973 1245//974 1246//975
f 1244//973 1246//975 1247//976
f 1247//976 1246//975 1248//977
f 1247//976 1248//977 1249//978
f 1249//978 1248//977 1250//979
f 1249//978 1250//979 1251//980
f 1251//980 1250//979 1252//981
f 1251//980 1252//981 1253//982
f 1252//981 1254//983 1253//982
f 1253//982 1254//983 1255//984
f 1253//982 1255//984 1256//985
f 1256//985 1255//984 1257//986
f 1256//985 1257//986 1258//987
f 1258//987 1257//986 1259//988
f 1258//987 1259//988 1260//989
f 1260//989 1259//988 1261//990
f 1260//989 1261//990 1262//991
f 1262//991 1261//990 1263//992
f 1262//991 1263//992 1264//993
f 1264//993 1263//992 1265//994
f 1264//993 1265//994 1266//995
f 1266//995 1265//994 1267//996
f 1266//995 1267//996 1268//997
f 1268//997 1267//996 1020//748
f 1268//997 1020//748 1018//746
f 1230//959 1236//965 1269//998
f 1269//998 1236//965 1270//999
f 1269//998 1270//999 1271//1000
f 1271//1000 1270//999 1272//1001
f 1271//1000 1272//1001 1273//1002
f 1273//1002 1272//1001 1274//1003
f 1273//1002 1274//1003 1275//1004
f 1275//1004 1274//1003 1247//976
f 1275//1004 1247//976 1276//1005
f 1276//1005 1247//976 1249//978
f 1277//1006 1249//978 1278//1007
f 1278//1007 1249//978 1251//980
f 1278//1007 1251//980 1279//1008
f 1279//1008 1251//980 1253//982
f 1279//1008 1253//982 1280//1009
f 1280//1009 1253//982 1256//985
f 1280//1009 1256//985 1281//1010
f 1281//1010 1256//985 1258//987
f 1281//1010 1258//987 1282//1011
f 1282//1011 1258//987 1260//989
f 1282//1011 1260//989 1283//1012
f 1283//1012 1260//989 1262//991
f 1283//1012 1262//991 1284//1013
f 1284//1013 1262//991 1264//993
f 1284//1013 1264//993 1285//1014
f 1285//1014 1264//993 1266//995
f 1285//1014 1266//995 1286//1015
f 1286//1015 1266//995 1268//997
f 1286//1015 1268//997 1287//1016
f 1287//1016 1268//997 1018//746
f 1287//1016 1018//746 1016//744
f 890//659 1237//966 896//665
f 896//665 1237//966 1288//1017
f 896//665 1288//1017 894//663
f 894//663 1288//1017 1289//1018
f 894//663 1289//1018 898//667
f 898//667 1289//1018 1290//1019
f 898//667 1290//1019 900//669
f 900//669 1290//1019 1277//1006
f 900//669 1277//1006 902//671
f 902//671 1277//1006 1278//1007
f 902//671 1278//1007 904//673
f 904//673 1278//1007 1279//1008
f 904//673 1279//1008 905//674
f 905//674 1279//1008 1280//1009
f 905//674 1280//1009 908//677
f 908//677 1280//1009 1281//1010
f 908//677 1281//1010 909//678
f 909//678 1281//1010 1282//1011
f 909//678 1282//1011 910//679
f 910//679 1282//1011 1283//1012
f 910//679 1283//1012 911//680
f 911//680 1283//1012 1284//1013
f 911//680 1284//1013 912//681
f 912//681 1284//1013 1285//1014
f 912//681 1285//1014 913//682
f 913//682 1285//1014 1286//1015
f 913//682 1286//1015 914//683
f 914//683 1286//1015 1287//1016
f 914//683 1287//1016 915//684
f 915//684 1287//1016 1016//744
f 915//684 1016//744 816//585
f 1291//1020 1292//1021 1293//1022
f 1293//1022 1292//1021 1294//1023
f 1293//1022 1294//1023 1295//1024
f 1295//1024 1294//1023 1296//1025
f 1297//1026 1298//1027 1299//1028
f 1297//1026 1299//1028 1300//1029
f 1300//1029 1299//1028 1301//1030
f 1300//1029 1301//1030 1302//1031
f 1302//1031 1301//1030 1303//1032
f 1302//1031 1303//1032 1304//1033
f 1304//1033 1303//1032 1305//1034
f 1304//1033 1305//1034 1306//1035
f 1306//1035 1305//1034 1307//1036
f 1306//1035 1307//1036 1308//1037
f 1308//1037 1307//1036 1309//1038
f 1308//1037 1309//1038 1310//1039
f 1311//1040 1312//1040 1313//1040
f 1313//1041 1312//1041 1314//1041
f 1315//1042 1316//1042 1317//1042
f 1317//1043 1316//1043 1318//1043
f 1319//1044 1320//1044 1321//1044
f 1321//1045 1320//1045 1322//1045
f 1323//1046 1324//1046 1325//1046
f 1325//1047 1324//1047 1326//1047
f 1327//1048 1328//1048 1329//1048
f 1329//1049 1328//1049 1330//1049
f 1331//1050 1332//1050 1333//1050
f 1333//1051 1332//1051 1334//1051
f 1335//1052 1336//1052 1337//1052
f 1337//1053 1336//1053 1338//1053
f 1339//1054 1340//1054 1341//1054
f 1341//1055 1340//1055 1342//1055
f 1343//1056 1344//1056 1345//1056
f 1345//1057 1344//1057 1346//1057
f 1347//1058 1348//1058 1349//1058
f 1349//1059 1348//1059 1350//1059
f 1351//1060 1352//1060 1353//1060
f 1353//1061 1352//1061 1354//1061
f 1355//1062 1356//1062 1357//1062
f 1357//1063 1356//1063 1358//1063
f 1359//1041 1360//1041 1361//1041
f 1361//1041 1360//1041 1362//1041
f 1363//1064 1364//1064 1365//1064
f 1365//1043 1364//1043 1366//1043
f 1367//1065 1368//1065 1369//1065
f 1369//1045 1368//1045 1370//1045
f 1371//1046 1372//1046 1373//1046
f 1373//1066 1372//1066 1374//1066
f 1375//1048 1376//1048 1377//1048
f 1377//1067 1376//1067 1378//1067
f 1379//1068 1380//1068 1381//1068
f 1381//1050 1380//1050 1382//1050
f 1383//1069 1384//1069 1385//1069
f 1385//1070 1384//1070 1386//1070
f 1387//1071 1388//1071 1389//1071
f 1389//1055 1388//1055 1390//1055
f 1391//1072 1392//1072 1393//1072
f 1393//1057 1392//1057 1394//1057
f 1395//1058 1396//1058 1397//1058
f 1397//1073 1396//1073 1398//1073
f 1399//1060 1400//1060 1401//1060
f 1401//1074 1400//1074 1402//1074
f 1403//1062 1404//1062 1405//1062
f 1405//1075 1404//1075 1406//1075
f 1407//1040 1408//1040 1409//1040
f 1409//1076 1408//1076 1410//1076
f 1411//1043 1412//1043 1413//1043
f 1413//1077 1412//1077 1414//1077
f 1415//1078 1416//1078 1417//1078
f 1417//1079 1416//1079 1418//1079
f 1419//1080 1420//1080 1421//1080
f 1421//1081 1420//1081 1422//1081
f 1423//1049 1424//1049 1425//1049
f 1425//1082 1424//1082 1426//1082
f 1427//1050 1428//1050 1429//1050
f 1429//1083 1428//1083 1430//1083
f 1431//1052 1432//1052 1433//1052
f 1433//1069 1432//1069 1434//1069
f 1435//1084 1436//1084 1437//1084
f 1437//1054 1436//1054 1438//1054
f 1439//1085 1440//1085 1441//1085
f 1441//1086 1440//1086 1442//1086
f 1443//1087 1444//1087 1445//1087
f 1445//1088 1444//1088 1446//1088
f 1447//1089 1448//1089 1449//1089
f 1449//1060 1448//1060 1450//1060
f 1451//1062 1452//1062 1453//1062
f 1453//1090 1452//1090 1454//1090
f 1455//1041 1456//1041 1457//1041
f 1457//1076 1456//1076 1458//1076
f 1459//1091 1460//1091 1461//1091
f 1461//1077 1460//1077 1462//1077
f 1463//1092 1464//1092 1465//1092
f 1465//1079 1464//1079 1466//1079
f 1467//1080 1468//1080 1469//1080
f 1469//1093 1468//1093 1470//1093
f 1471//1049 1472//1049 1473//1049
f 1473//1094 1472//1094 1474//1094
f 1475//1068 1476//1068 1477//1068
f 1477//1095 1476//1095 1478//1095
f 1479//1069 1480//1069 1481//1069
f 1481//1096 1480//1096 1482//1096
f 1483//1097 1484//1097 1485//1097
f 1485//1054 1484//1054 1486//1054
f 1487//1098 1488//1098 1489//1098
f 1489//1086 1488//1086 1490//1086
f 1491//1087 1492//1087 1493//1087
f 1493//1099 1492//1099 1494//1099
f 1495//1089 1496//1089 1497//1089
f 1497//1100 1496//1100 1498//1100
f 1499//1062 1500//1062 1501//1062
f 1501//1062 1500//1062 1502//1062
f 1503//1101 1504//1102 1505//1103
f 1505//1103 1504//1102 1506//1104
f 1505//1103 1506//1104 1507//1105
f 1507//1105 1506//1104 1508//1106
f 1507//1105 1508//1106 1509//1107
f 1509//1107 1508//1106 1510//1108
f 1509//1107 1510//1108 1511//1109
f 1511//1109 1510//1108 1512//1110
f 1511//1109 1512//1110 1513//1111
f 1513//1111 1512//1110 1514//1112
f 1513//1111 1514//1112 1515//1113
f 1515//1113 1514//1112 1516//1114
f 1515//1113 1516//1114 1517//1115
f 1517//1115 1516//1114 1518//1116
f 1517//1115 1518//1116 1519//1117
f 1519//1117 1518//1116 1520//1118
f 1519//1117 1520//1118 1521//1119
f 1521//1119 1520//1118 1522//1120
f 1521//1119 1522//1120 1523//1121
f 1523//1121 1522//1120 1524//1122
f 1523//1121 1524//1122 1525//1123
f 1525//1123 1524//1122 1526//1124
f 1525//1123 1526//1124 1503//1101
f 1503//1101 1526//1124 1504//1102
f 1527//1125 1528//1125 1529//1125
f 1529//456 1528//456 1530//456
f 1529//1126 1530//1126 1531//1126
f 1532//456 1533//456 1534//456
f 1535//1127 1536//1127 1537//1127
f 1537//456 1536//456 1538//456
f 1539//1128 1540//1128 1530//1128
f 1530//1129 1540//1129 1541//1129
f 1530//1130 1541//1130 1531//1130
f 1531//456 1541//456 1542//456
f 1531//456 1542//456 1543//456
f 1534//456 1533//456 1543//456
f 1543//456 1533//456 1544//456
f 1543//456 1544//456 1531//456
f 1527//456 1545//456 1546//456
f 1546//1131 1545//1131 1547//1131
f 1546//1132 1547//1132 1548//1132
f 1549//456 1550//456 1551//456
f 1538//1133 1550//1133 1552//1133
f 1538//1134 1552//1134 1553//1134
f 1554//1135 1555//1135 1534//1135
f 1534//456 1555//456 1556//456
f 1534//1136 1556//1136 1532//1136
f 1557//456 1558//456 1548//456
f 1549//456 1551//456 1559//456
f 1559//456 1551//456 1546//456
f 1559//1137 1546//1137 1560//1137
f 1560//1138 1546//1138 1548//1138
f 1560//456 1548//456 1561//456
f 1562//456 1563//456 1553//456
f 1553//456 1563//456 1564//456
f 1553//456 1564//456 1538//456
f 1538//1139 1564//1139 1565//1139
f 1538//1140 1565//1140 1537//1140
f 1554//456 1566//456 1555//456
f 1555//456 1566//456 1567//456
f 1555//456 1567//456 1568//456
f 1568//1141 1567//1141 1569//1141
f 1568//456 1569//456 1548//456
f 1548//456 1569//456 1570//456
f 1548//456 1570//456 1557//456
f 1535//456 1571//456 1536//456
f 1536//1142 1571//1142 1572//1142
f 1536//1143 1572//1143 1567//1143
f 1562//1144 1573//1144 1563//1144
f 1563//456 1573//456 1574//456
f 1563//456 1574//456 1558//456
f 1558//456 1574//456 1575//456
f 1558//456 1575//456 1548//456
f 1548//1145 1575//1145 1576//1145
f 1548//456 1576//456 1561//456
f 1566//456 1577//456 1567//456
f 1567//456 1577//456 1578//456
f 1567//456 1578//456 1536//456
f 1536//1146 1578//1146 1579//1146
f 1536//1147 1579//1147 1530//1147
f 1530//1143 1579//1143 1580//1143
f 1530//1142 1580//1142 1539//1142
f 1298//1027 1297//1026 1581//1148
f 1581//1148 1297//1026 1582//1149
f 1583//1150 1584//430 1585//1151
f 1586//430 1587//430 1588//430
f 1295//1024 1296//1025 1589//430
f 1589//430 1296//1025 1590//1152
f 1591//430 1586//430 1592//430
f 1592//430 1586//430 1588//430
f 1592//1153 1588//1153 1589//1153
f 1589//430 1588//430 1583//430
f 1589//430 1583//1150 1295//1024
f 1295//1024 1583//1150 1585//1151
f 1593//483 1594//483 1595//483
f 1595//483 1594//483 1596//483
f 1597//456 1598//456 1599//456
f 1599//456 1598//456 1600//456
f 1601//1154 1602//1154 1603//1154
f 1603//1155 1602//1155 1604//1155
f 1605//456 1606//456 1607//456
f 1607//456 1608//456 1609//456
f 1609//456 1610//456 1607//456
f 1607//1156 1610//1156 1611//1156
f 1607//456 1611//456 1612//456
f 1612//456 1613//456 1607//456
f 1607//1157 1613//1157 1614//1157
f 1607//1158 1614//1158 1605//1158
f 1615//455 1616//455 1617//455
f 1615//455 1617//455 1618//455
f 1618//455 1617//455 1619//455
f 1618//455 1619//455 1620//455
f 1621//1159 1622//1159 1309//1038
f 1309//1038 1622//1159 1310//1039
f 1623//1160 1624//1160 1625//1160
f 1625//1161 1624//1161 1626//1161
f 1627//1162 1628//1162 1629//1162
f 1629//1163 1628//1163 1630//1163
f 1631//1164 1632//1165 1633//1166
f 1633//1166 1632//1165 1634//1167
f 1635//1168 1636//1169 1637//1170
f 1635//1168 1637//1170 1638//1171
f 1638//1171 1637//1170 1639//1172
f 1638//1171 1639//1172 1640//1173
f 1640//1173 1639//1172 1641//1174
f 1640//1173 1641//1174 1642//1175
f 1642//1175 1641//1174 1643//1176
f 1642//1175 1643//1176 1644//1177
f 1644//1177 1643//1176 1645//1178
f 1644//1177 1645//1178 1646//1179
f 1646//1179 1645//1178 1634//1167
f 1646//1179 1634//1167 1632//1165
f 1647//1180 1648//1181 1649//1182
f 1650//1183 1651//1184 1652//1185
f 1652//1185 1651//1184 1653//1186
f 1652//1185 1653//1186 1654//1187
f 1647//1180 1649//1182 1655//1188
f 1655//1188 1649//1182 1656//1189
f 1655//1188 1656//1189 1653//1186
f 1653//1186 1656//1189 1657//1190
f 1653//1186 1657//1190 1654//1187
f 1658//1191 1051//779 1659//1192
f 1659//1192 1051//779 1049//777
f 1659//1192 1049//777 1660//1193
f 1660//1193 1049//777 1047//775
f 1660//1193 1047//775 1045//773
f 1045//773 1043//771 1660//1193
f 1660//1193 1043//771 1041//769
f 1660//1193 1041//769 1652//1185
f 1041//769 1039//767 1652//1185
f 1652//1185 1039//767 1037//765
f 1652//1185 1037//765 1035//763
f 1020//748 1650//1183 1019//747
f 1019//747 1650//1183 1652//1185
f 1019//747 1652//1185 1024//752
f 1024//752 1652//1185 1035//763
f 1020//748 1267//996 1650//1183
f 1650//1183 1267//996 1265//994
f 1650//1183 1265//994 1661//1194
f 1265//994 1263//992 1661//1194
f 1661//1194 1263//992 1261//990
f 1661//1194 1261//990 1662//1195
f 1662//1195 1261//990 1259//988
f 1252//981 1663//1196 1254//983
f 1254//983 1663//1196 1664//1197
f 1254//983 1664//1197 1255//984
f 1255//984 1664//1197 1662//1195
f 1255//984 1662//1195 1257//986
f 1257//986 1662//1195 1259//988
f 1252//981 1250//979 1663//1196
f 1663//1196 1250//979 1248//977
f 1663//1196 1248//977 1665//1198
f 1665//1198 1248//977 1246//975
f 1665//1198 1246//975 1666//1199
f 1666//1199 1246//975 1245//974
f 1666//1199 1245//974 1667//1200
f 1667//1200 1245//974 1243//972
f 1667//1200 1243//972 1668//1201
f 1243//972 1241//970 1668//1201
f 1668//1201 1241//970 1239//968
f 1668//1201 1239//968 1669//1202
f 1669//1202 1239//968 1235//964
f 1669//1202 1235//964 1670//1203
f 1235//964 1221//950 1670//1203
f 1670//1203 1221//950 1220//949
f 1670//1203 1220//949 1671//1204
f 1671//1204 1220//949 1218//947
f 1671//1204 1218//947 1672//1205
f 1672//1205 1218//947 1673//1206
f 1673//1206 1218//947 1674//1207
f 1674//1207 1218//947 1216//945
f 1674//1207 1216//945 1675//1208
f 1675//1208 1216//945 1214//943
f 1675//1208 1214//943 1676//1209
f 1676//1209 1214//943 1213//942
f 1676//1209 1213//942 1677//1210
f 1677//1210 1213//942 1211//940
f 1677//1210 1211//940 1678//1211
f 1175//904 1679//1212 1177//906
f 1177//906 1679//1212 1680//1213
f 1177//906 1680//1213 1179//908
f 1179//908 1680//1213 1681//1214
f 1179//908 1681//1214 1207//936
f 1207//936 1681//1214 1682//1215
f 1207//936 1682//1215 1211//940
f 1211//940 1682//1215 1683//1216
f 1211//940 1683//1216 1678//1211
f 1173//902 1684//1217 1685//1218
f 1685//1218 1686//1219 1173//902
f 1173//902 1686//1219 1687//1220
f 1173//902 1687//1220 1175//904
f 1175//904 1687//1220 1688//1221
f 1175//904 1688//1221 1679//1212
f 1684//1217 1173//902 1689//1222
f 1689//1222 1173//902 1171//900
f 1689//1222 1171//900 1690//1223
f 1169//898 1291//1020 1171//900
f 1171//900 1291//1020 1691//1224
f 1171//900 1691//1224 1690//1223
f 1169//898 1167//896 1291//1020
f 1291//1020 1167//896 1165//894
f 1291//1020 1165//894 1163//892
f 1163//892 1161//890 1291//1020
f 1291//1020 1161//890 1159//888
f 1291//1020 1159//888 1157//886
f 1157//886 1154//883 1291//1020
f 1291//1020 1154//883 1151//880
f 1291//1020 1151//880 1292//1021
f 1292//1021 1151//880 1124//853
f 1292//1021 1124//853 1122//851
f 1122//851 1120//849 1292//1021
f 1292//1021 1120//849 1118//847
f 1292//1021 1118//847 1116//845
f 1692//1225 1693//1226 1110//839
f 1110//839 1693//1226 1694//1227
f 1116//845 1114//843 1292//1021
f 1292//1021 1114//843 1112//841
f 1292//1021 1112//841 1695//1228
f 1695//1228 1112//841 1110//839
f 1695//1228 1110//839 1696//1229
f 1696//1229 1110//839 1694//1227
f 1692//1225 1110//839 1697//1230
f 1697//1230 1110//839 1108//837
f 1697//1230 1108//837 1698//1231
f 1104//833 1699//1232 1108//837
f 1108//837 1699//1232 1700//1233
f 1108//837 1700//1233 1698//1231
f 1701//1234 1702//1235 1085//814
f 1085//814 1702//1235 1703//1236
f 1085//814 1703//1236 1104//833
f 1104//833 1703//1236 1704//1237
f 1104//833 1704//1237 1699//1232
f 1083//812 1705//1238 1090//819
f 1090//819 1705//1238 1706//1239
f 1701//1234 1085//814 1707//1240
f 1707//1240 1085//814 1087//816
f 1707//1240 1087//816 1706//1239
f 1706//1239 1087//816 1089//818
f 1706//1239 1089//818 1090//819
f 1708//1241 1709//1242 1080//809
f 1080//809 1709//1242 1710//1243
f 1080//809 1710//1243 1081//810
f 1081//810 1710//1243 1711//1244
f 1081//810 1711//1244 1083//812
f 1083//812 1711//1244 1712//1245
f 1083//812 1712//1245 1705//1238
f 1080//809 1076//805 1708//1241
f 1708//1241 1076//805 1075//804
f 1708//1241 1075//804 1713//1246
f 1713//1246 1075//804 1067//795
f 1713//1246 1067//795 1714//1247
f 1714//1247 1067//795 1022//750
f 1714//1247 1022//750 1715//1248
f 1715//1248 1022//750 1716//1249
f 1058//786 1717//1250 1060//788
f 1060//788 1717//1250 1716//1249
f 1060//788 1716//1249 1021//749
f 1021//749 1716//1249 1022//750
f 1058//786 1056//784 1717//1250
f 1717//1250 1056//784 1054//782
f 1717//1250 1054//782 1658//1191
f 1658//1191 1054//782 1053//781
f 1658//1191 1053//781 1051//779
f 1718//1251 1719//1252 1720//483
f 1720//483 1719//1252 1721//483
f 1722//1253 1723//1254 1585//1151
f 1585//1151 1723//1254 1724//1255
f 1585//1151 1724//1255 1295//1024
f 1725//1256 1726//1257 1727//1258
f 1727//1258 1726//1257 1728//1259
f 1727//1258 1728//1259 1729//1260
f 1722//1253 1728//1259 1730//1261
f 1722//1253 1730//1261 1723//1254
f 1731//1262 1732//1263 1733//1264
f 1733//1264 1732//1263 1734//1265
f 1733//1264 1734//1265 1727//1258
f 1727//1258 1734//1265 1735//1266
f 1727//1258 1735//1266 1725//1256
f 1736//1267 1731//1262 1737//1268
f 1737//1268 1731//1262 1733//1264
f 1737//1268 1733//1264 1738//1269
f 1738//1269 1733//1264 1739//1270
f 1719//1252 1718//1251 1740//1271
f 1740//1271 1718//1251 1741//1272
f 1741//1272 1742//1273 1740//1271
f 1740//1271 1742//1273 1743//1274
f 1740//1271 1743//1274 1739//1270
f 1739//1270 1743//1274 1744//1275
f 1739//1270 1744//1275 1738//1269
f 1745//1276 1746//1277 1747//1278
f 1736//1267 1748//1279 1731//1262
f 1731//1262 1748//1279 1749//1280
f 1731//1262 1749//1280 1745//1276
f 1746//1277 1750//1281 1680//1213
f 1680//1213 1750//1281 1751//1282
f 1680//1213 1751//1282 1681//1214
f 1681//1214 1751//1282 1682//1215
f 1746//1277 1680//1213 1747//1278
f 1752//1283 1680//1213 1679//1212
f 1752//1283 1679//1212 1753//1284
f 1753//1284 1679//1212 1688//1221
f 1753//1284 1688//1221 1754//1285
f 1754//1285 1688//1221 1687//1220
f 1754//1285 1687//1220 1755//1286
f 1755//1286 1687//1220 1686//1219
f 1755//1286 1686//1219 1756//1287
f 1756//1287 1686//1219 1685//1218
f 1756//1287 1685//1218 1757//1288
f 1757//1288 1685//1218 1684//1217
f 1757//1288 1684//1217 1758//1289
f 1758//1289 1684//1217 1689//1222
f 1758//1289 1689//1222 1759//1290
f 1759//1290 1689//1222 1690//1223
f 1759//1290 1690//1223 1760//1291
f 1760//1291 1690//1223 1691//1224
f 1760//1291 1691//1224 1761//1292
f 1761//1292 1691//1224 1291//1020
f 1761//1292 1291//1020 1293//1022
f 1745//1276 1747//1278 1731//1262
f 1731//1262 1747//1278 1762//1293
f 1731//1262 1762//1293 1732//1263
f 1732//1263 1762//1293 1754//1285
f 1732//1263 1754//1285 1734//1265
f 1734//1265 1754//1285 1755//1286
f 1734//1265 1755//1286 1735//1266
f 1735//1266 1755//1286 1756//1287
f 1735//1266 1756//1287 1725//1256
f 1725//1256 1756//1287 1757//1288
f 1725//1256 1757//1288 1726//1257
f 1726//1257 1757//1288 1758//1289
f 1726//1257 1758//1289 1728//1259
f 1728//1259 1758//1289 1759//1290
f 1728//1259 1759//1290 1730//1261
f 1730//1261 1759//1290 1760//1291
f 1730//1261 1760//1291 1723//1254
f 1723//1254 1760//1291 1761//1292
f 1723//1254 1761//1292 1724//1255
f 1724//1255 1761//1292 1293//1022
f 1724//1255 1293//1022 1295//1024
f 1763//1294 1764//1295 1765//1296
f 1766//1297 1767//1298 1768//1299
f 1768//1299 1769//1300 1770//1301
f 1771//1302 1766//1302 1772//1303
f 1772//1304 1766//1297 1768//1299
f 1772//1304 1768//1299 1773//1305
f 1773//1305 1768//1299 1770//1301
f 1769//1300 1768//1299 1774//1306
f 1774//1306 1768//1299 1775//1307
f 1774//1306 1775//1307 1776//1308
f 1775//1307 1777//1309 1776//1308
f 1776//1308 1777//1309 1778//1310
f 1776//1308 1778//1310 1779//1311
f 1779//1311 1778//1310 1780//1312
f 1780//1312 1778//1310 1781//1313
f 1780//1312 1781//1313 1782//1314
f 1783//1315 1784//1316 1785//1317
f 1785//1317 1784//1316 1786//1318
f 1785//1317 1786//1318 1782//1314
f 1782//1314 1786//1318 1787//1319
f 1782//1314 1787//1319 1780//1312
f 1764//1295 1763//1294 1788//1320
f 1788//1320 1763//1294 1789//1321
f 1788//1320 1789//1321 1790//1322
f 1790//1322 1789//1321 1791//1323
f 1790//1322 1791//1323 1783//1315
f 1783//1315 1791//1323 1792//1324
f 1783//1315 1792//1324 1784//1316
f 1765//1296 1764//1295 1793//1325
f 1793//1325 1764//1295 1794//1326
f 1793//1325 1794//1326 1795//1327
f 1795//1327 1794//1326 1796//1328
f 1795//1327 1796//1328 1797//1329
f 1797//1329 1796//1328 1798//1330
f 1798//1330 1796//1328 1799//1331
f 1798//1330 1799//1331 1800//1332
f 1800//1333 1799//1334 1801//1335
f 1800//1336 1801//1337 1802//1338
f 1802//1339 1801//1340 1803//1341
f 1803//1342 1801//1343 1804//1344
f 1803//1345 1804//1346 1805//1347
f 1806//1348 1807//1349 1808//1350
f 1808//1350 1807//1349 1809//1351
f 1808//1350 1809//1351 1810//1352
f 1810//1352 1809//1351 1811//1353
f 1805//1354 1804//1355 1812//1356
f 1812//1357 1804//1358 1813//1359
f 1812//1360 1813//1361 1811//1362
f 1811//1363 1813//1364 1814//1365
f 1811//1366 1814//1367 1810//1368
f 1815//1369 1816//1370 1817//1371
f 1817//1372 1816//1373 1818//1374
f 1817//1375 1818//1376 1819//1377
f 1819//1378 1818//1379 1820//1380
f 1821//1381 1822//1382 1820//1383
f 1820//1384 1822//1385 1823//1386
f 1820//1387 1823//1388 1819//1389
f 1821//1390 1824//1391 1825//1392
f 1825//1393 1824//1394 1826//1395
f 1825//1396 1826//1397 1827//1398
f 1827//1399 1826//1400 1828//1401
f 1826//1400 1829//1402 1828//1401
f 1828//1403 1829//1404 1830//1405
f 1828//1406 1830//1407 1831//1408
f 1831//1408 1830//1407 1832//1409
f 1831//1408 1832//1409 1833//1410
f 1833//1410 1832//1409 1834//1411
f 1834//1411 1832//1409 1835//1412
f 1834//1411 1835//1412 1836//1413
f 1835//1412 1837//1414 1836//1413
f 1836//1413 1837//1414 1838//1415
f 1836//1413 1838//1415 1839//1416
f 1839//1416 1838//1415 1840//1417
f 1839//1416 1840//1417 1841//1418
f 1841//1418 1840//1417 1842//1419
f 1843//1420 1844//1421 1845//1422
f 1845//1422 1844//1421 1846//1423
f 1845//1422 1846//1423 1847//1424
f 1847//1424 1846//1423 1848//1425
f 1847//1424 1848//1425 1842//1419
f 1842//1419 1848//1425 1849//1426
f 1842//1419 1849//1426 1841//1418
f 1845//1422 1850//1427 1843//1420
f 1843//1420 1850//1427 1851//1428
f 1843//1420 1851//1428 1852//1429
f 1852//1429 1851//1428 1853//1430
f 1852//1429 1853//1430 1854//1431
f 1854//1431 1853//1430 1855//1432
f 1855//1432 1853//1430 1856//1433
f 1855//1432 1856//1433 1857//1434
f 1858//1435 1859//1436 1860//1437
f 1861//1438 1862//1439 1860//1437
f 1860//1437 1862//1439 1863//1440
f 1860//1437 1863//1440 1858//1435
f 1864//1441 1865//1442 1860//1437
f 1860//1437 1865//1442 1866//1443
f 1860//1437 1866//1443 1861//1438
f 1857//1434 1867//1444 1855//1432
f 1855//1432 1867//1444 1868//1445
f 1855//1432 1868//1445 1869//1446
f 1869//1446 1868//1445 1864//1441
f 1869//1446 1864//1441 1870//1447
f 1870//1447 1864//1441 1860//1437
f 1870//1447 1860//1437 1871//1448
f 1871//1448 1860//1437 1859//1436
f 1872//1449 1873//1450 1874//1451
f 1874//1451 1873//1450 1875//1452
f 1874//1451 1875//1452 1876//1453
f 1877//1454 1704//1237 1878//1455
f 1878//1455 1704//1237 1703//1236
f 1878//1455 1703//1236 1702//1235
f 1877//1454 1879//1456 1880//1457
f 1880//1457 1879//1456 1881//1458
f 1880//1457 1881//1458 1876//1453
f 1876//1453 1875//1452 1880//1457
f 1880//1457 1875//1452 1882//1459
f 1880//1457 1882//1459 1883//1460
f 1883//1460 1882//1459 1884//1461
f 1883//1460 1884//1461 1885//1462
f 1885//1462 1884//1461 1886//1463
f 1885//1462 1886//1463 1887//1464
f 1887//1464 1886//1463 1888//1465
f 1887//1464 1888//1465 1889//1466
f 1889//1466 1888//1465 1890//1467
f 1889//1466 1890//1467 1891//1468
f 1891//1468 1890//1467 1892//1469
f 1891//1468 1892//1469 1893//1470
f 1893//1470 1892//1469 1894//1471
f 1893//1470 1894//1471 1895//1472
f 1895//1472 1894//1471 1896//1473
f 1895//1472 1896//1473 1897//1474
f 1897//1474 1896//1473 1898//1475
f 1897//1474 1898//1475 1899//1476
f 1899//1476 1898//1475 1296//1025
f 1899//1476 1296//1025 1294//1023
f 1877//1454 1880//1457 1704//1237
f 1704//1237 1880//1457 1883//1460
f 1704//1237 1883//1460 1699//1232
f 1699//1232 1883//1460 1885//1462
f 1699//1232 1885//1462 1700//1233
f 1700//1233 1885//1462 1887//1464
f 1700//1233 1887//1464 1698//1231
f 1698//1231 1887//1464 1889//1466
f 1698//1231 1889//1466 1697//1230
f 1697//1230 1889//1466 1891//1468
f 1697//1230 1891//1468 1692//1225
f 1692//1225 1891//1468 1893//1470
f 1692//1225 1893//1470 1693//1226
f 1693//1226 1893//1470 1895//1472
f 1693//1226 1895//1472 1694//1227
f 1694//1227 1895//1472 1897//1474
f 1694//1227 1897//1474 1696//1229
f 1696//1229 1897//1474 1899//1476
f 1696//1229 1899//1476 1695//1228
f 1695//1228 1899//1476 1294//1023
f 1695//1228 1294//1023 1292//1021
f 1896//1473 1894//1471 1900//1477
f 1882//1459 1875//1452 1901//1478
f 1902//1479 1903//1480 1904//1481
f 1904//1481 1903//1480 1905//1482
f 1904//1481 1905//1482 1906//1483
f 1906//1483 1905//1482 1907//1484
f 1907//1484 1905//1482 1908//1485
f 1908//1485 1905//1482 1909//1486
f 1908//1485 1909//1486 1910//1487
f 1875//1452 1873//1450 1901//1478
f 1901//1478 1873//1450 1911//1488
f 1901//1478 1911//1488 1909//1486
f 1909//1486 1911//1488 1912//1489
f 1909//1486 1912//1489 1910//1487
f 1890//1467 1888//1465 1913//1490
f 1913//1490 1888//1465 1886//1463
f 1913//1490 1886//1463 1901//1478
f 1901//1478 1886//1463 1884//1461
f 1901//1478 1884//1461 1882//1459
f 1900//1477 1894//1471 1913//1490
f 1913//1490 1894//1471 1892//1469
f 1913//1490 1892//1469 1890//1467
f 1896//1473 1900//1477 1898//1475
f 1898//1475 1900//1477 1590//1152
f 1898//1475 1590//1152 1296//1025
f 1903//1480 1902//1479 1914//455
f 1914//455 1902//1479 1915//455
f 1916//488 1917//488 1918//488
f 1918//1491 1917//1491 1919//1491
f 1918//1492 1919//1492 1920//1492
f 1920//488 1919//488 1921//488
f 1922//1493 1923//1494 1924//1495
f 1924//1495 1923//1494 1925//1496
f 1925//1496 1923//1494 1926//1497
f 1925//1496 1926//1497 1927//1498
f 1928//1499 1929//1500 1930//1501
f 1930//1501 1929//1500 1931//1502
f 1930//1501 1931//1502 1924//1495
f 1924//1495 1931//1502 1932//1503
f 1924//1495 1932//1503 1922//1493
f 1933//1504 1934//1505 1935//1506
f 1935//1506 1934//1505 1936//1507
f 1935//1506 1936//1507 1928//1499
f 1928//1499 1936//1507 1937//1508
f 1928//1499 1937//1508 1929//1500
f 1938//1509 1939//1510 1933//1511
f 1933//1512 1939//1513 1940//1514
f 1933//1515 1940//1516 1934//1517
f 1941//1518 1942//1519 1943//1520
f 1943//1520 1942//1519 1944//1521
f 1943//1520 1944//1521 1945//1522
f 1945//1522 1944//1521 1946//1523
f 1945//1522 1946//1523 1947//1524
f 1947//1524 1946//1523 1948//1525
f 1947//1524 1948//1525 1938//1509
f 1938//1509 1948//1525 1949//1526
f 1938//1509 1949//1526 1939//1510
f 1941//1518 1943//1520 1950//1527
f 1950//1527 1943//1520 1951//1528
f 1950//1527 1951//1528 1952//1529
f 1953//1530 1954//1531 1955//1532
f 1955//1532 1954//1531 1956//1533
f 1955//1532 1956//1533 1951//1528
f 1951//1528 1956//1533 1957//1534
f 1951//1528 1957//1534 1952//1529
f 1958//1535 1959//1536 1960//1537
f 1961//1538 1962//1539 1963//1540
f 1963//1540 1962//1539 1964//1541
f 1963//1540 1964//1541 1965//1542
f 1966//1543 1967//1544 1963//1540
f 1963//1540 1967//1544 1968//1545
f 1963//1540 1968//1545 1961//1538
f 1969//1546 1953//1530 1970//1547
f 1970//1547 1953//1530 1955//1532
f 1970//1547 1955//1532 1965//1542
f 1965//1542 1955//1532 1958//1535
f 1965//1542 1958//1535 1963//1540
f 1963//1540 1958//1535 1960//1537
f 1963//1540 1960//1537 1966//1543
f 1971//1548 1972//1549 1973//1550
f 1973//1550 1972//1549 1974//1551
f 1973//1550 1974//1551 1975//1552
f 1975//1552 1974//1551 1976//1553
f 1975//1552 1976//1553 1977//1554
f 1978//1555 1979//1556 1980//1557
f 1976//1553 1981//1558 1977//1554
f 1982//1559 1981//1560 1983//1561
f 1982//1562 1983//1563 1984//1564
f 1984//1564 1983//1563 1985//1565
f 1984//1564 1985//1565 1986//1566
f 1987//1567 1985//1568 1978//1555
f 1987//1567 1978//1555 1988//1569
f 1988//1569 1978//1555 1980//1557
f 1979//1556 1989//1570 1980//1557
f 1980//1557 1989//1570 1990//1571
f 1980//1557 1990//1571 1991//1572
f 1990//1571 1992//1573 1991//1572
f 1991//1572 1992//1573 1993//1574
f 1991//1572 1993//1574 1994//1575
f 1994//1575 1993//1574 1995//1576
f 1995//1576 1996//1577 1994//1575
f 1994//1575 1996//1577 1997//1578
f 1994//1575 1997//1578 1998//1579
f 1997//1578 1999//1580 1998//1579
f 1998//1579 1999//1580 2000//1581
f 1998//1579 2000//1581 2001//1582
f 2002//1583 2003//1584 2004//1585
f 2004//1585 2003//1584 2005//1586
f 2004//1585 2005//1586 2006//1587
f 2007//1588 2008//1589 2004//1585
f 2004//1585 2008//1589 2009//1590
f 2004//1585 2009//1590 2002//1583
f 2006//1587 2010//1591 2004//1585
f 2004//1585 2010//1591 1998//1579
f 2004//1585 1998//1579 2007//1588
f 2007//1588 1998//1579 2001//1582
f 2011//1592 2012//1593 2013//1594
f 2013//1594 2012//1593 2014//1595
f 2014//1596 2015//1597 2016//1598
f 2016//1598 2015//1597 2017//1599
f 2016//1598 2017//1599 1971//1548
f 1971//1548 2017//1599 2018//1600
f 1971//1548 2018//1600 1972//1549
f 2019//456 2020//456 2021//456
f 2021//1601 2020//1601 2022//1601
f 2021//456 2022//456 2023//456
f 2023//456 2022//456 2024//456
f 2022//456 2025//456 2024//456
f 2024//456 2025//456 2026//456
f 2024//1602 2026//1602 2027//1602
f 2027//1603 2026//1603 2028//1603
f 2029//1604 2028//1604 2030//1604
f 2030//1605 2031//1605 2029//1605
f 2029//1606 2031//1606 2032//1606
f 2029//456 2032//456 2033//456
f 2032//456 2034//456 2033//456
f 2033//1607 2034//1607 2035//1607
f 2033//456 2035//456 2036//456
f 2036//1608 2035//1608 2037//1608
f 2036//456 2037//456 2038//456
f 2038//1609 2037//1609 2039//1609
f 2038//456 2039//456 2040//456
f 2040//456 2039//456 2020//456
f 2040//456 2020//456 2041//456
f 2041//456 2020//456 2019//456
f 2042//1610 1636//1169 2043//1611
f 2043//1611 1636//1169 1635//1168
f 2044//455 2045//455 2046//455
f 2046//455 2045//455 2047//455
f 2048//1612 2049//1612 2050//1612
f 2050//1613 2049//1613 2051//1613
f 2052//1614 2053//1614 2054//1614
f 2052//1615 2054//1615 2055//1615
f 2055//1616 2054//1616 2056//1616
f 2055//1617 2056//1617 2057//1617
