# Converted from link6.dae
v -0.001763 0.012946 -0.011509
v -0.002103 0.013320 -0.011511
v -0.001923 0.013187 -0.003410
v -0.001763 0.012992 -0.003409
v -0.001622 0.012781 -0.003408
v -0.001504 0.012511 -0.011507
v -0.001504 0.012557 -0.003407
v -0.001409 0.012322 -0.003405
v -0.001339 0.012033 -0.011504
v -0.001339 0.012079 -0.003404
v -0.001293 0.011830 -0.003403
v -0.001273 0.011532 -0.011501
v -0.001273 0.011577 -0.003401
v -0.001278 0.011324 -0.003400
v -0.001309 0.011027 -0.011498
v -0.001309 0.011073 -0.003398
v -0.001366 0.010826 -0.003397
v -0.001447 0.010540 -0.011496
v -0.001447 0.010586 -0.003396
v -0.001551 0.010355 -0.003394
v -0.001679 0.010091 -0.011493
v -0.001679 0.010136 -0.003393
v -0.001828 0.009932 -0.003392
v -0.001997 0.009698 -0.011491
v -0.001997 0.009743 -0.003391
v -0.002184 0.009573 -0.003390
v -0.002388 0.009377 -0.011489
v -0.002388 0.009422 -0.003389
v -0.002606 0.009293 -0.003388
v -0.002835 0.009141 -0.011488
v -0.002835 0.009186 -0.003388
v -0.003075 0.009103 -0.003387
v -0.003321 0.009000 -0.011487
v -0.003321 0.009045 -0.003387
v -0.003572 0.009012 -0.003387
v -0.003825 0.008959 -0.011487
v -0.003825 0.009005 -0.003387
v -0.004078 0.009023 -0.003387
v -0.004327 0.009021 -0.011487
v -0.004327 0.009067 -0.003387
v -0.004571 0.009135 -0.003388
v -0.004807 0.009183 -0.011488
v -0.004807 0.009228 -0.003388
v -0.005032 0.009345 -0.003389
v -0.005244 0.009438 -0.011489
v -0.005244 0.009483 -0.003390
v -0.005441 0.009597 -0.011490
v -0.005441 0.009642 -0.003390
v -0.005620 0.009776 -0.011491
v -0.005620 0.009821 -0.003391
v -0.005781 0.010016 -0.003393
v -0.005921 0.010182 -0.011494
v -0.005921 0.010227 -0.003394
v -0.006039 0.010451 -0.003395
v -0.006134 0.010641 -0.011496
v -0.006134 0.010686 -0.003396
v -0.006205 0.010929 -0.003398
v -0.006251 0.011133 -0.011499
v -0.006251 0.011178 -0.003399
v -0.006271 0.011431 -0.003400
v -0.006265 0.011639 -0.011502
v -0.006265 0.011684 -0.003402
v -0.006234 0.011935 -0.003403
v -0.006178 0.012137 -0.011504
v -0.006178 0.012182 -0.003405
v -0.006097 0.012422 -0.003406
v -0.005992 0.012608 -0.011507
v -0.005992 0.012653 -0.003407
v -0.005865 0.012872 -0.003408
v -0.005716 0.013031 -0.011509
v -0.005716 0.013076 -0.003410
v -0.005547 0.013265 -0.003411
v -0.005359 0.013390 -0.011511
v -0.005359 0.013435 -0.003412
v -0.005156 0.013586 -0.003412
v -0.004938 0.013670 -0.011513
v -0.004938 0.013715 -0.003413
v -0.004708 0.013822 -0.003414
v -0.004469 0.013860 -0.011514
v -0.004469 0.013905 -0.003414
v -0.004223 0.013963 -0.003415
v -0.003971 0.013951 -0.011515
v -0.003971 0.013996 -0.003415
v -0.003718 0.014003 -0.003415
v -0.003466 0.013940 -0.011515
v -0.003466 0.013985 -0.003415
v -0.003216 0.013941 -0.003414
v -0.002972 0.013827 -0.011514
v -0.002972 0.013873 -0.003414
v -0.002737 0.013780 -0.003414
v -0.002512 0.013618 -0.011513
v -0.002512 0.013663 -0.003413
v -0.002300 0.013525 -0.003412
v -0.002103 0.013366 -0.003411
v -0.005307 0.009745 -0.011691
v -0.005472 0.009909 -0.011692
v -0.003772 0.011458 -0.011701
v -0.005126 0.009598 -0.011690
v -0.003821 0.009158 -0.011688
v -0.004283 0.009215 -0.011688
v -0.004724 0.009364 -0.011689
v -0.002499 0.009542 -0.011690
v -0.002910 0.009325 -0.011689
v -0.003357 0.009195 -0.011688
v -0.001633 0.010613 -0.011696
v -0.001846 0.010199 -0.011694
v -0.002139 0.009838 -0.011692
v -0.001533 0.011986 -0.011704
v -0.001473 0.011525 -0.011701
v -0.001506 0.011061 -0.011698
v -0.002237 0.013170 -0.011710
v -0.001923 0.012826 -0.011708
v -0.001686 0.012426 -0.011706
v -0.003490 0.013740 -0.011713
v -0.003036 0.013637 -0.011713
v -0.002613 0.013444 -0.011712
v -0.004845 0.013492 -0.011712
v -0.004413 0.013666 -0.011713
v -0.003955 0.013750 -0.011713
v -0.005815 0.012515 -0.011707
v -0.005560 0.012904 -0.011709
v -0.005232 0.013234 -0.011711
v -0.006052 0.011158 -0.011699
v -0.006066 0.011623 -0.011702
v -0.005986 0.012082 -0.011704
v -0.005749 0.010283 -0.011694
v -0.005945 0.010705 -0.011696
v -0.005307 0.009793 -0.003191
v -0.004931 0.009519 -0.003190
v -0.003772 0.011505 -0.003201
v -0.006010 0.010976 -0.003198
v -0.005858 0.010537 -0.003195
v -0.005620 0.010137 -0.003193
v -0.005911 0.012350 -0.003206
v -0.006037 0.011902 -0.003203
v -0.006071 0.011438 -0.003200
v -0.005045 0.013421 -0.003211
v -0.005405 0.013125 -0.003210
v -0.005697 0.012763 -0.003208
v -0.003723 0.013805 -0.003214
v -0.004186 0.013767 -0.003213
v -0.004633 0.013638 -0.003213
v -0.002418 0.013364 -0.003211
v -0.002820 0.013599 -0.003213
v -0.003261 0.013748 -0.003213
v -0.001598 0.012258 -0.003205
v -0.001794 0.012680 -0.003207
v -0.002071 0.013054 -0.003209
v -0.001558 0.010881 -0.003197
v -0.001478 0.011339 -0.003200
v -0.001491 0.011805 -0.003202
v -0.002311 0.009728 -0.003191
v -0.001984 0.010059 -0.003193
v -0.001729 0.010448 -0.003195
v -0.003588 0.009212 -0.003188
v -0.003130 0.009296 -0.003188
v -0.002699 0.009471 -0.003189
v -0.004507 0.009326 -0.003189
v -0.004054 0.009223 -0.003188
v -0.005472 0.009909 -0.011692
v -0.005307 0.009745 -0.011691
v -0.005441 0.009597 -0.011490
v -0.005441 0.009597 -0.011490
v -0.005244 0.009438 -0.011489
v -0.005126 0.009598 -0.011690
v -0.005244 0.009438 -0.011489
v -0.004724 0.009364 -0.011689
v -0.004807 0.009183 -0.011488
v -0.004283 0.009215 -0.011688
v -0.004327 0.009021 -0.011487
v -0.003821 0.009158 -0.011688
v -0.003825 0.008959 -0.011487
v -0.003357 0.009195 -0.011688
v -0.003321 0.009000 -0.011487
v -0.002910 0.009325 -0.011689
v -0.002835 0.009141 -0.011488
v -0.002499 0.009542 -0.011690
v -0.002388 0.009377 -0.011489
v -0.002139 0.009838 -0.011692
v -0.001997 0.009698 -0.011491
v -0.001846 0.010199 -0.011694
v -0.001679 0.010091 -0.011493
v -0.001633 0.010613 -0.011696
v -0.001447 0.010540 -0.011496
v -0.001506 0.011061 -0.011698
v -0.001309 0.011027 -0.011498
v -0.001473 0.011525 -0.011701
v -0.001273 0.011532 -0.011501
v -0.001533 0.011986 -0.011704
v -0.001339 0.012033 -0.011504
v -0.001686 0.012426 -0.011706
v -0.001504 0.012511 -0.011507
v -0.001923 0.012826 -0.011708
v -0.001763 0.012946 -0.011509
v -0.002237 0.013170 -0.011710
v -0.002103 0.013320 -0.011511
v -0.002613 0.013444 -0.011712
v -0.002512 0.013618 -0.011513
v -0.003036 0.013637 -0.011713
v -0.002972 0.013827 -0.011514
v -0.003490 0.013740 -0.011713
v -0.003466 0.013940 -0.011515
v -0.003955 0.013750 -0.011713
v -0.003971 0.013951 -0.011515
v -0.004413 0.013666 -0.011713
v -0.004469 0.013860 -0.011514
v -0.004845 0.013492 -0.011712
v -0.004938 0.013670 -0.011513
v -0.005232 0.013234 -0.011711
v -0.005359 0.013390 -0.011511
v -0.005560 0.012904 -0.011709
v -0.005716 0.013031 -0.011509
v -0.005815 0.012515 -0.011707
v -0.005992 0.012608 -0.011507
v -0.005986 0.012082 -0.011704
v -0.006178 0.012137 -0.011504
v -0.006066 0.011623 -0.011702
v -0.006265 0.011639 -0.011502
v -0.006052 0.011158 -0.011699
v -0.006251 0.011133 -0.011499
v -0.005945 0.010705 -0.011696
v -0.006134 0.010641 -0.011496
v -0.005749 0.010283 -0.011694
v -0.005921 0.010182 -0.011494
v -0.005620 0.009776 -0.011491
v -0.004931 0.009519 -0.003190
v -0.005307 0.009793 -0.003191
v -0.005244 0.009483 -0.003390
v -0.005032 0.009345 -0.003389
v -0.004807 0.009228 -0.003388
v -0.004507 0.009326 -0.003189
v -0.004571 0.009135 -0.003388
v -0.004327 0.009067 -0.003387
v -0.004054 0.009223 -0.003188
v -0.004078 0.009023 -0.003387
v -0.003825 0.009005 -0.003387
v -0.003588 0.009212 -0.003188
v -0.003572 0.009012 -0.003387
v -0.003321 0.009045 -0.003387
v -0.003130 0.009296 -0.003188
v -0.003075 0.009103 -0.003387
v -0.002835 0.009186 -0.003388
v -0.002699 0.009471 -0.003189
v -0.002606 0.009293 -0.003388
v -0.002388 0.009422 -0.003389
v -0.002311 0.009728 -0.003191
v -0.002184 0.009573 -0.003390
v -0.001997 0.009743 -0.003391
v -0.001984 0.010059 -0.003193
v -0.001828 0.009932 -0.003392
v -0.001679 0.010136 -0.003393
v -0.001729 0.010448 -0.003195
v -0.001551 0.010355 -0.003394
v -0.001447 0.010586 -0.003396
v -0.001558 0.010881 -0.003197
v -0.001366 0.010826 -0.003397
v -0.001309 0.011073 -0.003398
v -0.001478 0.011339 -0.003200
v -0.001278 0.011324 -0.003400
v -0.001273 0.011577 -0.003401
v -0.001491 0.011805 -0.003202
v -0.001293 0.011830 -0.003403
v -0.001339 0.012079 -0.003404
v -0.001598 0.012258 -0.003205
v -0.001409 0.012322 -0.003405
v -0.001504 0.012557 -0.003407
v -0.001794 0.012680 -0.003207
v -0.001622 0.012781 -0.003408
v -0.001763 0.012992 -0.003409
v -0.002071 0.013054 -0.003209
v -0.001923 0.013187 -0.003410
v -0.002071 0.013054 -0.003209
v -0.002103 0.013366 -0.003411
v -0.002418 0.013364 -0.003211
v -0.002300 0.013525 -0.003412
v -0.002512 0.013663 -0.003413
v -0.002820 0.013599 -0.003213
v -0.002737 0.013780 -0.003414
v -0.003261 0.013748 -0.003213
v -0.002972 0.013873 -0.003414
v -0.003216 0.013941 -0.003414
v -0.003466 0.013985 -0.003415
v -0.003723 0.013805 -0.003214
v -0.003718 0.014003 -0.003415
v -0.003971 0.013996 -0.003415
v -0.004186 0.013767 -0.003213
v -0.004223 0.013963 -0.003415
v -0.004469 0.013905 -0.003414
v -0.004633 0.013638 -0.003213
v -0.004708 0.013822 -0.003414
v -0.005045 0.013421 -0.003211
v -0.004938 0.013715 -0.003413
v -0.005156 0.013586 -0.003412
v -0.005359 0.013435 -0.003412
v -0.005405 0.013125 -0.003210
v -0.005547 0.013265 -0.003411
v -0.005716 0.013076 -0.003410
v -0.005697 0.012763 -0.003208
v -0.005865 0.012872 -0.003408
v -0.005992 0.012653 -0.003407
v -0.005911 0.012350 -0.003206
v -0.006097 0.012422 -0.003406
v -0.006037 0.011902 -0.003203
v -0.006178 0.012182 -0.003405
v -0.006234 0.011935 -0.003403
v -0.006265 0.011684 -0.003402
v -0.006071 0.011438 -0.003200
v -0.006271 0.011431 -0.003400
v -0.006010 0.010976 -0.003198
v -0.006251 0.011178 -0.003399
v -0.006205 0.010929 -0.003398
v -0.006134 0.010686 -0.003396
v -0.005858 0.010537 -0.003195
v -0.006039 0.010451 -0.003395
v -0.005921 0.010227 -0.003394
v -0.005620 0.010137 -0.003193
v -0.005781 0.010016 -0.003393
v -0.005620 0.009821 -0.003391
v -0.005441 0.009642 -0.003390
v -0.006083 -0.007605 -0.011394
v -0.006424 -0.007231 -0.011396
v -0.006244 -0.007364 -0.003295
v -0.006083 -0.007560 -0.003294
v -0.005943 -0.007771 -0.003293
v -0.005825 -0.008040 -0.011392
v -0.005825 -0.007995 -0.003292
v -0.005730 -0.008230 -0.003290
v -0.005660 -0.008518 -0.011389
v -0.005660 -0.008473 -0.003289
v -0.005614 -0.008722 -0.003288
v -0.005594 -0.009020 -0.011386
v -0.005594 -0.008974 -0.003286
v -0.005599 -0.009228 -0.003285
v -0.005630 -0.009524 -0.011383
v -0.005630 -0.009479 -0.003283
v -0.005687 -0.009726 -0.003282
v -0.005768 -0.010011 -0.011381
v -0.005768 -0.009966 -0.003281
v -0.005872 -0.010196 -0.003279
v -0.006000 -0.010460 -0.011378
v -0.006000 -0.010415 -0.003278
v -0.006149 -0.010620 -0.003277
v -0.006318 -0.010854 -0.011376
v -0.006318 -0.010808 -0.003276
v -0.006505 -0.010979 -0.003275
v -0.006709 -0.011175 -0.011374
v -0.006709 -0.011129 -0.003274
v -0.006927 -0.011259 -0.003273
v -0.007156 -0.011411 -0.011373
v -0.007156 -0.011365 -0.003273
v -0.007396 -0.011448 -0.003272
v -0.007642 -0.011552 -0.011372
v -0.007642 -0.011506 -0.003272
v -0.007893 -0.011539 -0.003272
v -0.008146 -0.011592 -0.011372
v -0.008146 -0.011547 -0.003272
v -0.008399 -0.011529 -0.003272
v -0.008648 -0.011530 -0.011372
v -0.008648 -0.011485 -0.003272
v -0.008892 -0.011416 -0.003273
v -0.009128 -0.011368 -0.011373
v -0.009128 -0.011323 -0.003273
v -0.009353 -0.011207 -0.003274
v -0.009565 -0.011113 -0.011374
v -0.009565 -0.011068 -0.003275
v -0.009762 -0.010954 -0.011375
v -0.009762 -0.010909 -0.003275
v -0.009941 -0.010776 -0.011376
v -0.009941 -0.010731 -0.003276
v -0.010102 -0.010535 -0.003278
v -0.010242 -0.010369 -0.011379
v -0.010242 -0.010324 -0.003279
v -0.010360 -0.010100 -0.003280
v -0.010455 -0.009910 -0.011381
v -0.010455 -0.009865 -0.003281
v -0.010526 -0.009622 -0.003283
v -0.010572 -0.009418 -0.011384
v -0.010572 -0.009373 -0.003284
v -0.010592 -0.009120 -0.003285
v -0.010586 -0.008913 -0.011387
v -0.010586 -0.008867 -0.003287
v -0.010555 -0.008616 -0.003288
v -0.010499 -0.008414 -0.011390
v -0.010499 -0.008369 -0.003290
v -0.010418 -0.008129 -0.003291
v -0.010313 -0.007944 -0.011392
v -0.010313 -0.007899 -0.003292
v -0.010186 -0.007680 -0.003294
v -0.010036 -0.007520 -0.011395
v -0.010036 -0.007475 -0.003295
v -0.009867 -0.007287 -0.003296
v -0.009680 -0.007161 -0.011397
v -0.009680 -0.007116 -0.003297
v -0.009477 -0.006965 -0.003298
v -0.009259 -0.006881 -0.011398
v -0.009259 -0.006836 -0.003298
v -0.009029 -0.006729 -0.003299
v -0.008790 -0.006692 -0.011399
v -0.008790 -0.006647 -0.003299
v -0.008543 -0.006588 -0.003300
v -0.008292 -0.006601 -0.011400
v -0.008292 -0.006555 -0.003300
v -0.008039 -0.006548 -0.003300
v -0.007787 -0.006612 -0.011400
v -0.007787 -0.006566 -0.003300
v -0.007537 -0.006610 -0.003300
v -0.007293 -0.006724 -0.011399
v -0.007293 -0.006679 -0.003299
v -0.007058 -0.006772 -0.003299
v -0.006833 -0.006933 -0.011398
v -0.006833 -0.006888 -0.003298
v -0.006621 -0.007027 -0.003297
v -0.006424 -0.007186 -0.003296
v -0.009628 -0.010806 -0.011576
v -0.009793 -0.010642 -0.011577
v -0.008093 -0.009094 -0.011586
v -0.009447 -0.010953 -0.011575
v -0.008142 -0.011393 -0.011573
v -0.008604 -0.011336 -0.011573
v -0.009045 -0.011187 -0.011574
v -0.006820 -0.011009 -0.011575
v -0.007231 -0.011226 -0.011574
v -0.007678 -0.011356 -0.011573
v -0.005954 -0.009939 -0.011581
v -0.006167 -0.010352 -0.011579
v -0.006460 -0.010714 -0.011577
v -0.005854 -0.008565 -0.011589
v -0.005794 -0.009027 -0.011586
v -0.005827 -0.009491 -0.011584
v -0.006558 -0.007381 -0.011595
v -0.006244 -0.007725 -0.011593
v -0.006007 -0.008125 -0.011591
v -0.007811 -0.006811 -0.011599
v -0.007357 -0.006915 -0.011598
v -0.006934 -0.007107 -0.011597
v -0.009166 -0.007059 -0.011597
v -0.008734 -0.006885 -0.011598
v -0.008276 -0.006801 -0.011599
v -0.010136 -0.008037 -0.011592
v -0.009881 -0.007647 -0.011594
v -0.009553 -0.007317 -0.011596
v -0.010373 -0.009393 -0.011584
v -0.010387 -0.008928 -0.011587
v -0.010307 -0.008470 -0.011589
v -0.010070 -0.010268 -0.011579
v -0.010266 -0.009846 -0.011582
v -0.009628 -0.010759 -0.003076
v -0.009252 -0.011033 -0.003075
v -0.008093 -0.009046 -0.003086
v -0.010331 -0.009575 -0.003083
v -0.010179 -0.010015 -0.003080
v -0.009941 -0.010415 -0.003078
v -0.010232 -0.008201 -0.003091
v -0.010358 -0.008649 -0.003088
v -0.010392 -0.009113 -0.003085
v -0.009366 -0.007131 -0.003097
v -0.009725 -0.007426 -0.003095
v -0.010018 -0.007788 -0.003093
v -0.008044 -0.006747 -0.003099
v -0.008507 -0.006784 -0.003099
v -0.008954 -0.006914 -0.003098
v -0.006739 -0.007187 -0.003096
v -0.007141 -0.006953 -0.003098
v -0.007582 -0.006804 -0.003098
v -0.005919 -0.008294 -0.003090
v -0.006115 -0.007872 -0.003092
v -0.006392 -0.007498 -0.003095
v -0.005879 -0.009670 -0.003082
v -0.005799 -0.009212 -0.003085
v -0.005812 -0.008747 -0.003088
v -0.006632 -0.010823 -0.003076
v -0.006305 -0.010493 -0.003078
v -0.006050 -0.010103 -0.003080
v -0.007909 -0.011339 -0.003073
v -0.007451 -0.011255 -0.003074
v -0.007020 -0.011081 -0.003075
v -0.008828 -0.011226 -0.003074
v -0.008374 -0.011329 -0.003073
v -0.009793 -0.010642 -0.011577
v -0.009628 -0.010806 -0.011576
v -0.009762 -0.010954 -0.011375
v -0.009762 -0.010954 -0.011375
v -0.009565 -0.011113 -0.011374
v -0.009447 -0.010953 -0.011575
v -0.009565 -0.011113 -0.011374
v -0.009045 -0.011187 -0.011574
v -0.009128 -0.011368 -0.011373
v -0.008604 -0.011336 -0.011573
v -0.008648 -0.011530 -0.011372
v -0.008142 -0.011393 -0.011573
v -0.008146 -0.011592 -0.011372
v -0.007678 -0.011356 -0.011573
v -0.007642 -0.011552 -0.011372
v -0.007231 -0.011226 -0.011574
v -0.007156 -0.011411 -0.011373
v -0.006820 -0.011009 -0.011575
v -0.006709 -0.011175 -0.011374
v -0.006460 -0.010714 -0.011577
v -0.006318 -0.010854 -0.011376
v -0.006167 -0.010352 -0.011579
v -0.006000 -0.010460 -0.011378
v -0.005954 -0.009939 -0.011581
v -0.005768 -0.010011 -0.011381
v -0.005827 -0.009491 -0.011584
v -0.005630 -0.009524 -0.011383
v -0.005794 -0.009027 -0.011586
v -0.005594 -0.009020 -0.011386
v -0.005854 -0.008565 -0.011589
v -0.005660 -0.008518 -0.011389
v -0.006007 -0.008125 -0.011591
v -0.005825 -0.008040 -0.011392
v -0.006244 -0.007725 -0.011593
v -0.006083 -0.007605 -0.011394
v -0.006558 -0.007381 -0.011595
v -0.006424 -0.007231 -0.011396
v -0.006934 -0.007107 -0.011597
v -0.006833 -0.006933 -0.011398
v -0.007357 -0.006915 -0.011598
v -0.007293 -0.006724 -0.011399
v -0.007811 -0.006811 -0.011599
v -0.007787 -0.006612 -0.011400
v -0.008276 -0.006801 -0.011599
v -0.008292 -0.006601 -0.011400
v -0.008734 -0.006885 -0.011598
v -0.008790 -0.006692 -0.011399
v -0.009166 -0.007059 -0.011597
v -0.009259 -0.006881 -0.011398
v -0.009553 -0.007317 -0.011596
v -0.009680 -0.007161 -0.011397
v -0.009881 -0.007647 -0.011594
v -0.010036 -0.007520 -0.011395
v -0.010136 -0.008037 -0.011592
v -0.010313 -0.007944 -0.011392
v -0.010307 -0.008470 -0.011589
v -0.010499 -0.008414 -0.011390
v -0.010387 -0.008928 -0.011587
v -0.010586 -0.008913 -0.011387
v -0.010373 -0.009393 -0.011584
v -0.010572 -0.009418 -0.011384
v -0.010266 -0.009846 -0.011582
v -0.010455 -0.009910 -0.011381
v -0.010070 -0.010268 -0.011579
v -0.010242 -0.010369 -0.011379
v -0.009941 -0.010776 -0.011376
v -0.009628 -0.010759 -0.003076
v -0.009762 -0.010909 -0.003275
v -0.009565 -0.011068 -0.003275
v -0.009252 -0.011033 -0.003075
v -0.009353 -0.011207 -0.003274
v -0.009128 -0.011323 -0.003273
v -0.008828 -0.011226 -0.003074
v -0.008892 -0.011416 -0.003273
v -0.008648 -0.011485 -0.003272
v -0.008374 -0.011329 -0.003073
v -0.008399 -0.011529 -0.003272
v -0.008146 -0.011547 -0.003272
v -0.007909 -0.011339 -0.003073
v -0.007893 -0.011539 -0.003272
v -0.007642 -0.011506 -0.003272
v -0.007451 -0.011255 -0.003074
v -0.007396 -0.011448 -0.003272
v -0.007156 -0.011365 -0.003273
v -0.007020 -0.011081 -0.003075
v -0.006927 -0.011259 -0.003273
v -0.006709 -0.011129 -0.003274
v -0.006632 -0.010823 -0.003076
v -0.006505 -0.010979 -0.003275
v -0.006318 -0.010808 -0.003276
v -0.006305 -0.010493 -0.003078
v -0.006149 -0.010620 -0.003277
v -0.006000 -0.010415 -0.003278
v -0.006050 -0.010103 -0.003080
v -0.005872 -0.010196 -0.003279
v -0.005768 -0.009966 -0.003281
v -0.005879 -0.009670 -0.003082
v -0.005687 -0.009726 -0.003282
v -0.005630 -0.009479 -0.003283
v -0.005799 -0.009212 -0.003085
v -0.005599 -0.009228 -0.003285
v -0.005594 -0.008974 -0.003286
v -0.005812 -0.008747 -0.003088
v -0.005614 -0.008722 -0.003288
v -0.005660 -0.008473 -0.003289
v -0.005919 -0.008294 -0.003090
v -0.005730 -0.008230 -0.003290
v -0.005825 -0.007995 -0.003292
v -0.006115 -0.007872 -0.003092
v -0.005943 -0.007771 -0.003293
v -0.006083 -0.007560 -0.003294
v -0.006392 -0.007498 -0.003095
v -0.006244 -0.007364 -0.003295
v -0.006392 -0.007498 -0.003095
v -0.006424 -0.007186 -0.003296
v -0.006739 -0.007187 -0.003096
v -0.006621 -0.007027 -0.003297
v -0.006833 -0.006888 -0.003298
v -0.007141 -0.006953 -0.003098
v -0.007058 -0.006772 -0.003299
v -0.007293 -0.006679 -0.003299
v -0.007582 -0.006804 -0.003098
v -0.007537 -0.006610 -0.003300
v -0.007787 -0.006566 -0.003300
v -0.008044 -0.006747 -0.003099
v -0.008039 -0.006548 -0.003300
v -0.008507 -0.006784 -0.003099
v -0.008292 -0.006555 -0.003300
v -0.008543 -0.006588 -0.003300
v -0.008790 -0.006647 -0.003299
v -0.008954 -0.006914 -0.003098
v -0.009029 -0.006729 -0.003299
v -0.009259 -0.006836 -0.003298
v -0.009366 -0.007131 -0.003097
v -0.009477 -0.006965 -0.003298
v -0.009725 -0.007426 -0.003095
v -0.009680 -0.007116 -0.003297
v -0.009867 -0.007287 -0.003296
v -0.010036 -0.007475 -0.003295
v -0.010018 -0.007788 -0.003093
v -0.010186 -0.007680 -0.003294
v -0.010313 -0.007899 -0.003292
v -0.010232 -0.008201 -0.003091
v -0.010418 -0.008129 -0.003291
v -0.010499 -0.008369 -0.003290
v -0.010358 -0.008649 -0.003088
v -0.010555 -0.008616 -0.003288
v -0.010392 -0.009113 -0.003085
v -0.010586 -0.008867 -0.003287
v -0.010592 -0.009120 -0.003285
v -0.010572 -0.009373 -0.003284
v -0.010331 -0.009575 -0.003083
v -0.010526 -0.009622 -0.003283
v -0.010455 -0.009865 -0.003281
v -0.010179 -0.010015 -0.003080
v -0.010360 -0.010100 -0.003280
v -0.010242 -0.010324 -0.003279
v -0.009941 -0.010415 -0.003078
v -0.010102 -0.010535 -0.003278
v -0.009941 -0.010731 -0.003276
v 0.013875 -0.001071 -0.011431
v 0.013535 -0.000697 -0.011433
v 0.013714 -0.000831 -0.003332
v 0.013875 -0.001026 -0.003331
v 0.014015 -0.001237 -0.003330
v 0.014134 -0.001506 -0.011428
v 0.014134 -0.001461 -0.003328
v 0.014228 -0.001696 -0.003327
v 0.014299 -0.001984 -0.011425
v 0.014299 -0.001939 -0.003326
v 0.014345 -0.002188 -0.003324
v 0.014365 -0.002486 -0.011423
v 0.014365 -0.002441 -0.003323
v 0.014360 -0.002694 -0.003321
v 0.014328 -0.002990 -0.011420
v 0.014328 -0.002945 -0.003320
v 0.014272 -0.003192 -0.003319
v 0.014191 -0.003477 -0.011417
v 0.014191 -0.003432 -0.003317
v 0.014086 -0.003662 -0.003316
v 0.013959 -0.003927 -0.011415
v 0.013959 -0.003881 -0.003315
v 0.013810 -0.004086 -0.003314
v 0.013641 -0.004320 -0.011412
v 0.013641 -0.004274 -0.003313
v 0.013453 -0.004445 -0.003312
v 0.013250 -0.004641 -0.011411
v 0.013250 -0.004596 -0.003311
v 0.013032 -0.004725 -0.003310
v 0.012802 -0.004877 -0.011409
v 0.012802 -0.004832 -0.003309
v 0.012563 -0.004914 -0.003309
v 0.012317 -0.005018 -0.011409
v 0.012317 -0.004973 -0.003309
v 0.012066 -0.005006 -0.003308
v 0.011812 -0.005058 -0.011408
v 0.011812 -0.005013 -0.003308
v 0.011560 -0.004995 -0.003309
v 0.011310 -0.004996 -0.011409
v 0.011310 -0.004951 -0.003309
v 0.011067 -0.004882 -0.003309
v 0.010831 -0.004835 -0.011410
v 0.010831 -0.004789 -0.003310
v 0.010606 -0.004673 -0.003310
v 0.010394 -0.004580 -0.011411
v 0.010394 -0.004534 -0.003311
v 0.010197 -0.004420 -0.011412
v 0.010197 -0.004375 -0.003312
v 0.010018 -0.004242 -0.011413
v 0.010018 -0.004197 -0.003313
v 0.009857 -0.004001 -0.003314
v 0.009717 -0.003836 -0.011415
v 0.009717 -0.003790 -0.003315
v 0.009598 -0.003566 -0.003317
v 0.009504 -0.003377 -0.011418
v 0.009504 -0.003331 -0.003318
v 0.009433 -0.003088 -0.003319
v 0.009387 -0.002884 -0.011420
v 0.009387 -0.002839 -0.003321
v 0.009367 -0.002587 -0.003322
v 0.009372 -0.002379 -0.011423
v 0.009372 -0.002334 -0.003323
v 0.009404 -0.002082 -0.003325
v 0.009460 -0.001881 -0.011426
v 0.009460 -0.001835 -0.003326
v 0.009541 -0.001595 -0.003328
v 0.009646 -0.001410 -0.011429
v 0.009646 -0.001365 -0.003329
v 0.009773 -0.001146 -0.003330
v 0.009922 -0.000987 -0.011431
v 0.009922 -0.000941 -0.003331
v 0.010091 -0.000753 -0.003332
v 0.010279 -0.000628 -0.011433
v 0.010279 -0.000582 -0.003333
v 0.010482 -0.000432 -0.003334
v 0.010700 -0.000348 -0.011435
v 0.010700 -0.000302 -0.003335
v 0.010930 -0.000196 -0.003335
v 0.011169 -0.000158 -0.011436
v 0.011169 -0.000113 -0.003336
v 0.011415 -0.000055 -0.003336
v 0.011666 -0.000067 -0.011436
v 0.011666 -0.000022 -0.003336
v 0.011920 -0.000014 -0.003336
v 0.012172 -0.000078 -0.011436
v 0.012172 -0.000033 -0.003336
v 0.012422 -0.000076 -0.003336
v 0.012665 -0.000190 -0.011436
v 0.012665 -0.000145 -0.003336
v 0.012901 -0.000238 -0.003335
v 0.013126 -0.000400 -0.011434
v 0.013126 -0.000354 -0.003334
v 0.013338 -0.000493 -0.003334
v 0.013535 -0.000652 -0.003333
v 0.010331 -0.004273 -0.011613
v 0.010165 -0.004109 -0.011614
v 0.011866 -0.002560 -0.011622
v 0.010512 -0.004419 -0.011612
v 0.011817 -0.004860 -0.011609
v 0.011355 -0.004803 -0.011610
v 0.010914 -0.004654 -0.011611
v 0.013139 -0.004476 -0.011612
v 0.012727 -0.004693 -0.011610
v 0.012281 -0.004822 -0.011610
v 0.014005 -0.003405 -0.011618
v 0.013791 -0.003818 -0.011615
v 0.013499 -0.004180 -0.011613
v 0.014104 -0.002031 -0.011625
v 0.014165 -0.002493 -0.011623
v 0.014131 -0.002957 -0.011620
v 0.013401 -0.000847 -0.011632
v 0.013715 -0.001192 -0.011630
v 0.013952 -0.001592 -0.011628
v 0.012148 -0.000277 -0.011635
v 0.012601 -0.000381 -0.011634
v 0.013025 -0.000574 -0.011633
v 0.010793 -0.000526 -0.011634
v 0.011225 -0.000351 -0.011635
v 0.011682 -0.000267 -0.011635
v 0.009823 -0.001503 -0.011628
v 0.010078 -0.001114 -0.011630
v 0.010406 -0.000783 -0.011632
v 0.009586 -0.002860 -0.011621
v 0.009572 -0.002394 -0.011623
v 0.009652 -0.001936 -0.011626
v 0.009888 -0.003735 -0.011616
v 0.009693 -0.003312 -0.011618
v 0.010331 -0.004225 -0.003113
v 0.010707 -0.004499 -0.003111
v 0.011866 -0.002513 -0.003122
v 0.009628 -0.003041 -0.003119
v 0.009780 -0.003481 -0.003117
v 0.010017 -0.003881 -0.003115
v 0.009727 -0.001668 -0.003127
v 0.009601 -0.002116 -0.003125
v 0.009567 -0.002580 -0.003122
v 0.010593 -0.000597 -0.003133
v 0.010233 -0.000893 -0.003131
v 0.009941 -0.001254 -0.003129
v 0.011915 -0.000213 -0.003135
v 0.011451 -0.000250 -0.003135
v 0.011005 -0.000380 -0.003134
v 0.013220 -0.000653 -0.003133
v 0.012818 -0.000419 -0.003134
v 0.012377 -0.000270 -0.003135
v 0.014039 -0.001760 -0.003127
v 0.013844 -0.001338 -0.003129
v 0.013567 -0.000964 -0.003131
v 0.014080 -0.003137 -0.003119
v 0.014160 -0.002678 -0.003121
v 0.014146 -0.002213 -0.003124
v 0.013326 -0.004289 -0.003112
v 0.013654 -0.003959 -0.003114
v 0.013909 -0.003569 -0.003116
v 0.012050 -0.004805 -0.003110
v 0.012507 -0.004721 -0.003110
v 0.012939 -0.004547 -0.003111
v 0.011131 -0.004692 -0.003110
v 0.011584 -0.004795 -0.003110
v 0.010165 -0.004109 -0.011614
v 0.010331 -0.004273 -0.011613
v 0.010197 -0.004420 -0.011412
v 0.010197 -0.004420 -0.011412
v 0.010394 -0.004580 -0.011411
v 0.010512 -0.004419 -0.011612
v 0.010394 -0.004580 -0.011411
v 0.010914 -0.004654 -0.011611
v 0.010831 -0.004835 -0.011410
v 0.011355 -0.004803 -0.011610
v 0.011310 -0.004996 -0.011409
v 0.011817 -0.004860 -0.011609
v 0.011812 -0.005058 -0.011408
v 0.012281 -0.004822 -0.011610
v 0.012317 -0.005018 -0.011409
v 0.012727 -0.004693 -0.011610
v 0.012802 -0.004877 -0.011409
v 0.013139 -0.004476 -0.011612
v 0.013250 -0.004641 -0.011411
v 0.013499 -0.004180 -0.011613
v 0.013641 -0.004320 -0.011412
v 0.013791 -0.003818 -0.011615
v 0.013959 -0.003927 -0.011415
v 0.014005 -0.003405 -0.011618
v 0.014191 -0.003477 -0.011417
v 0.014131 -0.002957 -0.011620
v 0.014328 -0.002990 -0.011420
v 0.014165 -0.002493 -0.011623
v 0.014365 -0.002486 -0.011423
v 0.014104 -0.002031 -0.011625
v 0.014299 -0.001984 -0.011425
v 0.013952 -0.001592 -0.011628
v 0.014134 -0.001506 -0.011428
v 0.013715 -0.001192 -0.011630
v 0.013875 -0.001071 -0.011431
v 0.013401 -0.000847 -0.011632
v 0.013535 -0.000697 -0.011433
v 0.013025 -0.000574 -0.011633
v 0.013126 -0.000400 -0.011434
v 0.012601 -0.000381 -0.011634
v 0.012665 -0.000190 -0.011436
v 0.012148 -0.000277 -0.011635
v 0.012172 -0.000078 -0.011436
v 0.011682 -0.000267 -0.011635
v 0.011666 -0.000067 -0.011436
v 0.011225 -0.000351 -0.011635
v 0.011169 -0.000158 -0.011436
v 0.010793 -0.000526 -0.011634
v 0.010700 -0.000348 -0.011435
v 0.010406 -0.000783 -0.011632
v 0.010279 -0.000628 -0.011433
v 0.010078 -0.001114 -0.011630
v 0.009922 -0.000987 -0.011431
v 0.009823 -0.001503 -0.011628
v 0.009646 -0.001410 -0.011429
v 0.009652 -0.001936 -0.011626
v 0.009460 -0.001881 -0.011426
v 0.009572 -0.002394 -0.011623
v 0.009372 -0.002379 -0.011423
v 0.009586 -0.002860 -0.011621
v 0.009387 -0.002884 -0.011420
v 0.009693 -0.003312 -0.011618
v 0.009504 -0.003377 -0.011418
v 0.009888 -0.003735 -0.011616
v 0.009717 -0.003836 -0.011415
v 0.010018 -0.004242 -0.011413
v 0.010707 -0.004499 -0.003111
v 0.010331 -0.004225 -0.003113
v 0.010394 -0.004534 -0.003311
v 0.010606 -0.004673 -0.003310
v 0.010831 -0.004789 -0.003310
v 0.011131 -0.004692 -0.003110
v 0.011067 -0.004882 -0.003309
v 0.011310 -0.004951 -0.003309
v 0.011584 -0.004795 -0.003110
v 0.011560 -0.004995 -0.003309
v 0.011812 -0.005013 -0.003308
v 0.012050 -0.004805 -0.003110
v 0.012066 -0.005006 -0.003308
v 0.012317 -0.004973 -0.003309
v 0.012507 -0.004721 -0.003110
v 0.012563 -0.004914 -0.003309
v 0.012802 -0.004832 -0.003309
v 0.012939 -0.004547 -0.003111
v 0.013032 -0.004725 -0.003310
v 0.013250 -0.004596 -0.003311
v 0.013326 -0.004289 -0.003112
v 0.013453 -0.004445 -0.003312
v 0.013641 -0.004274 -0.003313
v 0.013654 -0.003959 -0.003114
v 0.013810 -0.004086 -0.003314
v 0.013959 -0.003881 -0.003315
v 0.013909 -0.003569 -0.003116
v 0.014086 -0.003662 -0.003316
v 0.014191 -0.003432 -0.003317
v 0.014080 -0.003137 -0.003119
v 0.014272 -0.003192 -0.003319
v 0.014328 -0.002945 -0.003320
v 0.014160 -0.002678 -0.003121
v 0.014360 -0.002694 -0.003321
v 0.014365 -0.002441 -0.003323
v 0.014146 -0.002213 -0.003124
v 0.014345 -0.002188 -0.003324
v 0.014299 -0.001939 -0.003326
v 0.014039 -0.001760 -0.003127
v 0.014228 -0.001696 -0.003327
v 0.014134 -0.001461 -0.003328
v 0.013844 -0.001338 -0.003129
v 0.014015 -0.001237 -0.003330
v 0.013875 -0.001026 -0.003331
v 0.013567 -0.000964 -0.003131
v 0.013714 -0.000831 -0.003332
v 0.013567 -0.000964 -0.003131
v 0.013535 -0.000652 -0.003333
v 0.013220 -0.000653 -0.003133
v 0.013338 -0.000493 -0.003334
v 0.013126 -0.000354 -0.003334
v 0.012818 -0.000419 -0.003134
v 0.012901 -0.000238 -0.003335
v 0.012665 -0.000145 -0.003336
v 0.012377 -0.000270 -0.003135
v 0.012422 -0.000076 -0.003336
v 0.012172 -0.000033 -0.003336
v 0.011915 -0.000213 -0.003135
v 0.011920 -0.000014 -0.003336
v 0.011666 -0.000022 -0.003336
v 0.011451 -0.000250 -0.003135
v 0.011415 -0.000055 -0.003336
v 0.011169 -0.000113 -0.003336
v 0.011005 -0.000380 -0.003134
v 0.010930 -0.000196 -0.003335
v 0.010593 -0.000597 -0.003133
v 0.010700 -0.000302 -0.003335
v 0.010482 -0.000432 -0.003334
v 0.010279 -0.000582 -0.003333
v 0.010233 -0.000893 -0.003131
v 0.010091 -0.000753 -0.003332
v 0.009922 -0.000941 -0.003331
v 0.009941 -0.001254 -0.003129
v 0.009773 -0.001146 -0.003330
v 0.009646 -0.001365 -0.003329
v 0.009727 -0.001668 -0.003127
v 0.009541 -0.001595 -0.003328
v 0.009601 -0.002116 -0.003125
v 0.009460 -0.001835 -0.003326
v 0.009404 -0.002082 -0.003325
v 0.009372 -0.002334 -0.003323
v 0.009567 -0.002580 -0.003122
v 0.009367 -0.002587 -0.003322
v 0.009387 -0.002839 -0.003321
v 0.009628 -0.003041 -0.003119
v 0.009433 -0.003088 -0.003319
v 0.009504 -0.003331 -0.003318
v 0.009780 -0.003481 -0.003117
v 0.009598 -0.003566 -0.003317
v 0.009717 -0.003790 -0.003315
v 0.010017 -0.003881 -0.003115
v 0.009857 -0.004001 -0.003314
v 0.010018 -0.004197 -0.003313
v 0.010197 -0.004375 -0.003312
v -0.002907 0.018574 -0.000040
v -0.005849 0.017867 -0.000036
v -0.001398 0.013628 -0.000013
v -0.018649 0.002375 0.000050
v -0.018788 -0.000647 0.000067
v -0.016740 -0.003487 0.000083
v 0.018780 -0.000867 0.000068
v 0.016473 -0.002392 0.000077
v 0.018398 -0.003868 0.000085
v 0.009739 -0.010503 0.000122
v 0.009035 -0.010146 0.000120
v 0.006502 -0.013516 0.000139
v 0.010367 -0.007519 0.000106
v 0.011071 -0.007875 0.000108
v 0.012121 -0.007247 0.000104
v 0.008917 -0.007993 0.000108
v 0.009578 -0.007562 0.000106
v 0.007970 -0.003526 0.000083
v 0.008604 -0.009485 0.000117
v 0.002350 -0.009795 0.000118
v 0.008560 -0.008697 0.000112
v 0.009955 -0.015948 0.000153
v 0.012385 -0.014144 0.000143
v 0.010527 -0.010460 0.000122
v 0.011188 -0.010029 0.000120
v 0.014493 -0.011975 0.000131
v 0.011545 -0.009325 0.000116
v 0.016226 -0.009495 0.000117
v 0.011502 -0.008536 0.000111
v 0.013848 0.005336 0.000034
v 0.014280 0.004674 0.000037
v 0.018088 0.005125 0.000035
v 0.013305 0.002751 0.000048
v 0.012322 0.001329 0.000056
v 0.013966 0.003182 0.000046
v 0.014323 0.003886 0.000042
v 0.011338 0.004514 0.000038
v 0.011695 0.005218 0.000034
v 0.008915 0.004383 0.000039
v 0.012517 0.002708 0.000048
v 0.011813 0.003064 0.000046
v 0.011381 0.003726 0.000043
v 0.012356 0.005649 0.000032
v 0.013635 0.012944 -0.000009
v 0.013144 0.005692 0.000032
v 0.015535 0.010589 0.000004
v 0.017032 0.007960 0.000019
v 0.018676 0.002157 0.000051
v 0.017539 -0.006769 0.000101
v 0.001404 -0.018747 0.000168
v 0.004393 -0.018279 0.000166
v 0.007268 -0.017338 0.000161
v -0.003020 -0.015786 0.000152
v -0.004605 -0.018227 0.000165
v -0.001622 -0.018730 0.000168
v -0.007469 -0.017252 0.000160
v -0.006427 -0.012732 0.000135
v -0.010140 -0.015830 0.000152
v -0.009127 -0.010970 0.000125
v -0.009911 -0.010267 0.000121
v -0.014631 -0.011804 0.000130
v -0.018441 -0.003653 0.000084
v -0.017617 -0.006564 0.000100
v -0.015362 -0.004722 0.000090
v -0.016335 -0.009305 0.000116
v -0.011956 -0.007776 0.000107
v -0.008603 0.009485 0.000011
v -0.008560 0.008697 0.000015
v -0.005750 0.008772 0.000014
v -0.009034 0.010146 0.000007
v -0.011205 0.015095 -0.000021
v -0.009738 0.010503 0.000005
v -0.011205 0.015095 -0.000021
v -0.010526 0.010460 0.000005
v -0.018026 0.005336 0.000034
v -0.011501 0.008536 0.000016
v -0.016937 0.008158 0.000018
v -0.011544 0.009325 0.000011
v -0.008916 0.007993 0.000019
v -0.009577 0.007562 0.000021
v -0.011370 0.002504 0.000050
v -0.010366 0.007519 0.000022
v -0.011070 0.007875 0.000020
v -0.011187 0.010029 0.000007
v -0.013482 0.013102 -0.000010
v -0.015409 0.010770 0.000003
v -0.005590 0.010284 0.000006
v -0.005957 0.011271 0.000001
v -0.005824 0.012315 -0.000005
v -0.008639 0.016697 -0.000030
v -0.005221 0.013178 -0.000010
v 0.003914 0.012193 -0.000005
v 0.003253 0.011762 -0.000002
v 0.003386 0.009339 0.000011
v 0.012549 0.013999 -0.000015
v 0.011382 0.014963 -0.000020
v 0.001642 0.014229 -0.000016
v 0.002304 0.014660 -0.000018
v 0.003125 0.018538 -0.000040
v 0.003092 0.014703 -0.000019
v 0.006058 0.017797 -0.000036
v 0.003796 0.014346 -0.000017
v 0.008834 0.016595 -0.000029
v 0.004227 0.013685 -0.000013
v 0.004270 0.012897 -0.000009
v 0.001286 0.013525 -0.000012
v -0.000020 0.012393 -0.000006
v 0.000110 0.018799 -0.000042
v 0.002464 0.011719 -0.000002
v 0.001760 0.012075 -0.000004
v 0.001329 0.012736 -0.000008
v -0.010145 -0.008236 0.000110
v -0.009542 -0.007373 0.000105
v -0.010278 -0.009281 0.000115
v -0.008607 -0.006889 0.000102
v -0.006585 -0.001785 0.000074
v -0.007554 -0.006895 0.000102
v -0.006624 -0.007390 0.000105
v -0.001056 -0.006741 0.000101
v -0.006031 -0.008260 0.000110
v -0.005910 -0.009306 0.000116
v -0.012548 -0.013999 0.000142
v -0.009127 -0.010970 0.000125
v -0.008106 -0.011228 0.000126
v -0.007082 -0.010982 0.000125
v -0.006290 -0.010289 0.000121
v -0.001969 0.010263 0.000006
v -0.002761 0.009569 0.000010
v -0.004373 0.007538 0.000021
v -0.003785 0.009323 0.000011
v -0.004806 0.009581 0.000010
v -0.004286 0.013662 -0.000013
v -0.003233 0.013656 -0.000013
v -0.002303 0.013161 -0.000010
v -0.001710 0.012291 -0.000005
v -0.001589 0.011245 0.000001
v -0.011694 -0.005218 0.000093
v -0.012355 -0.005649 0.000095
v -0.011337 -0.004514 0.000089
v -0.013965 -0.003182 0.000081
v -0.013304 -0.002751 0.000079
v -0.009992 0.001269 0.000056
v -0.012516 -0.002708 0.000079
v -0.011812 -0.003064 0.000081
v -0.011380 -0.003726 0.000084
v -0.013143 -0.005692 0.000095
v -0.013847 -0.005336 0.000093
v -0.014279 -0.004674 0.000090
v -0.014322 -0.003886 0.000085
v -0.000966 0.004484 0.000038
v 0.004563 -0.000472 0.000066
v -0.001328 -0.012736 0.000135
v -0.001285 -0.013525 0.000139
v -0.001642 -0.014229 0.000143
v -0.002303 -0.014660 0.000146
v -0.003091 -0.014703 0.000146
v -0.003795 -0.014346 0.000144
v -0.004226 -0.013685 0.000140
v -0.004269 -0.012897 0.000136
v -0.003913 -0.012193 0.000132
v -0.003252 -0.011762 0.000129
v -0.002463 -0.011719 0.000129
v -0.001759 -0.012075 0.000131
v 0.010417 -0.000839 0.000068
v 0.011352 -0.000356 0.000066
v 0.011853 -0.004695 0.000090
v 0.010832 -0.004437 0.000088
v 0.013928 -0.001727 0.000073
v 0.013334 -0.000857 0.000068
v 0.012405 -0.000362 0.000066
v 0.014048 -0.002773 0.000079
v 0.013669 -0.003755 0.000085
v 0.012877 -0.004449 0.000088
v 0.010048 -0.003734 0.000084
v 0.009681 -0.002747 0.000079
v 0.009814 -0.001702 0.000073
v 0.012683 0.014138 -0.001716
v 0.012683 0.014146 -0.000216
v 0.014788 0.011921 -0.001703
v 0.013780 0.013080 -0.000210
v 0.014788 0.011929 -0.000203
v 0.015700 0.010700 -0.000196
v 0.016510 0.009394 -0.001689
v 0.016510 0.009402 -0.000189
v 0.017213 0.008043 -0.000181
v 0.017805 0.006624 -0.001674
v 0.017805 0.006632 -0.000174
v 0.018638 0.003682 -0.001657
v 0.018281 0.005178 -0.000165
v 0.018638 0.003690 -0.000157
v 0.018989 0.000645 -0.001640
v 0.018875 0.002179 -0.000149
v 0.018989 0.000653 -0.000140
v 0.018848 -0.002410 -0.001623
v 0.018980 -0.000877 -0.000132
v 0.018848 -0.002401 -0.000123
v 0.018219 -0.005402 -0.001606
v 0.018594 -0.003910 -0.000115
v 0.018219 -0.005394 -0.000106
v 0.017118 -0.008255 -0.001590
v 0.017726 -0.006842 -0.000098
v 0.017118 -0.008246 -0.000090
v 0.015574 -0.010894 -0.001576
v 0.016399 -0.009597 -0.000083
v 0.015574 -0.010885 -0.000076
v 0.013626 -0.013251 -0.001562
v 0.014647 -0.012103 -0.000069
v 0.013626 -0.013243 -0.000062
v 0.011326 -0.015265 -0.001551
v 0.012516 -0.014296 -0.000057
v 0.011326 -0.015257 -0.000051
v 0.008732 -0.016884 -0.001542
v 0.010061 -0.016119 -0.000046
v 0.008732 -0.016876 -0.000042
v 0.005912 -0.018066 -0.001535
v 0.007345 -0.017524 -0.000038
v 0.005912 -0.018058 -0.000035
v 0.002939 -0.018781 -0.001531
v 0.004440 -0.018475 -0.000033
v 0.002939 -0.018772 -0.000031
v -0.000111 -0.019009 -0.001530
v 0.001419 -0.018948 -0.000030
v -0.000111 -0.019000 -0.000030
v -0.003157 -0.018745 -0.001532
v -0.001639 -0.018930 -0.000031
v -0.003157 -0.018737 -0.000032
v -0.006121 -0.017996 -0.001536
v -0.004654 -0.018422 -0.000033
v -0.006121 -0.017988 -0.000036
v -0.008927 -0.016781 -0.001543
v -0.007549 -0.017437 -0.000039
v -0.008927 -0.016773 -0.000043
v -0.011502 -0.015132 -0.001552
v -0.010248 -0.016000 -0.000047
v -0.011502 -0.015123 -0.000052
v -0.012682 -0.014149 -0.000057
v -0.013779 -0.013091 -0.001563
v -0.013779 -0.013082 -0.000063
v -0.014787 -0.011931 -0.000070
v -0.015699 -0.010711 -0.001577
v -0.015699 -0.010703 -0.000077
v -0.016509 -0.009405 -0.000084
v -0.017212 -0.008054 -0.001591
v -0.017212 -0.008046 -0.000091
v -0.017804 -0.006635 -0.000099
v -0.018280 -0.005189 -0.001607
v -0.018280 -0.005180 -0.000107
v -0.018637 -0.003693 -0.000116
v -0.018874 -0.002189 -0.001624
v -0.018874 -0.002181 -0.000124
v -0.018988 -0.000655 -0.000133
v -0.018979 0.000866 -0.001641
v -0.018979 0.000875 -0.000141
v -0.018847 0.002399 -0.000150
v -0.018593 0.003900 -0.001658
v -0.018593 0.003908 -0.000158
v -0.018218 0.005391 -0.000167
v -0.017725 0.006832 -0.001675
v -0.017725 0.006840 -0.000175
v -0.017117 0.008244 -0.000183
v -0.016398 0.009586 -0.001690
v -0.016398 0.009595 -0.000190
v -0.015573 0.010883 -0.000197
v -0.014647 0.012093 -0.001704
v -0.014647 0.012101 -0.000204
v -0.013625 0.013240 -0.000210
v -0.012516 0.014285 -0.001716
v -0.012516 0.014294 -0.000216
v -0.011325 0.015254 -0.000222
v -0.010060 0.016108 -0.001727
v -0.010060 0.016116 -0.000227
v -0.008731 0.016874 -0.000231
v -0.007345 0.017513 -0.001734
v -0.007345 0.017521 -0.000234
v -0.005911 0.018056 -0.000237
v -0.004439 0.018464 -0.001740
v -0.004439 0.018473 -0.000240
v -0.002938 0.018770 -0.000241
v -0.001418 0.018937 -0.001742
v -0.001418 0.018946 -0.000242
v 0.000111 0.018998 -0.000243
v 0.001640 0.018919 -0.001742
v 0.001640 0.018928 -0.000242
v 0.003158 0.018734 -0.000241
v 0.004655 0.018411 -0.001739
v 0.004655 0.018420 -0.000239
v 0.007550 0.017426 -0.001734
v 0.006122 0.017985 -0.000237
v 0.007550 0.017434 -0.000234
v 0.010249 0.015989 -0.001726
v 0.008928 0.016770 -0.000230
v 0.010249 0.015998 -0.000226
v 0.011503 0.015121 -0.000221
v -0.009310 -0.014827 -0.001554
v -0.011681 -0.013040 -0.001564
v -0.010533 -0.014011 -0.006358
v -0.009310 -0.014854 -0.006353
v -0.008020 -0.015590 -0.006349
v -0.006672 -0.016187 -0.001546
v -0.006672 -0.016214 -0.006346
v -0.005276 -0.016722 -0.006343
v -0.003842 -0.017082 -0.001541
v -0.003842 -0.017109 -0.006341
v -0.002380 -0.017373 -0.006339
v -0.000902 -0.017486 -0.001539
v -0.000902 -0.017513 -0.006339
v 0.000584 -0.017526 -0.006338
v 0.002065 -0.017387 -0.001539
v 0.002065 -0.017414 -0.006339
v 0.003531 -0.017176 -0.006340
v 0.004972 -0.016788 -0.001543
v 0.004972 -0.016815 -0.006342
v 0.006377 -0.016333 -0.006345
v 0.007736 -0.015707 -0.001549
v 0.007736 -0.015733 -0.006349
v 0.009040 -0.015021 -0.006353
v 0.010278 -0.014173 -0.001557
v 0.010278 -0.014200 -0.006357
v 0.011442 -0.013278 -0.006362
v 0.012524 -0.012233 -0.001568
v 0.012524 -0.012260 -0.006368
v 0.013515 -0.011154 -0.006374
v 0.014409 -0.009941 -0.001581
v 0.014409 -0.009967 -0.006381
v 0.015200 -0.008710 -0.006388
v 0.015881 -0.007363 -0.001595
v 0.015881 -0.007389 -0.006395
v 0.016447 -0.006016 -0.006403
v 0.016895 -0.004573 -0.001611
v 0.016895 -0.004600 -0.006411
v 0.017221 -0.003151 -0.006419
v 0.017423 -0.001652 -0.001627
v 0.017423 -0.001679 -0.006427
v 0.017500 -0.000196 -0.006435
v 0.017450 0.001316 -0.001644
v 0.017450 0.001289 -0.006444
v 0.017275 0.002764 -0.006452
v 0.016975 0.004246 -0.001660
v 0.016975 0.004219 -0.006460
v 0.016553 0.005643 -0.006468
v 0.016012 0.007053 -0.001676
v 0.016012 0.007026 -0.006476
v 0.015355 0.008359 -0.006483
v 0.014588 0.009657 -0.001690
v 0.014588 0.009631 -0.006490
v 0.013716 0.010833 -0.006497
v 0.012744 0.011984 -0.001703
v 0.012744 0.011957 -0.006503
v 0.011681 0.013021 -0.001709
v 0.011681 0.012994 -0.006509
v 0.010534 0.013965 -0.001715
v 0.010534 0.013938 -0.006514
v 0.009311 0.014781 -0.006519
v 0.008021 0.015544 -0.001723
v 0.008021 0.015517 -0.006523
v 0.006673 0.016141 -0.006527
v 0.005277 0.016676 -0.001730
v 0.005277 0.016649 -0.006530
v 0.003843 0.017036 -0.006532
v 0.002381 0.017327 -0.001733
v 0.002381 0.017301 -0.006533
v 0.000902 0.017440 -0.006534
v -0.000583 0.017480 -0.001734
v -0.000583 0.017454 -0.006534
v -0.002064 0.017341 -0.006534
v -0.003530 0.017130 -0.001732
v -0.003530 0.017103 -0.006532
v -0.004971 0.016742 -0.006530
v -0.006376 0.016287 -0.001728
v -0.006376 0.016260 -0.006527
v -0.007735 0.015661 -0.006524
v -0.009039 0.014975 -0.001720
v -0.009039 0.014948 -0.006520
v -0.010277 0.014128 -0.006516
v -0.011441 0.013232 -0.001710
v -0.011441 0.013205 -0.006510
v -0.012523 0.012187 -0.006505
v -0.013514 0.011108 -0.001699
v -0.013514 0.011081 -0.006499
v -0.014409 0.009895 -0.006492
v -0.015199 0.008664 -0.001685
v -0.015199 0.008637 -0.006485
v -0.015880 0.007317 -0.006477
v -0.016446 0.005970 -0.001670
v -0.016446 0.005944 -0.006470
v -0.016894 0.004527 -0.006462
v -0.017220 0.003105 -0.001654
v -0.017220 0.003078 -0.006454
v -0.017422 0.001606 -0.006446
v -0.017499 0.000150 -0.001637
v -0.017499 0.000123 -0.006437
v -0.017449 -0.001361 -0.006429
v -0.017274 -0.002810 -0.001621
v -0.017274 -0.002837 -0.006421
v -0.016974 -0.004291 -0.006413
v -0.016552 -0.005689 -0.001605
v -0.016552 -0.005716 -0.006405
v -0.016011 -0.007099 -0.006397
v -0.015354 -0.008404 -0.001589
v -0.015354 -0.008431 -0.006389
v -0.014587 -0.009703 -0.006382
v -0.013715 -0.010879 -0.001576
v -0.013715 -0.010906 -0.006376
v -0.012744 -0.012029 -0.006369
v -0.011681 -0.013067 -0.006363
v 0.017077 0.002731 -0.006652
v 0.017300 -0.000195 -0.006635
v 0.012644 0.003729 -0.006657
v -0.015445 -0.007830 -0.006593
v -0.013960 -0.009094 -0.006586
v -0.014420 -0.009594 -0.006583
v -0.017250 -0.001347 -0.006629
v -0.017223 0.001587 -0.006645
v -0.013340 -0.000300 -0.006635
v 0.004270 -0.013081 -0.006563
v 0.003718 -0.013442 -0.006561
v 0.001059 -0.009195 -0.006585
v 0.005915 -0.014555 -0.006555
v 0.005879 -0.013896 -0.006559
v 0.006146 -0.013755 -0.006560
v 0.005518 -0.013343 -0.006562
v 0.004930 -0.013045 -0.006564
v 0.003419 -0.014030 -0.006558
v 0.003455 -0.014689 -0.006554
v -0.000936 -0.011419 -0.006573
v 0.003816 -0.015242 -0.006551
v 0.004152 -0.015980 -0.006547
v 0.004405 -0.015540 -0.006550
v 0.005064 -0.015504 -0.006550
v 0.006304 -0.016148 -0.006546
v 0.005617 -0.015144 -0.006552
v 0.008936 -0.014851 -0.006553
v 0.015153 -0.003708 -0.006616
v 0.014508 -0.003088 -0.006619
v 0.014506 -0.001965 -0.006626
v 0.014047 -0.000940 -0.006631
v 0.013668 -0.000522 -0.006634
v 0.013211 -0.000191 -0.006635
v 0.012142 0.000154 -0.006637
v 0.011026 0.000034 -0.006637
v 0.010055 -0.000530 -0.006634
v 0.010065 0.000853 -0.006641
v 0.009397 -0.001439 -0.006628
v 0.004258 -0.005625 -0.006605
v 0.011037 -0.005102 -0.006608
v 0.012154 -0.005217 -0.006607
v 0.009346 -0.010186 -0.006580
v 0.013221 -0.004867 -0.006609
v 0.014054 -0.004114 -0.006613
v 0.009166 -0.002538 -0.006622
v 0.009402 -0.003636 -0.006616
v 0.010064 -0.004543 -0.006611
v 0.000239 0.014848 -0.006720
v -0.001591 0.013077 -0.006710
v -0.001970 0.013496 -0.006712
v -0.002041 0.017141 -0.006732
v -0.001132 0.012053 -0.006704
v 0.002367 0.012940 -0.006709
v -0.001130 0.010930 -0.006698
v -0.006018 0.003586 -0.006657
v -0.002417 0.009150 -0.006688
v -0.000211 0.010064 -0.006693
v -0.001584 0.009903 -0.006692
v -0.002427 0.013827 -0.006714
v -0.003496 0.014171 -0.006716
v -0.004914 0.016549 -0.006729
v -0.004612 0.014052 -0.006715
v -0.007647 0.015480 -0.006723
v -0.005583 0.013488 -0.006712
v -0.010160 0.013965 -0.006715
v -0.006241 0.012578 -0.006707
v -0.012380 0.012046 -0.006704
v -0.006472 0.011480 -0.006701
v -0.014244 0.009780 -0.006691
v -0.006236 0.010382 -0.006695
v -0.005574 0.009475 -0.006689
v -0.008146 0.005494 -0.006667
v -0.004601 0.008916 -0.006686
v -0.003484 0.008801 -0.006686
v 0.008166 0.002555 -0.006651
v 0.006000 -0.000138 -0.006636
v 0.005785 0.001556 -0.006645
v 0.005102 0.003121 -0.006654
v 0.004005 0.004430 -0.006661
v 0.001688 0.008362 -0.006683
v 0.002584 0.005377 -0.006667
v 0.005728 -0.001824 -0.006626
v 0.004993 -0.003366 -0.006618
v 0.003853 -0.004637 -0.006611
v 0.002401 -0.005536 -0.006606
v 0.000754 -0.005990 -0.006603
v -0.000840 -0.007492 -0.006595
v -0.000953 -0.005961 -0.006603
v -0.005784 -0.001631 -0.006627
v -0.005101 -0.003196 -0.006619
v -0.007319 -0.001685 -0.006627
v -0.004004 -0.004505 -0.006611
v -0.002584 -0.005452 -0.006606
v -0.009218 0.000017 -0.006637
v -0.005727 0.001750 -0.006646
v -0.005999 0.000064 -0.006637
v 0.000954 0.005886 -0.006669
v -0.000753 0.005915 -0.006670
v -0.004992 0.003291 -0.006655
v -0.003852 0.004562 -0.006662
v -0.002400 0.005461 -0.006667
v 0.009750 0.009884 -0.006692
v 0.010745 0.005431 -0.006667
v 0.009162 0.010182 -0.006693
v 0.004266 0.011238 -0.006699
v 0.008801 0.010735 -0.006697
v 0.008765 0.011394 -0.006700
v 0.009063 0.011983 -0.006704
v 0.006597 0.015955 -0.006726
v 0.009616 0.012343 -0.006706
v 0.009205 0.014610 -0.006718
v 0.010409 0.009920 -0.006692
v 0.010962 0.010281 -0.006694
v 0.015180 0.008262 -0.006683
v 0.013559 0.010707 -0.006696
v 0.011260 0.010869 -0.006697
v 0.011224 0.011528 -0.006701
v 0.011548 0.012844 -0.006708
v 0.010864 0.012081 -0.006704
v 0.010275 0.012379 -0.006706
v 0.000892 0.017239 -0.006733
v 0.003799 0.016840 -0.006731
v -0.016701 0.004474 -0.006662
v -0.015926 0.003311 -0.006655
v -0.015890 0.002652 -0.006651
v -0.015530 0.002099 -0.006648
v -0.014941 0.001801 -0.006647
v -0.014282 0.001837 -0.006647
v -0.013729 0.002198 -0.006649
v -0.011346 0.001924 -0.006647
v -0.013431 0.002786 -0.006652
v -0.013467 0.003445 -0.006656
v -0.013828 0.003998 -0.006659
v -0.015698 0.007232 -0.006677
v -0.014416 0.004296 -0.006661
v -0.015075 0.004260 -0.006660
v -0.015628 0.003900 -0.006658
v -0.016780 -0.004244 -0.006613
v -0.011212 -0.002208 -0.006624
v -0.015828 -0.007019 -0.006597
v -0.007482 -0.014901 -0.006553
v -0.007928 -0.015413 -0.006550
v -0.010413 -0.013852 -0.006559
v -0.012598 -0.011894 -0.006570
v -0.005216 -0.016532 -0.006544
v -0.002835 -0.009717 -0.006582
v 0.003491 -0.016981 -0.006542
v 0.000577 -0.017328 -0.006540
v -0.002353 -0.017176 -0.006540
v 0.013361 -0.011028 -0.006575
v 0.011311 -0.013127 -0.006563
v 0.017024 -0.003116 -0.006619
v 0.016259 -0.005949 -0.006603
v 0.015026 -0.008612 -0.006588
v 0.016364 0.005577 -0.006668
v -0.010562 -0.007973 -0.006592
v -0.010793 -0.009072 -0.006586
v -0.008921 -0.011635 -0.006571
v -0.009895 -0.011076 -0.006575
v -0.010557 -0.010169 -0.006580
v -0.008933 -0.006500 -0.006600
v -0.009904 -0.007063 -0.006597
v -0.009313 -0.003910 -0.006615
v -0.005451 -0.009621 -0.006583
v -0.005453 -0.008499 -0.006589
v -0.007805 -0.011750 -0.006571
v -0.006738 -0.011401 -0.006573
v -0.005905 -0.010648 -0.006577
v -0.007816 -0.006380 -0.006601
v -0.005912 -0.007474 -0.006595
v -0.006291 -0.007055 -0.006597
v -0.006748 -0.006725 -0.006599
v -0.004676 -0.002930 -0.006120
v -0.004715 -0.002838 -0.001121
v -0.003671 -0.004102 -0.001113
v -0.004715 -0.002866 -0.006121
v -0.005302 -0.001495 -0.006128
v -0.005340 -0.001322 -0.001129
v -0.005340 -0.001350 -0.006129
v -0.005499 0.000058 -0.006137
v -0.005490 0.000310 -0.001138
v -0.005490 0.000282 -0.006138
v -0.005250 0.001603 -0.006145
v -0.005153 0.001914 -0.001147
v -0.005153 0.001886 -0.006147
v -0.004576 0.003016 -0.006153
v -0.004358 0.003348 -0.001155
v -0.004358 0.003320 -0.006155
v -0.003531 0.004182 -0.006160
v -0.003175 0.004484 -0.001162
v -0.003175 0.004456 -0.006161
v -0.002200 0.005006 -0.006164
v -0.001711 0.005220 -0.001166
v -0.001711 0.005192 -0.006166
v -0.000691 0.005422 -0.006167
v -0.000094 0.005492 -0.001167
v -0.000094 0.005464 -0.006167
v 0.000875 0.005395 -0.006167
v 0.001531 0.005276 -0.001166
v 0.001531 0.005248 -0.006166
v 0.002369 0.004929 -0.006164
v 0.003020 0.004590 -0.001162
v 0.003020 0.004562 -0.006162
v 0.003672 0.004061 -0.006159
v 0.004241 0.003496 -0.001156
v 0.004241 0.003468 -0.006156
v 0.004677 0.002860 -0.006153
v 0.005085 0.002090 -0.001148
v 0.005085 0.002062 -0.006148
v 0.005303 0.001426 -0.006144
v 0.005477 0.000498 -0.001139
v 0.005477 0.000470 -0.006139
v 0.005500 -0.000127 -0.006136
v 0.005383 -0.001138 -0.001130
v 0.005383 -0.001166 -0.006130
v 0.005251 -0.001673 -0.006127
v 0.004810 -0.002674 -0.001121
v 0.004810 -0.002702 -0.006121
v 0.004577 -0.003086 -0.006119
v 0.003810 -0.003974 -0.001114
v 0.003810 -0.004002 -0.006114
v 0.003532 -0.004251 -0.006113
v 0.002472 -0.004920 -0.001109
v 0.002472 -0.004948 -0.006109
v 0.002201 -0.005075 -0.006108
v 0.000913 -0.005430 -0.001106
v 0.000913 -0.005458 -0.006106
v 0.000691 -0.005491 -0.006106
v -0.000726 -0.005458 -0.001106
v -0.000726 -0.005486 -0.006106
v -0.000874 -0.005465 -0.006106
v -0.002300 -0.005002 -0.001108
v -0.002300 -0.005030 -0.006108
v -0.002368 -0.004998 -0.006109
v -0.003671 -0.004130 -0.006113
v -0.003091 0.003263 -0.001155
v -0.003175 0.004484 -0.001162
v -0.001862 0.004090 -0.001159
v -0.001711 0.005220 -0.001166
v -0.001711 0.005220 -0.001166
v -0.000430 0.004472 -0.001161
v -0.000094 0.005492 -0.001167
v -0.000094 0.005492 -0.001167
v 0.001047 0.004370 -0.001161
v 0.001531 0.005276 -0.001166
v 0.001531 0.005276 -0.001166
v 0.002412 0.003793 -0.001158
v 0.003020 0.004590 -0.001162
v 0.003020 0.004590 -0.001162
v 0.003515 0.002804 -0.001152
v 0.004241 0.003496 -0.001156
v 0.004241 0.003496 -0.001156
v 0.004237 0.001511 -0.001145
v 0.005085 0.002090 -0.001148
v 0.005085 0.002090 -0.001148
v 0.004500 0.000053 -0.001137
v 0.005477 0.000498 -0.001139
v 0.005477 0.000498 -0.001139
v 0.004276 -0.001411 -0.001129
v 0.005383 -0.001138 -0.001130
v 0.005383 -0.001138 -0.001130
v 0.003588 -0.002723 -0.001121
v 0.004810 -0.002674 -0.001121
v 0.003810 -0.003974 -0.001114
v 0.003810 -0.003974 -0.001114
v 0.002511 -0.003741 -0.001115
v 0.002472 -0.004920 -0.001109
v 0.002472 -0.004920 -0.001109
v 0.001163 -0.004354 -0.001112
v 0.000913 -0.005430 -0.001106
v 0.000913 -0.005430 -0.001106
v -0.000312 -0.004496 -0.001111
v -0.000726 -0.005458 -0.001106
v -0.000726 -0.005458 -0.001106
v -0.001752 -0.004151 -0.001113
v -0.002300 -0.005002 -0.001108
v -0.003003 -0.003357 -0.001118
v -0.003671 -0.004102 -0.001113
v -0.003928 -0.002201 -0.001124
v -0.004715 -0.002838 -0.001121
v -0.004428 -0.000806 -0.001132
v -0.005340 -0.001322 -0.001129
v -0.005340 -0.001322 -0.001129
v -0.004448 0.000675 -0.001140
v -0.005490 0.000310 -0.001138
v -0.005490 0.000310 -0.001138
v -0.003985 0.002082 -0.001148
v -0.005153 0.001914 -0.001147
v -0.005153 0.001914 -0.001147
v -0.004358 0.003348 -0.001155
v -0.003175 0.004484 -0.001162
v -0.000953 -0.005961 -0.006603
v -0.002584 -0.005452 -0.006606
v -0.002300 -0.005030 -0.006108
v -0.000874 -0.005465 -0.006106
v -0.000726 -0.005486 -0.006106
v 0.000754 -0.005990 -0.006603
v 0.000691 -0.005491 -0.006106
v 0.000913 -0.005458 -0.006106
v 0.002401 -0.005536 -0.006606
v 0.002201 -0.005075 -0.006108
v 0.002472 -0.004948 -0.006109
v 0.003853 -0.004637 -0.006611
v 0.003532 -0.004251 -0.006113
v 0.003810 -0.004002 -0.006114
v 0.004993 -0.003366 -0.006618
v 0.004577 -0.003086 -0.006119
v 0.004810 -0.002702 -0.006121
v 0.005728 -0.001824 -0.006626
v 0.005251 -0.001673 -0.006127
v 0.005383 -0.001166 -0.006130
v 0.006000 -0.000138 -0.006636
v 0.005500 -0.000127 -0.006136
v 0.005477 0.000470 -0.006139
v 0.005785 0.001556 -0.006645
v 0.005303 0.001426 -0.006144
v 0.005085 0.002062 -0.006148
v 0.005102 0.003121 -0.006654
v 0.004677 0.002860 -0.006153
v 0.004241 0.003468 -0.006156
v 0.004005 0.004430 -0.006661
v 0.003672 0.004061 -0.006159
v 0.002584 0.005377 -0.006667
v 0.003020 0.004562 -0.006162
v 0.002369 0.004929 -0.006164
v 0.000954 0.005886 -0.006669
v 0.001531 0.005248 -0.006166
v 0.000875 0.005395 -0.006167
v -0.000753 0.005915 -0.006670
v -0.000094 0.005464 -0.006167
v -0.000691 0.005422 -0.006167
v -0.002400 0.005461 -0.006667
v -0.001711 0.005192 -0.006166
v -0.002200 0.005006 -0.006164
v -0.003852 0.004562 -0.006662
v -0.003175 0.004456 -0.006161
v -0.003531 0.004182 -0.006160
v -0.004992 0.003291 -0.006655
v -0.004358 0.003320 -0.006155
v -0.004576 0.003016 -0.006153
v -0.005727 0.001750 -0.006646
v -0.005153 0.001886 -0.006147
v -0.005250 0.001603 -0.006145
v -0.005999 0.000064 -0.006637
v -0.005490 0.000282 -0.006138
v -0.005999 0.000064 -0.006637
v -0.005499 0.000058 -0.006137
v -0.005784 -0.001631 -0.006627
v -0.005340 -0.001350 -0.006129
v -0.005302 -0.001495 -0.006128
v -0.005101 -0.003196 -0.006619
v -0.004715 -0.002866 -0.006121
v -0.004676 -0.002930 -0.006120
v -0.004004 -0.004505 -0.006611
v -0.003671 -0.004130 -0.006113
v -0.002368 -0.004998 -0.006109
v -0.006053 0.010465 -0.006495
v -0.006083 0.010552 -0.003195
v -0.005441 0.009644 -0.003190
v -0.006083 0.010534 -0.006495
v -0.006272 0.011481 -0.006501
v -0.006268 0.011649 -0.003202
v -0.006268 0.011631 -0.006502
v -0.006058 0.012498 -0.006506
v -0.005958 0.012718 -0.003208
v -0.005958 0.012699 -0.006508
v -0.005449 0.013341 -0.006511
v -0.005215 0.013546 -0.003212
v -0.005215 0.013528 -0.006512
v -0.004550 0.013863 -0.006514
v -0.004187 0.013970 -0.003215
v -0.004187 0.013952 -0.006515
v -0.003516 0.013974 -0.006515
v -0.003076 0.013906 -0.003214
v -0.003076 0.013888 -0.006514
v -0.002527 0.013654 -0.006513
v -0.002103 0.013367 -0.003211
v -0.002103 0.013348 -0.006511
v -0.001753 0.012961 -0.006509
v -0.001461 0.012458 -0.003206
v -0.001461 0.012440 -0.006506
v -0.001328 0.012012 -0.006504
v -0.001276 0.011361 -0.003200
v -0.001276 0.011343 -0.006500
v -0.001325 0.010972 -0.006498
v -0.001586 0.010293 -0.003194
v -0.001586 0.010274 -0.006494
v -0.001746 0.010022 -0.006493
v -0.002328 0.009464 -0.003189
v -0.002328 0.009446 -0.006489
v -0.002517 0.009324 -0.006489
v -0.003357 0.009040 -0.003187
v -0.003357 0.009021 -0.006487
v -0.003505 0.009001 -0.006487
v -0.004468 0.009104 -0.003187
v -0.004468 0.009085 -0.006487
v -0.004539 0.009107 -0.006487
v -0.005441 0.009644 -0.003190
v -0.005441 0.009625 -0.006490
v -0.005441 0.009625 -0.006490
v -0.003076 0.013906 -0.003214
v -0.002103 0.013367 -0.003211
v -0.002119 0.012632 -0.003207
v -0.001461 0.012458 -0.003206
v -0.001461 0.012458 -0.003206
v -0.001785 0.011735 -0.003202
v -0.001276 0.011361 -0.003200
v -0.001276 0.011361 -0.003200
v -0.001906 0.010785 -0.003197
v -0.001586 0.010293 -0.003194
v -0.001586 0.010293 -0.003194
v -0.002454 0.010000 -0.003192
v -0.002328 0.009464 -0.003189
v -0.002328 0.009464 -0.003189
v -0.003305 0.009561 -0.003190
v -0.003357 0.009040 -0.003187
v -0.003357 0.009040 -0.003187
v -0.004262 0.009566 -0.003190
v -0.004468 0.009104 -0.003187
v -0.005107 0.010016 -0.003192
v -0.005441 0.009644 -0.003190
v -0.005646 0.010807 -0.003197
v -0.006083 0.010552 -0.003195
v -0.005756 0.011758 -0.003202
v -0.006268 0.011649 -0.003202
v -0.006268 0.011649 -0.003202
v -0.005411 0.012651 -0.003207
v -0.005958 0.012718 -0.003208
v -0.005958 0.012718 -0.003208
v -0.004691 0.013281 -0.003211
v -0.005215 0.013546 -0.003212
v -0.005215 0.013546 -0.003212
v -0.003760 0.013505 -0.003212
v -0.004187 0.013970 -0.003215
v -0.004187 0.013970 -0.003215
v -0.002832 0.013271 -0.003211
v 0.009584 -0.003553 -0.006417
v 0.009555 -0.003466 -0.003117
v 0.010197 -0.004374 -0.003112
v 0.009555 -0.003484 -0.006417
v 0.009366 -0.002537 -0.006422
v 0.009370 -0.002369 -0.003123
v 0.009370 -0.002387 -0.006423
v 0.009580 -0.001519 -0.006428
v 0.009680 -0.001300 -0.003129
v 0.009680 -0.001318 -0.006429
v 0.010189 -0.000677 -0.006433
v 0.010422 -0.000471 -0.003134
v 0.010422 -0.000490 -0.006434
v 0.011088 -0.000155 -0.006436
v 0.011451 -0.000047 -0.003136
v 0.011451 -0.000066 -0.006436
v 0.012122 -0.000044 -0.006436
v 0.012562 -0.000111 -0.003136
v 0.012562 -0.000130 -0.006436
v 0.013111 -0.000363 -0.006435
v 0.013535 -0.000651 -0.003133
v 0.013535 -0.000669 -0.006433
v 0.013885 -0.001057 -0.006431
v 0.014177 -0.001559 -0.003128
v 0.014177 -0.001578 -0.006428
v 0.014310 -0.002006 -0.006425
v 0.014362 -0.002657 -0.003122
v 0.014362 -0.002675 -0.006422
v 0.014313 -0.003045 -0.006419
v 0.014052 -0.003725 -0.003116
v 0.014052 -0.003744 -0.006416
v 0.013892 -0.003996 -0.006414
v 0.013310 -0.004554 -0.003111
v 0.013310 -0.004572 -0.006411
v 0.013121 -0.004693 -0.006410
v 0.012281 -0.004978 -0.003109
v 0.012281 -0.004996 -0.006409
v 0.012133 -0.005017 -0.006408
v 0.011170 -0.004914 -0.003109
v 0.011170 -0.004932 -0.006409
v 0.011099 -0.004910 -0.006409
v 0.010197 -0.004374 -0.003112
v 0.010197 -0.004393 -0.006412
v 0.010197 -0.004393 -0.006412
v 0.011451 -0.000047 -0.003136
v 0.012562 -0.000111 -0.003136
v 0.012806 -0.000747 -0.003132
v 0.013535 -0.000651 -0.003133
v 0.013535 -0.000651 -0.003133
v 0.013519 -0.001386 -0.003129
v 0.014177 -0.001559 -0.003128
v 0.014177 -0.001559 -0.003128
v 0.013853 -0.002283 -0.003124
v 0.014362 -0.002657 -0.003122
v 0.014362 -0.002657 -0.003122
v 0.013732 -0.003233 -0.003118
v 0.014052 -0.003725 -0.003116
v 0.014052 -0.003725 -0.003116
v 0.013183 -0.004017 -0.003114
v 0.013310 -0.004554 -0.003111
v 0.013310 -0.004554 -0.003111
v 0.012333 -0.004457 -0.003112
v 0.012281 -0.004978 -0.003109
v 0.012281 -0.004978 -0.003109
v 0.011376 -0.004452 -0.003112
v 0.011170 -0.004914 -0.003109
v 0.010531 -0.004002 -0.003114
v 0.010197 -0.004374 -0.003112
v 0.009992 -0.003211 -0.003119
v 0.009555 -0.003466 -0.003117
v 0.009882 -0.002260 -0.003124
v 0.009370 -0.002369 -0.003123
v 0.009370 -0.002369 -0.003123
v 0.010227 -0.001367 -0.003129
v 0.009680 -0.001300 -0.003129
v 0.009680 -0.001300 -0.003129
v 0.010947 -0.000736 -0.003132
v 0.010422 -0.000471 -0.003134
v 0.010422 -0.000471 -0.003134
v 0.011878 -0.000513 -0.003134
v -0.010374 -0.010087 -0.006380
v -0.010404 -0.009999 -0.003081
v -0.009762 -0.010908 -0.003075
v -0.010404 -0.010018 -0.006380
v -0.010593 -0.009070 -0.006386
v -0.010589 -0.008902 -0.003087
v -0.010589 -0.008921 -0.006387
v -0.010379 -0.008053 -0.006391
v -0.010279 -0.007834 -0.003093
v -0.010279 -0.007852 -0.006393
v -0.009770 -0.007211 -0.006396
v -0.009536 -0.007005 -0.003097
v -0.009536 -0.007024 -0.006397
v -0.008871 -0.006689 -0.006399
v -0.008508 -0.006581 -0.003100
v -0.008508 -0.006599 -0.006400
v -0.007837 -0.006578 -0.006400
v -0.007397 -0.006645 -0.003099
v -0.007397 -0.006664 -0.006399
v -0.006848 -0.006897 -0.006398
v -0.006424 -0.007185 -0.003096
v -0.006424 -0.007203 -0.006396
v -0.006074 -0.007591 -0.006394
v -0.005782 -0.008093 -0.003091
v -0.005782 -0.008112 -0.006391
v -0.005649 -0.008540 -0.006389
v -0.005597 -0.009190 -0.003085
v -0.005597 -0.009209 -0.006385
v -0.005646 -0.009579 -0.006383
v -0.005907 -0.010259 -0.003079
v -0.005907 -0.010277 -0.006379
v -0.006067 -0.010530 -0.006378
v -0.006649 -0.011087 -0.003074
v -0.006649 -0.011106 -0.006374
v -0.006838 -0.011227 -0.006374
v -0.007678 -0.011512 -0.003072
v -0.007678 -0.011530 -0.006372
v -0.007826 -0.011550 -0.006372
v -0.008789 -0.011447 -0.003072
v -0.008789 -0.011466 -0.006372
v -0.008860 -0.011444 -0.006373
v -0.009762 -0.010908 -0.003075
v -0.009762 -0.010926 -0.006375
v -0.009762 -0.010926 -0.006375
v -0.006440 -0.007920 -0.003092
v -0.005782 -0.008093 -0.003091
v -0.006106 -0.008817 -0.003087
v -0.005597 -0.009190 -0.003085
v -0.005597 -0.009190 -0.003085
v -0.006227 -0.009766 -0.003082
v -0.005907 -0.010259 -0.003079
v -0.005907 -0.010259 -0.003079
v -0.006775 -0.010551 -0.003077
v -0.006649 -0.011087 -0.003074
v -0.006649 -0.011087 -0.003074
v -0.007626 -0.010991 -0.003075
v -0.007678 -0.011512 -0.003072
v -0.007678 -0.011512 -0.003072
v -0.008583 -0.010985 -0.003075
v -0.008789 -0.011447 -0.003072
v -0.009428 -0.010535 -0.003078
v -0.009762 -0.010908 -0.003075
v -0.009967 -0.009745 -0.003082
v -0.010404 -0.009999 -0.003081
v -0.010077 -0.008794 -0.003087
v -0.010589 -0.008902 -0.003087
v -0.010589 -0.008902 -0.003087
v -0.009732 -0.007901 -0.003092
v -0.010279 -0.007834 -0.003093
v -0.010279 -0.007834 -0.003093
v -0.009012 -0.007270 -0.003096
v -0.009536 -0.007005 -0.003097
v -0.009536 -0.007005 -0.003097
v -0.008081 -0.007046 -0.003097
v -0.008508 -0.006581 -0.003100
v -0.008508 -0.006581 -0.003100
v -0.007153 -0.007281 -0.003096
v -0.007397 -0.006645 -0.003099
v -0.007397 -0.006645 -0.003099
v -0.006424 -0.007185 -0.003096
v -0.005782 -0.008093 -0.003091
v -0.007805 -0.011750 -0.006571
v -0.008921 -0.011635 -0.006571
v -0.008789 -0.011466 -0.006372
v -0.007826 -0.011550 -0.006372
v -0.007678 -0.011530 -0.006372
v -0.006738 -0.011401 -0.006573
v -0.006838 -0.011227 -0.006374
v -0.006649 -0.011106 -0.006374
v -0.005905 -0.010648 -0.006577
v -0.006067 -0.010530 -0.006378
v -0.005907 -0.010277 -0.006379
v -0.005451 -0.009621 -0.006583
v -0.005646 -0.009579 -0.006383
v -0.005597 -0.009209 -0.006385
v -0.005453 -0.008499 -0.006589
v -0.005649 -0.008540 -0.006389
v -0.005782 -0.008112 -0.006391
v -0.005912 -0.007474 -0.006595
v -0.006074 -0.007591 -0.006394
v -0.006291 -0.007055 -0.006597
v -0.006424 -0.007203 -0.006396
v -0.006748 -0.006725 -0.006599
v -0.006848 -0.006897 -0.006398
v -0.007816 -0.006380 -0.006601
v -0.007397 -0.006664 -0.006399
v -0.007837 -0.006578 -0.006400
v -0.008933 -0.006500 -0.006600
v -0.008508 -0.006599 -0.006400
v -0.008871 -0.006689 -0.006399
v -0.009904 -0.007063 -0.006597
v -0.009536 -0.007024 -0.006397
v -0.009770 -0.007211 -0.006396
v -0.010562 -0.007973 -0.006592
v -0.010279 -0.007852 -0.006393
v -0.010379 -0.008053 -0.006391
v -0.010793 -0.009072 -0.006586
v -0.010589 -0.008921 -0.006387
v -0.010593 -0.009070 -0.006386
v -0.010557 -0.010169 -0.006580
v -0.010404 -0.010018 -0.006380
v -0.010374 -0.010087 -0.006380
v -0.009895 -0.011076 -0.006575
v -0.009762 -0.010926 -0.006375
v -0.008860 -0.011444 -0.006373
v 0.012154 -0.005217 -0.006607
v 0.011037 -0.005102 -0.006608
v 0.011170 -0.004932 -0.006409
v 0.012133 -0.005017 -0.006408
v 0.012281 -0.004996 -0.006409
v 0.013221 -0.004867 -0.006609
v 0.013121 -0.004693 -0.006410
v 0.013310 -0.004572 -0.006411
v 0.014054 -0.004114 -0.006613
v 0.013892 -0.003996 -0.006414
v 0.014052 -0.003744 -0.006416
v 0.014508 -0.003088 -0.006619
v 0.014313 -0.003045 -0.006419
v 0.014362 -0.002675 -0.006422
v 0.014506 -0.001965 -0.006626
v 0.014310 -0.002006 -0.006425
v 0.014177 -0.001578 -0.006428
v 0.014047 -0.000940 -0.006631
v 0.013885 -0.001057 -0.006431
v 0.013668 -0.000522 -0.006634
v 0.013535 -0.000669 -0.006433
v 0.013211 -0.000191 -0.006635
v 0.013111 -0.000363 -0.006435
v 0.012142 0.000154 -0.006637
v 0.012562 -0.000130 -0.006436
v 0.012122 -0.000044 -0.006436
v 0.011026 0.000034 -0.006637
v 0.011451 -0.000066 -0.006436
v 0.011088 -0.000155 -0.006436
v 0.010055 -0.000530 -0.006634
v 0.010422 -0.000490 -0.006434
v 0.010189 -0.000677 -0.006433
v 0.009397 -0.001439 -0.006628
v 0.009680 -0.001318 -0.006429
v 0.009580 -0.001519 -0.006428
v 0.009166 -0.002538 -0.006622
v 0.009370 -0.002387 -0.006423
v 0.009366 -0.002537 -0.006422
v 0.009402 -0.003636 -0.006616
v 0.009555 -0.003484 -0.006417
v 0.009584 -0.003553 -0.006417
v 0.010064 -0.004543 -0.006611
v 0.010064 -0.004543 -0.006611
v 0.010197 -0.004393 -0.006412
v 0.011099 -0.004910 -0.006409
v -0.003484 0.008801 -0.006686
v -0.004601 0.008916 -0.006686
v -0.004468 0.009085 -0.006487
v -0.003505 0.009001 -0.006487
v -0.003357 0.009021 -0.006487
v -0.002417 0.009150 -0.006688
v -0.002517 0.009324 -0.006489
v -0.002328 0.009446 -0.006489
v -0.001584 0.009903 -0.006692
v -0.001746 0.010022 -0.006493
v -0.001584 0.009903 -0.006692
v -0.001586 0.010274 -0.006494
v -0.001130 0.010930 -0.006698
v -0.001325 0.010972 -0.006498
v -0.001276 0.011343 -0.006500
v -0.001132 0.012053 -0.006704
v -0.001328 0.012012 -0.006504
v -0.001461 0.012440 -0.006506
v -0.001591 0.013077 -0.006710
v -0.001753 0.012961 -0.006509
v -0.001970 0.013496 -0.006712
v -0.002103 0.013348 -0.006511
v -0.002427 0.013827 -0.006714
v -0.002527 0.013654 -0.006513
v -0.003496 0.014171 -0.006716
v -0.003076 0.013888 -0.006514
v -0.003516 0.013974 -0.006515
v -0.004612 0.014052 -0.006715
v -0.004187 0.013952 -0.006515
v -0.004550 0.013863 -0.006514
v -0.005583 0.013488 -0.006712
v -0.005215 0.013528 -0.006512
v -0.005449 0.013341 -0.006511
v -0.006241 0.012578 -0.006707
v -0.005958 0.012699 -0.006508
v -0.006058 0.012498 -0.006506
v -0.006472 0.011480 -0.006701
v -0.006268 0.011631 -0.006502
v -0.006272 0.011481 -0.006501
v -0.006236 0.010382 -0.006695
v -0.006083 0.010534 -0.006495
v -0.006053 0.010465 -0.006495
v -0.005574 0.009475 -0.006689
v -0.005441 0.009625 -0.006490
v -0.004539 0.009107 -0.006487
v 0.010531 -0.004002 -0.003114
v 0.009992 -0.003211 -0.003119
v 0.010213 -0.003622 -0.000116
v 0.009882 -0.002260 -0.003124
v 0.009879 -0.002725 -0.000121
v 0.009992 -0.003194 -0.000119
v 0.010227 -0.001367 -0.003129
v 0.010000 -0.001776 -0.000127
v 0.009882 -0.002243 -0.000124
v 0.010947 -0.000736 -0.003132
v 0.010549 -0.000991 -0.000131
v 0.010227 -0.001350 -0.000129
v 0.011878 -0.000513 -0.003134
v 0.011399 -0.000551 -0.000133
v 0.010947 -0.000719 -0.000132
v 0.012806 -0.000747 -0.003132
v 0.012356 -0.000557 -0.000133
v 0.011878 -0.000496 -0.000134
v 0.013519 -0.001386 -0.003129
v 0.013201 -0.001007 -0.000131
v 0.012806 -0.000730 -0.000132
v 0.013853 -0.002283 -0.003124
v 0.013740 -0.001797 -0.000126
v 0.013519 -0.001369 -0.000129
v 0.013732 -0.003233 -0.003118
v 0.013850 -0.002748 -0.000121
v 0.013853 -0.002266 -0.000124
v 0.013183 -0.004017 -0.003114
v 0.013505 -0.003641 -0.000116
v 0.013732 -0.003216 -0.000118
v 0.012333 -0.004457 -0.003112
v 0.012785 -0.004272 -0.000113
v 0.013183 -0.004000 -0.000114
v 0.011376 -0.004452 -0.003112
v 0.011854 -0.004496 -0.000111
v 0.012333 -0.004440 -0.000112
v 0.010531 -0.003985 -0.000114
v 0.010926 -0.004261 -0.000113
v 0.011376 -0.004435 -0.000112
v -0.009428 -0.010535 -0.003078
v -0.009967 -0.009745 -0.003082
v -0.009745 -0.010156 -0.000080
v -0.010077 -0.008794 -0.003087
v -0.010080 -0.009259 -0.000085
v -0.009967 -0.009728 -0.000082
v -0.009732 -0.007901 -0.003092
v -0.009959 -0.008309 -0.000090
v -0.010077 -0.008777 -0.000087
v -0.009012 -0.007270 -0.003096
v -0.009410 -0.007525 -0.000094
v -0.009732 -0.007884 -0.000092
v -0.008081 -0.007046 -0.003097
v -0.008560 -0.007085 -0.000097
v -0.009012 -0.007253 -0.000096
v -0.007153 -0.007281 -0.003096
v -0.007603 -0.007090 -0.000097
v -0.008081 -0.007030 -0.000097
v -0.006440 -0.007920 -0.003092
v -0.006758 -0.007540 -0.000094
v -0.007153 -0.007264 -0.000096
v -0.006106 -0.008817 -0.003087
v -0.006219 -0.008331 -0.000090
v -0.006440 -0.007903 -0.000092
v -0.006227 -0.009766 -0.003082
v -0.006109 -0.009282 -0.000085
v -0.006106 -0.008800 -0.000087
v -0.006775 -0.010551 -0.003077
v -0.006454 -0.010175 -0.000080
v -0.006227 -0.009750 -0.000082
v -0.007626 -0.010991 -0.003075
v -0.007174 -0.010806 -0.000076
v -0.006775 -0.010534 -0.000078
v -0.008583 -0.010985 -0.003075
v -0.008105 -0.011029 -0.000075
v -0.007626 -0.010974 -0.000075
v -0.009428 -0.010519 -0.000078
v -0.009033 -0.010795 -0.000076
v -0.008583 -0.010969 -0.000075
v -0.005107 0.010016 -0.003192
v -0.005646 0.010807 -0.003197
v -0.005424 0.010395 -0.000195
v -0.005756 0.011758 -0.003202
v -0.005759 0.011292 -0.000200
v -0.005646 0.010824 -0.000197
v -0.005411 0.012651 -0.003207
v -0.005638 0.012242 -0.000205
v -0.005756 0.011775 -0.000202
v -0.004691 0.013281 -0.003211
v -0.005089 0.013027 -0.000209
v -0.005411 0.012668 -0.000207
v -0.003760 0.013505 -0.003212
v -0.004239 0.013467 -0.000212
v -0.004691 0.013298 -0.000211
v -0.002832 0.013271 -0.003211
v -0.003282 0.013461 -0.000212
v -0.003760 0.013522 -0.000212
v -0.002119 0.012632 -0.003207
v -0.002437 0.013011 -0.000209
v -0.002832 0.013287 -0.000211
v -0.001785 0.011735 -0.003202
v -0.001898 0.012220 -0.000205
v -0.002119 0.012648 -0.000207
v -0.001906 0.010785 -0.003197
v -0.001788 0.011269 -0.000199
v -0.001785 0.011751 -0.000202
v -0.002454 0.010000 -0.003192
v -0.002133 0.010376 -0.000194
v -0.001906 0.010802 -0.000197
v -0.003305 0.009561 -0.003190
v -0.002853 0.009746 -0.000191
v -0.002454 0.010017 -0.000192
v -0.004262 0.009566 -0.003190
v -0.003784 0.009522 -0.000190
v -0.003305 0.009577 -0.000190
v -0.005107 0.010033 -0.000193
v -0.004712 0.009757 -0.000191
v -0.004262 0.009583 -0.000190
v 0.004667 -0.014259 -0.000591
v 0.003693 -0.014582 -0.001205
v 0.003664 -0.014052 -0.001208
v 0.003983 -0.015026 -0.001202
v 0.004348 -0.013289 -0.001212
v 0.004878 -0.013260 -0.001212
v 0.003904 -0.013579 -0.001211
v 0.005641 -0.013944 -0.001208
v 0.005670 -0.014474 -0.001206
v 0.005351 -0.013500 -0.001211
v 0.004986 -0.015237 -0.001201
v 0.004456 -0.015266 -0.001201
v 0.005430 -0.014947 -0.001203
v 0.003983 -0.015026 -0.001202
v 0.003983 -0.015055 -0.006302
v 0.003693 -0.014582 -0.001205
v 0.003693 -0.014610 -0.006305
v 0.003693 -0.014582 -0.001205
v 0.003693 -0.014610 -0.006305
v 0.003664 -0.014052 -0.001208
v 0.003664 -0.014081 -0.006308
v 0.003664 -0.014052 -0.001208
v 0.003664 -0.014081 -0.006308
v 0.003904 -0.013579 -0.001211
v 0.003904 -0.013607 -0.006310
v 0.003904 -0.013579 -0.001211
v 0.003904 -0.013607 -0.006310
v 0.004348 -0.013289 -0.001212
v 0.004348 -0.013317 -0.006312
v 0.004348 -0.013289 -0.001212
v 0.004348 -0.013317 -0.006312
v 0.004878 -0.013260 -0.001212
v 0.004878 -0.013288 -0.006312
v 0.004878 -0.013260 -0.001212
v 0.004878 -0.013288 -0.006312
v 0.005351 -0.013500 -0.001211
v 0.005351 -0.013528 -0.006311
v 0.005351 -0.013500 -0.001211
v 0.005351 -0.013528 -0.006311
v 0.005641 -0.013944 -0.001208
v 0.005641 -0.013973 -0.006308
v 0.005641 -0.013944 -0.001208
v 0.005641 -0.013973 -0.006308
v 0.005670 -0.014474 -0.001206
v 0.005670 -0.014502 -0.006305
v 0.005670 -0.014474 -0.001206
v 0.005670 -0.014502 -0.006305
v 0.005430 -0.014947 -0.001203
v 0.005430 -0.014976 -0.006303
v 0.005430 -0.014947 -0.001203
v 0.005430 -0.014976 -0.006303
v 0.004986 -0.015237 -0.001201
v 0.004986 -0.015266 -0.006301
v 0.004986 -0.015237 -0.001201
v 0.004986 -0.015266 -0.006301
v 0.004456 -0.015266 -0.001201
v 0.004456 -0.015294 -0.006301
v 0.004456 -0.015266 -0.001201
v 0.004456 -0.015294 -0.006301
v 0.003983 -0.015026 -0.001202
v 0.003983 -0.015055 -0.006302
v 0.003693 -0.014610 -0.006305
v 0.003455 -0.014689 -0.006554
v 0.003664 -0.014081 -0.006308
v 0.003419 -0.014030 -0.006558
v 0.003904 -0.013607 -0.006310
v 0.003718 -0.013442 -0.006561
v 0.004348 -0.013317 -0.006312
v 0.004270 -0.013081 -0.006563
v 0.004270 -0.013081 -0.006563
v 0.004878 -0.013288 -0.006312
v 0.004930 -0.013045 -0.006564
v 0.005351 -0.013528 -0.006311
v 0.005518 -0.013343 -0.006562
v 0.005641 -0.013973 -0.006308
v 0.005879 -0.013896 -0.006559
v 0.005670 -0.014502 -0.006305
v 0.005915 -0.014555 -0.006555
v 0.005915 -0.014555 -0.006555
v 0.005430 -0.014976 -0.006303
v 0.005617 -0.015144 -0.006552
v 0.004986 -0.015266 -0.006301
v 0.005064 -0.015504 -0.006550
v 0.004456 -0.015294 -0.006301
v 0.004405 -0.015540 -0.006550
v 0.003983 -0.015055 -0.006302
v 0.003816 -0.015242 -0.006551
v -0.014679 0.003082 -0.000688
v -0.015653 0.002760 -0.001302
v -0.015682 0.003290 -0.001305
v -0.015363 0.002315 -0.001299
v -0.014997 0.004053 -0.001309
v -0.014468 0.004082 -0.001309
v -0.015442 0.003763 -0.001307
v -0.013704 0.003398 -0.001305
v -0.013676 0.002868 -0.001302
v -0.013994 0.003842 -0.001308
v -0.014360 0.002104 -0.001298
v -0.014889 0.002076 -0.001298
v -0.013915 0.002394 -0.001300
v -0.015363 0.002315 -0.001299
v -0.015363 0.002287 -0.006399
v -0.015653 0.002760 -0.001302
v -0.015653 0.002731 -0.006402
v -0.015653 0.002760 -0.001302
v -0.015653 0.002731 -0.006402
v -0.015682 0.003290 -0.001305
v -0.015682 0.003261 -0.006405
v -0.015682 0.003290 -0.001305
v -0.015682 0.003261 -0.006405
v -0.015442 0.003763 -0.001307
v -0.015442 0.003734 -0.006407
v -0.015442 0.003763 -0.001307
v -0.015442 0.003734 -0.006407
v -0.014997 0.004053 -0.001309
v -0.014997 0.004024 -0.006409
v -0.014997 0.004053 -0.001309
v -0.014997 0.004024 -0.006409
v -0.014468 0.004082 -0.001309
v -0.014468 0.004053 -0.006409
v -0.014468 0.004082 -0.001309
v -0.014468 0.004053 -0.006409
v -0.013994 0.003842 -0.001308
v -0.013994 0.003813 -0.006408
v -0.013994 0.003842 -0.001308
v -0.013994 0.003813 -0.006408
v -0.013704 0.003398 -0.001305
v -0.013704 0.003369 -0.006405
v -0.013704 0.003398 -0.001305
v -0.013704 0.003369 -0.006405
v -0.013676 0.002868 -0.001302
v -0.013676 0.002839 -0.006402
v -0.013676 0.002868 -0.001302
v -0.013676 0.002839 -0.006402
v -0.013915 0.002394 -0.001300
v -0.013915 0.002366 -0.006400
v -0.013915 0.002394 -0.001300
v -0.013915 0.002366 -0.006400
v -0.014360 0.002104 -0.001298
v -0.014360 0.002076 -0.006398
v -0.014360 0.002104 -0.001298
v -0.014360 0.002076 -0.006398
v -0.014889 0.002076 -0.001298
v -0.014889 0.002047 -0.006398
v -0.014889 0.002076 -0.001298
v -0.014889 0.002047 -0.006398
v -0.015363 0.002315 -0.001299
v -0.015363 0.002287 -0.006399
v -0.015653 0.002731 -0.006402
v -0.015890 0.002652 -0.006651
v -0.015682 0.003261 -0.006405
v -0.015926 0.003311 -0.006655
v -0.015442 0.003734 -0.006407
v -0.015628 0.003900 -0.006658
v -0.014997 0.004024 -0.006409
v -0.015075 0.004260 -0.006660
v -0.014468 0.004053 -0.006409
v -0.014416 0.004296 -0.006661
v -0.013994 0.003813 -0.006408
v -0.013828 0.003998 -0.006659
v -0.013704 0.003369 -0.006405
v -0.013467 0.003445 -0.006656
v -0.013676 0.002839 -0.006402
v -0.013431 0.002786 -0.006652
v -0.013915 0.002366 -0.006400
v -0.013729 0.002198 -0.006649
v -0.014360 0.002076 -0.006398
v -0.014282 0.001837 -0.006647
v -0.014889 0.002047 -0.006398
v -0.014941 0.001801 -0.006647
v -0.015363 0.002287 -0.006399
v -0.015530 0.002099 -0.006648
v 0.010013 0.011165 -0.000733
v 0.009039 0.010843 -0.001347
v 0.009010 0.011372 -0.001350
v 0.009329 0.010398 -0.001345
v 0.009694 0.012136 -0.001354
v 0.010224 0.012165 -0.001354
v 0.009249 0.011846 -0.001353
v 0.010987 0.011480 -0.001351
v 0.011016 0.010951 -0.001348
v 0.010697 0.011925 -0.001353
v 0.010332 0.010187 -0.001343
v 0.009802 0.010159 -0.001343
v 0.010776 0.010477 -0.001345
v 0.009329 0.010398 -0.001345
v 0.009329 0.010370 -0.006445
v 0.009039 0.010843 -0.001347
v 0.009039 0.010814 -0.006447
v 0.009039 0.010843 -0.001347
v 0.009039 0.010814 -0.006447
v 0.009010 0.011372 -0.001350
v 0.009010 0.011344 -0.006450
v 0.009010 0.011372 -0.001350
v 0.009010 0.011344 -0.006450
v 0.009249 0.011846 -0.001353
v 0.009249 0.011817 -0.006453
v 0.009249 0.011846 -0.001353
v 0.009249 0.011817 -0.006453
v 0.009694 0.012136 -0.001354
v 0.009694 0.012107 -0.006454
v 0.009694 0.012136 -0.001354
v 0.009694 0.012107 -0.006454
v 0.010224 0.012165 -0.001354
v 0.010224 0.012136 -0.006454
v 0.010224 0.012165 -0.001354
v 0.010224 0.012136 -0.006454
v 0.010697 0.011925 -0.001353
v 0.010697 0.011896 -0.006453
v 0.010697 0.011925 -0.001353
v 0.010697 0.011896 -0.006453
v 0.010987 0.011480 -0.001351
v 0.010987 0.011452 -0.006451
v 0.010987 0.011480 -0.001351
v 0.010987 0.011452 -0.006451
v 0.011016 0.010951 -0.001348
v 0.011016 0.010922 -0.006448
v 0.011016 0.010951 -0.001348
v 0.011016 0.010922 -0.006448
v 0.010776 0.010477 -0.001345
v 0.010776 0.010449 -0.006445
v 0.010776 0.010477 -0.001345
v 0.010776 0.010449 -0.006445
v 0.010332 0.010187 -0.001343
v 0.010332 0.010159 -0.006443
v 0.010332 0.010187 -0.001343
v 0.010332 0.010159 -0.006443
v 0.009802 0.010159 -0.001343
v 0.009802 0.010130 -0.006443
v 0.009802 0.010159 -0.001343
v 0.009802 0.010130 -0.006443
v 0.009329 0.010398 -0.001345
v 0.009329 0.010370 -0.006445
v 0.009039 0.010814 -0.006447
v 0.008801 0.010735 -0.006697
v 0.009010 0.011344 -0.006450
v 0.008765 0.011394 -0.006700
v 0.009249 0.011817 -0.006453
v 0.009063 0.011983 -0.006704
v 0.009694 0.012107 -0.006454
v 0.009616 0.012343 -0.006706
v 0.009616 0.012343 -0.006706
v 0.010224 0.012136 -0.006454
v 0.010275 0.012379 -0.006706
v 0.010697 0.011896 -0.006453
v 0.010864 0.012081 -0.006704
v 0.010987 0.011452 -0.006451
v 0.011224 0.011528 -0.006701
v 0.011016 0.010922 -0.006448
v 0.011260 0.010869 -0.006697
v 0.010776 0.010449 -0.006445
v 0.010962 0.010281 -0.006694
v 0.010332 0.010159 -0.006443
v 0.010409 0.009920 -0.006692
v 0.009802 0.010130 -0.006443
v 0.009750 0.009884 -0.006692
v 0.009329 0.010370 -0.006445
v 0.009162 0.010182 -0.006693
v 0.009162 0.010182 -0.006693
v 0.008801 0.010735 -0.006697
v -0.008927 -0.016781 -0.001543
v -0.011502 -0.015132 -0.001552
v -0.011681 -0.013040 -0.001564
v -0.013779 -0.013091 -0.001563
v -0.013779 -0.013091 -0.001563
v -0.013715 -0.010879 -0.001576
v -0.015699 -0.010711 -0.001577
v -0.015354 -0.008404 -0.001589
v -0.015699 -0.010711 -0.001577
v -0.017212 -0.008054 -0.001591
v -0.016552 -0.005689 -0.001605
v -0.017212 -0.008054 -0.001591
v -0.018280 -0.005189 -0.001607
v -0.017274 -0.002810 -0.001621
v -0.018280 -0.005189 -0.001607
v -0.018874 -0.002189 -0.001624
v -0.017499 0.000150 -0.001637
v -0.018874 -0.002189 -0.001624
v -0.018979 0.000866 -0.001641
v -0.017220 0.003105 -0.001654
v -0.018979 0.000866 -0.001641
v -0.018593 0.003900 -0.001658
v -0.016446 0.005970 -0.001670
v -0.018593 0.003900 -0.001658
v -0.017725 0.006832 -0.001675
v -0.015199 0.008664 -0.001685
v -0.017725 0.006832 -0.001675
v -0.016398 0.009586 -0.001690
v -0.013514 0.011108 -0.001699
v -0.016398 0.009586 -0.001690
v -0.014647 0.012093 -0.001704
v -0.011441 0.013232 -0.001710
v -0.014647 0.012093 -0.001704
v -0.012516 0.014285 -0.001716
v -0.009039 0.014975 -0.001720
v -0.012516 0.014285 -0.001716
v -0.010060 0.016108 -0.001727
v -0.006376 0.016287 -0.001728
v -0.010060 0.016108 -0.001727
v -0.007345 0.017513 -0.001734
v -0.003530 0.017130 -0.001732
v -0.007345 0.017513 -0.001734
v -0.004439 0.018464 -0.001740
v -0.000583 0.017480 -0.001734
v -0.004439 0.018464 -0.001740
v -0.001418 0.018937 -0.001742
v 0.002381 0.017327 -0.001733
v -0.001418 0.018937 -0.001742
v 0.001640 0.018919 -0.001742
v 0.005277 0.016676 -0.001730
v 0.001640 0.018919 -0.001742
v 0.004655 0.018411 -0.001739
v 0.008021 0.015544 -0.001723
v 0.004655 0.018411 -0.001739
v 0.007550 0.017426 -0.001734
v 0.010534 0.013965 -0.001715
v 0.007550 0.017426 -0.001734
v 0.010249 0.015989 -0.001726
v 0.011681 0.013021 -0.001709
v 0.012683 0.014138 -0.001716
v 0.012744 0.011984 -0.001703
v 0.014788 0.011921 -0.001703
v 0.014588 0.009657 -0.001690
v 0.014788 0.011921 -0.001703
v 0.016510 0.009394 -0.001689
v 0.016012 0.007053 -0.001676
v 0.016510 0.009394 -0.001689
v 0.017805 0.006624 -0.001674
v 0.016975 0.004246 -0.001660
v 0.017805 0.006624 -0.001674
v 0.018638 0.003682 -0.001657
v 0.017450 0.001316 -0.001644
v 0.018638 0.003682 -0.001657
v 0.018989 0.000645 -0.001640
v 0.017423 -0.001652 -0.001627
v 0.018989 0.000645 -0.001640
v 0.018848 -0.002410 -0.001623
v 0.016895 -0.004573 -0.001611
v 0.018848 -0.002410 -0.001623
v 0.018219 -0.005402 -0.001606
v 0.015881 -0.007363 -0.001595
v 0.018219 -0.005402 -0.001606
v 0.017118 -0.008255 -0.001590
v 0.014409 -0.009941 -0.001581
v 0.017118 -0.008255 -0.001590
v 0.015574 -0.010894 -0.001576
v 0.012524 -0.012233 -0.001568
v 0.015574 -0.010894 -0.001576
v 0.013626 -0.013251 -0.001562
v 0.010278 -0.014173 -0.001557
v 0.013626 -0.013251 -0.001562
v 0.011326 -0.015265 -0.001551
v 0.007736 -0.015707 -0.001549
v 0.011326 -0.015265 -0.001551
v 0.008732 -0.016884 -0.001542
v 0.004972 -0.016788 -0.001543
v 0.008732 -0.016884 -0.001542
v 0.005912 -0.018066 -0.001535
v 0.002065 -0.017387 -0.001539
v 0.005912 -0.018066 -0.001535
v 0.002939 -0.018781 -0.001531
v -0.000902 -0.017486 -0.001539
v 0.002939 -0.018781 -0.001531
v -0.000111 -0.019009 -0.001530
v -0.003842 -0.017082 -0.001541
v -0.000111 -0.019009 -0.001530
v -0.003157 -0.018745 -0.001532
v -0.006672 -0.016187 -0.001546
v -0.003157 -0.018745 -0.001532
v -0.006121 -0.017996 -0.001536
v -0.009310 -0.014827 -0.001554
v -0.006121 -0.017996 -0.001536
v 0.013559 0.010707 -0.006696
v 0.011548 0.012844 -0.006708
v 0.012744 0.011957 -0.006503
v 0.013716 0.010833 -0.006497
v 0.014588 0.009631 -0.006490
v 0.015180 0.008262 -0.006683
v 0.015355 0.008359 -0.006483
v 0.016012 0.007026 -0.006476
v 0.016364 0.005577 -0.006668
v 0.016553 0.005643 -0.006468
v 0.016975 0.004219 -0.006460
v 0.017077 0.002731 -0.006652
v 0.017423 -0.001679 -0.006427
v 0.017024 -0.003116 -0.006619
v 0.017300 -0.000195 -0.006635
v 0.017275 0.002764 -0.006452
v 0.017450 0.001289 -0.006444
v 0.017500 -0.000196 -0.006435
v 0.015881 -0.007389 -0.006395
v 0.015026 -0.008612 -0.006588
v 0.016259 -0.005949 -0.006603
v 0.017221 -0.003151 -0.006419
v 0.016895 -0.004600 -0.006411
v 0.016447 -0.006016 -0.006403
v 0.015200 -0.008710 -0.006388
v 0.014409 -0.009967 -0.006381
v 0.013361 -0.011028 -0.006575
v 0.010278 -0.014200 -0.006357
v 0.008936 -0.014851 -0.006553
v 0.011311 -0.013127 -0.006563
v 0.013515 -0.011154 -0.006374
v 0.012524 -0.012260 -0.006368
v 0.011442 -0.013278 -0.006362
v 0.004972 -0.016815 -0.006342
v 0.003491 -0.016981 -0.006542
v 0.006304 -0.016148 -0.006546
v 0.009040 -0.015021 -0.006353
v 0.007736 -0.015733 -0.006349
v 0.006377 -0.016333 -0.006345
v -0.000902 -0.017513 -0.006339
v -0.002353 -0.017176 -0.006540
v 0.000577 -0.017328 -0.006540
v 0.003531 -0.017176 -0.006340
v 0.002065 -0.017414 -0.006339
v 0.000584 -0.017526 -0.006338
v -0.006672 -0.016214 -0.006346
v -0.007928 -0.015413 -0.006550
v -0.005216 -0.016532 -0.006544
v -0.002380 -0.017373 -0.006339
v -0.003842 -0.017109 -0.006341
v -0.005276 -0.016722 -0.006343
v -0.011681 -0.013067 -0.006363
v -0.012598 -0.011894 -0.006570
v -0.010413 -0.013852 -0.006559
v -0.008020 -0.015590 -0.006349
v -0.009310 -0.014854 -0.006353
v -0.010413 -0.013852 -0.006559
v -0.010533 -0.014011 -0.006358
v -0.012744 -0.012029 -0.006369
v -0.013715 -0.010906 -0.006376
v -0.014420 -0.009594 -0.006583
v -0.014587 -0.009703 -0.006382
v -0.015445 -0.007830 -0.006593
v -0.015354 -0.008431 -0.006389
v -0.015828 -0.007019 -0.006597
v -0.016011 -0.007099 -0.006397
v -0.016552 -0.005716 -0.006405
v -0.016780 -0.004244 -0.006613
v -0.017499 0.000123 -0.006437
v -0.017223 0.001587 -0.006645
v -0.017250 -0.001347 -0.006629
v -0.016974 -0.004291 -0.006413
v -0.017274 -0.002837 -0.006421
v -0.017449 -0.001361 -0.006429
v -0.017422 0.001606 -0.006446
v -0.017220 0.003078 -0.006454
v -0.016701 0.004474 -0.006662
v -0.016894 0.004527 -0.006462
v -0.016446 0.005944 -0.006470
v -0.015698 0.007232 -0.006677
v -0.015880 0.007317 -0.006477
v -0.015199 0.008637 -0.006485
v -0.014244 0.009780 -0.006691
v -0.014409 0.009895 -0.006492
v -0.013514 0.011081 -0.006499
v -0.012380 0.012046 -0.006704
v -0.009039 0.014948 -0.006520
v -0.007647 0.015480 -0.006723
v -0.010160 0.013965 -0.006715
v -0.012523 0.012187 -0.006505
v -0.011441 0.013205 -0.006510
v -0.010277 0.014128 -0.006516
v -0.003530 0.017103 -0.006532
v -0.002041 0.017141 -0.006732
v -0.004914 0.016549 -0.006729
v -0.007735 0.015661 -0.006524
v -0.006376 0.016260 -0.006527
v -0.004971 0.016742 -0.006530
v 0.002381 0.017301 -0.006533
v 0.003799 0.016840 -0.006731
v 0.000892 0.017239 -0.006733
v -0.002064 0.017341 -0.006534
v -0.000583 0.017454 -0.006534
v 0.000902 0.017440 -0.006534
v 0.008021 0.015517 -0.006523
v 0.009205 0.014610 -0.006718
v 0.006597 0.015955 -0.006726
v 0.003843 0.017036 -0.006532
v 0.005277 0.016649 -0.006530
v 0.006673 0.016141 -0.006527
v 0.009311 0.014781 -0.006519
v 0.010534 0.013938 -0.006514
v 0.011681 0.012994 -0.006509
v -0.012830 -0.004235 -0.006164
v -0.012572 -0.003008 -0.005420
v -0.013218 -0.003043 -0.005419
v -0.011995 -0.003300 -0.005418
v -0.014053 -0.003974 -0.005414
v -0.014018 -0.004620 -0.005411
v -0.013760 -0.003396 -0.005418
v -0.013087 -0.005454 -0.005406
v -0.012441 -0.005419 -0.005406
v -0.013664 -0.005162 -0.005408
v -0.011606 -0.004488 -0.005411
v -0.011642 -0.003842 -0.005415
v -0.011899 -0.005065 -0.005408
v -0.011995 -0.003300 -0.005418
v -0.011995 -0.003271 -0.000193
v -0.012572 -0.003008 -0.005420
v -0.012572 -0.002978 -0.000195
v -0.012572 -0.003008 -0.005420
v -0.012572 -0.002978 -0.000195
v -0.013218 -0.003043 -0.005419
v -0.013218 -0.003014 -0.000195
v -0.013218 -0.003043 -0.005419
v -0.013218 -0.003014 -0.000195
v -0.013760 -0.003396 -0.005418
v -0.013760 -0.003367 -0.000193
v -0.013760 -0.003396 -0.005418
v -0.013760 -0.003367 -0.000193
v -0.014053 -0.003974 -0.005414
v -0.014053 -0.003944 -0.000189
v -0.014053 -0.003974 -0.005414
v -0.014053 -0.003944 -0.000189
v -0.014018 -0.004620 -0.005411
v -0.014018 -0.004590 -0.000186
v -0.014018 -0.004620 -0.005411
v -0.014018 -0.004590 -0.000186
v -0.013664 -0.005162 -0.005408
v -0.013664 -0.005132 -0.000183
v -0.013664 -0.005162 -0.005408
v -0.013664 -0.005132 -0.000183
v -0.013087 -0.005454 -0.005406
v -0.013087 -0.005425 -0.000181
v -0.013087 -0.005454 -0.005406
v -0.013087 -0.005425 -0.000181
v -0.012441 -0.005419 -0.005406
v -0.012441 -0.005390 -0.000181
v -0.012441 -0.005419 -0.005406
v -0.012441 -0.005390 -0.000181
v -0.011899 -0.005065 -0.005408
v -0.011899 -0.005036 -0.000183
v -0.011899 -0.005065 -0.005408
v -0.011899 -0.005036 -0.000183
v -0.011606 -0.004488 -0.005411
v -0.011606 -0.004459 -0.000187
v -0.011606 -0.004488 -0.005411
v -0.011606 -0.004459 -0.000187
v -0.011642 -0.003842 -0.005415
v -0.011642 -0.003813 -0.000190
v -0.011642 -0.003842 -0.005415
v -0.011642 -0.003813 -0.000190
v -0.011995 -0.003300 -0.005418
v -0.011995 -0.003271 -0.000193
v -0.012572 -0.002978 -0.000195
v -0.012516 -0.002708 0.000079
v -0.013218 -0.003014 -0.000195
v -0.013304 -0.002751 0.000079
v -0.013760 -0.003367 -0.000193
v -0.013965 -0.003182 0.000081
v -0.014053 -0.003944 -0.000189
v -0.014322 -0.003886 0.000085
v -0.014018 -0.004590 -0.000186
v -0.014279 -0.004674 0.000090
v -0.013664 -0.005132 -0.000183
v -0.013847 -0.005336 0.000093
v -0.013087 -0.005425 -0.000181
v -0.013143 -0.005692 0.000095
v -0.012441 -0.005390 -0.000181
v -0.012355 -0.005649 0.000095
v -0.011899 -0.005036 -0.000183
v -0.011694 -0.005218 0.000093
v -0.011606 -0.004459 -0.000187
v -0.011337 -0.004514 0.000089
v -0.011642 -0.003813 -0.000190
v -0.011380 -0.003726 0.000084
v -0.011995 -0.003271 -0.000193
v -0.011812 -0.003064 0.000081
v -0.002777 -0.013246 -0.006114
v -0.002520 -0.012018 -0.005369
v -0.003166 -0.012054 -0.005369
v -0.001943 -0.012311 -0.005368
v -0.004000 -0.012985 -0.005364
v -0.003965 -0.013631 -0.005360
v -0.003708 -0.012407 -0.005367
v -0.003034 -0.014465 -0.005356
v -0.002388 -0.014430 -0.005356
v -0.003612 -0.014172 -0.005357
v -0.001554 -0.013499 -0.005361
v -0.001589 -0.012853 -0.005365
v -0.001846 -0.014076 -0.005358
v -0.001943 -0.012311 -0.005368
v -0.001943 -0.012282 -0.000143
v -0.002520 -0.012018 -0.005369
v -0.002520 -0.011989 -0.000144
v -0.002520 -0.012018 -0.005369
v -0.002520 -0.011989 -0.000144
v -0.003166 -0.012054 -0.005369
v -0.003166 -0.012025 -0.000144
v -0.003166 -0.012054 -0.005369
v -0.003166 -0.012025 -0.000144
v -0.003708 -0.012407 -0.005367
v -0.003708 -0.012378 -0.000142
v -0.003708 -0.012407 -0.005367
v -0.003708 -0.012378 -0.000142
v -0.004000 -0.012985 -0.005364
v -0.004000 -0.012955 -0.000139
v -0.004000 -0.012985 -0.005364
v -0.004000 -0.012955 -0.000139
v -0.003965 -0.013631 -0.005360
v -0.003965 -0.013601 -0.000135
v -0.003965 -0.013631 -0.005360
v -0.003965 -0.013601 -0.000135
v -0.003612 -0.014172 -0.005357
v -0.003612 -0.014143 -0.000132
v -0.003612 -0.014172 -0.005357
v -0.003612 -0.014143 -0.000132
v -0.003034 -0.014465 -0.005356
v -0.003034 -0.014436 -0.000131
v -0.003034 -0.014465 -0.005356
v -0.003034 -0.014436 -0.000131
v -0.002388 -0.014430 -0.005356
v -0.002388 -0.014400 -0.000131
v -0.002388 -0.014430 -0.005356
v -0.002388 -0.014400 -0.000131
v -0.001846 -0.014076 -0.005358
v -0.001846 -0.014047 -0.000133
v -0.001846 -0.014076 -0.005358
v -0.001846 -0.014047 -0.000133
v -0.001554 -0.013499 -0.005361
v -0.001554 -0.013470 -0.000136
v -0.001554 -0.013499 -0.005361
v -0.001554 -0.013470 -0.000136
v -0.001589 -0.012853 -0.005365
v -0.001589 -0.012824 -0.000140
v -0.001589 -0.012853 -0.005365
v -0.001589 -0.012824 -0.000140
v -0.001943 -0.012311 -0.005368
v -0.001943 -0.012282 -0.000143
v -0.002520 -0.011989 -0.000144
v -0.002463 -0.011719 0.000129
v -0.003166 -0.012025 -0.000144
v -0.003252 -0.011762 0.000129
v -0.003708 -0.012378 -0.000142
v -0.003913 -0.012193 0.000132
v -0.004000 -0.012955 -0.000139
v -0.004269 -0.012897 0.000136
v -0.003965 -0.013601 -0.000135
v -0.004226 -0.013685 0.000140
v -0.003612 -0.014143 -0.000132
v -0.003795 -0.014346 0.000144
v -0.003034 -0.014436 -0.000131
v -0.003091 -0.014703 0.000146
v -0.002388 -0.014400 -0.000131
v -0.002303 -0.014660 0.000146
v -0.001846 -0.014047 -0.000133
v -0.001642 -0.014229 0.000143
v -0.001554 -0.013470 -0.000136
v -0.001285 -0.013525 0.000139
v -0.001589 -0.012824 -0.000140
v -0.001328 -0.012736 0.000135
v -0.001943 -0.012282 -0.000143
v -0.001759 -0.012075 0.000131
v 0.010053 -0.009046 -0.006137
v 0.010310 -0.007818 -0.005393
v 0.009664 -0.007854 -0.005393
v 0.010887 -0.008111 -0.005391
v 0.008830 -0.008784 -0.005387
v 0.008865 -0.009431 -0.005384
v 0.009122 -0.008207 -0.005391
v 0.009796 -0.010265 -0.005379
v 0.010442 -0.010230 -0.005379
v 0.009218 -0.009972 -0.005381
v 0.011276 -0.009299 -0.005385
v 0.011241 -0.008653 -0.005388
v 0.010984 -0.009876 -0.005381
v 0.010887 -0.008111 -0.005391
v 0.010887 -0.008082 -0.000166
v 0.010310 -0.007818 -0.005393
v 0.010310 -0.007789 -0.000168
v 0.010310 -0.007818 -0.005393
v 0.010310 -0.007789 -0.000168
v 0.009664 -0.007854 -0.005393
v 0.009664 -0.007824 -0.000168
v 0.009664 -0.007854 -0.005393
v 0.009664 -0.007824 -0.000168
v 0.009122 -0.008207 -0.005391
v 0.009122 -0.008178 -0.000166
v 0.009122 -0.008207 -0.005391
v 0.009122 -0.008178 -0.000166
v 0.008830 -0.008784 -0.005387
v 0.008830 -0.008755 -0.000162
v 0.008830 -0.008784 -0.005387
v 0.008830 -0.008755 -0.000162
v 0.008865 -0.009431 -0.005384
v 0.008865 -0.009401 -0.000159
v 0.008865 -0.009431 -0.005384
v 0.008865 -0.009401 -0.000159
v 0.009218 -0.009972 -0.005381
v 0.009218 -0.009943 -0.000156
v 0.009218 -0.009972 -0.005381
v 0.009218 -0.009943 -0.000156
v 0.009796 -0.010265 -0.005379
v 0.009796 -0.010236 -0.000154
v 0.009796 -0.010265 -0.005379
v 0.009796 -0.010236 -0.000154
v 0.010442 -0.010230 -0.005379
v 0.010442 -0.010200 -0.000154
v 0.010442 -0.010230 -0.005379
v 0.010442 -0.010200 -0.000154
v 0.010984 -0.009876 -0.005381
v 0.010984 -0.009847 -0.000156
v 0.010984 -0.009876 -0.005381
v 0.010984 -0.009847 -0.000156
v 0.011276 -0.009299 -0.005385
v 0.011276 -0.009270 -0.000160
v 0.011276 -0.009299 -0.005385
v 0.011276 -0.009270 -0.000160
v 0.011241 -0.008653 -0.005388
v 0.011241 -0.008624 -0.000163
v 0.011241 -0.008653 -0.005388
v 0.011241 -0.008624 -0.000163
v 0.010887 -0.008111 -0.005391
v 0.010887 -0.008082 -0.000166
v 0.010310 -0.007789 -0.000168
v 0.010367 -0.007519 0.000106
v 0.009664 -0.007824 -0.000168
v 0.009578 -0.007562 0.000106
v 0.009122 -0.008178 -0.000166
v 0.008917 -0.007993 0.000108
v 0.008917 -0.007993 0.000108
v 0.008830 -0.008755 -0.000162
v 0.008560 -0.008697 0.000112
v 0.008865 -0.009401 -0.000159
v 0.008604 -0.009485 0.000117
v 0.009218 -0.009943 -0.000156
v 0.009035 -0.010146 0.000120
v 0.009796 -0.010236 -0.000154
v 0.009739 -0.010503 0.000122
v 0.009739 -0.010503 0.000122
v 0.010442 -0.010200 -0.000154
v 0.010527 -0.010460 0.000122
v 0.010527 -0.010460 0.000122
v 0.010984 -0.009847 -0.000156
v 0.011188 -0.010029 0.000120
v 0.011276 -0.009270 -0.000160
v 0.011545 -0.009325 0.000116
v 0.011545 -0.009325 0.000116
v 0.011241 -0.008624 -0.000163
v 0.011502 -0.008536 0.000111
v 0.010887 -0.008082 -0.000166
v 0.011071 -0.007875 0.000108
v 0.010367 -0.007519 0.000106
v 0.012830 0.004165 -0.006211
v 0.013088 0.005392 -0.005467
v 0.012442 0.005357 -0.005466
v 0.013665 0.005100 -0.005465
v 0.011607 0.004426 -0.005461
v 0.011642 0.003780 -0.005458
v 0.011900 0.005004 -0.005464
v 0.012573 0.002946 -0.005453
v 0.013219 0.002981 -0.005453
v 0.011996 0.003238 -0.005455
v 0.014054 0.003912 -0.005458
v 0.014018 0.004558 -0.005462
v 0.013761 0.003335 -0.005455
v 0.013665 0.005100 -0.005465
v 0.013665 0.005129 -0.000240
v 0.013088 0.005392 -0.005467
v 0.013088 0.005422 -0.000242
v 0.013088 0.005392 -0.005467
v 0.013088 0.005422 -0.000242
v 0.012442 0.005357 -0.005466
v 0.012442 0.005386 -0.000242
v 0.012442 0.005357 -0.005466
v 0.012442 0.005386 -0.000242
v 0.011900 0.005004 -0.005464
v 0.011900 0.005033 -0.000240
v 0.011900 0.005004 -0.005464
v 0.011900 0.005033 -0.000240
v 0.011607 0.004426 -0.005461
v 0.011607 0.004456 -0.000236
v 0.011607 0.004426 -0.005461
v 0.011607 0.004456 -0.000236
v 0.011642 0.003780 -0.005458
v 0.011642 0.003810 -0.000233
v 0.011642 0.003780 -0.005458
v 0.011642 0.003810 -0.000233
v 0.011996 0.003238 -0.005455
v 0.011996 0.003268 -0.000230
v 0.011996 0.003238 -0.005455
v 0.011996 0.003268 -0.000230
v 0.012573 0.002946 -0.005453
v 0.012573 0.002975 -0.000228
v 0.012573 0.002946 -0.005453
v 0.012573 0.002975 -0.000228
v 0.013219 0.002981 -0.005453
v 0.013219 0.003011 -0.000228
v 0.013219 0.002981 -0.005453
v 0.013219 0.003011 -0.000228
v 0.013761 0.003335 -0.005455
v 0.013761 0.003364 -0.000230
v 0.013761 0.003335 -0.005455
v 0.013761 0.003364 -0.000230
v 0.014054 0.003912 -0.005458
v 0.014054 0.003941 -0.000233
v 0.014054 0.003912 -0.005458
v 0.014054 0.003941 -0.000233
v 0.014018 0.004558 -0.005462
v 0.014018 0.004587 -0.000237
v 0.014018 0.004558 -0.005462
v 0.014018 0.004587 -0.000237
v 0.013665 0.005100 -0.005465
v 0.013665 0.005129 -0.000240
v 0.013088 0.005422 -0.000242
v 0.013144 0.005692 0.000032
v 0.012442 0.005386 -0.000242
v 0.012356 0.005649 0.000032
v 0.011900 0.005033 -0.000240
v 0.011695 0.005218 0.000034
v 0.011607 0.004456 -0.000236
v 0.011338 0.004514 0.000038
v 0.011338 0.004514 0.000038
v 0.011642 0.003810 -0.000233
v 0.011381 0.003726 0.000043
v 0.011996 0.003268 -0.000230
v 0.011813 0.003064 0.000046
v 0.012573 0.002975 -0.000228
v 0.012517 0.002708 0.000048
v 0.013219 0.003011 -0.000228
v 0.013305 0.002751 0.000048
v 0.013761 0.003364 -0.000230
v 0.013966 0.003182 0.000046
v 0.014054 0.003941 -0.000233
v 0.014323 0.003886 0.000042
v 0.014018 0.004587 -0.000237
v 0.014280 0.004674 0.000037
v 0.013665 0.005129 -0.000240
v 0.013848 0.005336 0.000034
v 0.013848 0.005336 0.000034
v 0.002778 0.013176 -0.006261
v 0.003035 0.014403 -0.005517
v 0.002389 0.014368 -0.005517
v 0.003612 0.014111 -0.005515
v 0.001555 0.013437 -0.005512
v 0.001590 0.012791 -0.005508
v 0.001847 0.014015 -0.005515
v 0.002521 0.011957 -0.005503
v 0.003167 0.011992 -0.005504
v 0.001944 0.012249 -0.005505
v 0.004001 0.012923 -0.005509
v 0.003966 0.013569 -0.005512
v 0.003709 0.012346 -0.005506
v 0.003612 0.014111 -0.005515
v 0.003612 0.014140 -0.000291
v 0.003035 0.014403 -0.005517
v 0.003035 0.014433 -0.000292
v 0.003035 0.014403 -0.005517
v 0.003035 0.014433 -0.000292
v 0.002389 0.014368 -0.005517
v 0.002389 0.014397 -0.000292
v 0.002389 0.014368 -0.005517
v 0.002389 0.014397 -0.000292
v 0.001847 0.014015 -0.005515
v 0.001847 0.014044 -0.000290
v 0.001847 0.014015 -0.005515
v 0.001847 0.014044 -0.000290
v 0.001555 0.013437 -0.005512
v 0.001555 0.013467 -0.000287
v 0.001555 0.013437 -0.005512
v 0.001555 0.013467 -0.000287
v 0.001590 0.012791 -0.005508
v 0.001590 0.012820 -0.000283
v 0.001590 0.012791 -0.005508
v 0.001590 0.012820 -0.000283
v 0.001944 0.012249 -0.005505
v 0.001944 0.012279 -0.000280
v 0.001944 0.012249 -0.005505
v 0.001944 0.012279 -0.000280
v 0.002521 0.011957 -0.005503
v 0.002521 0.011986 -0.000278
v 0.002521 0.011957 -0.005503
v 0.002521 0.011986 -0.000278
v 0.003167 0.011992 -0.005504
v 0.003167 0.012021 -0.000279
v 0.003167 0.011992 -0.005504
v 0.003167 0.012021 -0.000279
v 0.003709 0.012346 -0.005506
v 0.003709 0.012375 -0.000281
v 0.003709 0.012346 -0.005506
v 0.003709 0.012375 -0.000281
v 0.004001 0.012923 -0.005509
v 0.004001 0.012952 -0.000284
v 0.004001 0.012923 -0.005509
v 0.004001 0.012952 -0.000284
v 0.003966 0.013569 -0.005512
v 0.003966 0.013598 -0.000287
v 0.003966 0.013569 -0.005512
v 0.003966 0.013598 -0.000287
v 0.003612 0.014111 -0.005515
v 0.003612 0.014140 -0.000291
v 0.003035 0.014433 -0.000292
v 0.003092 0.014703 -0.000019
v 0.002389 0.014397 -0.000292
v 0.002304 0.014660 -0.000018
v 0.001847 0.014044 -0.000290
v 0.001642 0.014229 -0.000016
v 0.001642 0.014229 -0.000016
v 0.001555 0.013467 -0.000287
v 0.001286 0.013525 -0.000012
v 0.001286 0.013525 -0.000012
v 0.001590 0.012820 -0.000283
v 0.001329 0.012736 -0.000008
v 0.001944 0.012279 -0.000280
v 0.001760 0.012075 -0.000004
v 0.002521 0.011986 -0.000278
v 0.002464 0.011719 -0.000002
v 0.003167 0.012021 -0.000279
v 0.003253 0.011762 -0.000002
v 0.003709 0.012375 -0.000281
v 0.003914 0.012193 -0.000005
v 0.003914 0.012193 -0.000005
v 0.004001 0.012952 -0.000284
v 0.004270 0.012897 -0.000009
v 0.003966 0.013598 -0.000287
v 0.004227 0.013685 -0.000013
v 0.003612 0.014140 -0.000291
v 0.003796 0.014346 -0.000017
v -0.010052 0.008976 -0.006238
v -0.009795 0.010203 -0.005494
v -0.010441 0.010168 -0.005493
v -0.009218 0.009911 -0.005492
v -0.011275 0.009237 -0.005488
v -0.011240 0.008591 -0.005485
v -0.010983 0.009815 -0.005491
v -0.010309 0.007757 -0.005480
v -0.009663 0.007792 -0.005480
v -0.010886 0.008049 -0.005482
v -0.008829 0.008723 -0.005485
v -0.008864 0.009369 -0.005489
v -0.009121 0.008146 -0.005482
v -0.009218 0.009911 -0.005492
v -0.009218 0.009940 -0.000267
v -0.009795 0.010203 -0.005494
v -0.009795 0.010233 -0.000269
v -0.009795 0.010203 -0.005494
v -0.009795 0.010233 -0.000269
v -0.010441 0.010168 -0.005493
v -0.010441 0.010197 -0.000268
v -0.010441 0.010168 -0.005493
v -0.010441 0.010197 -0.000268
v -0.010983 0.009815 -0.005491
v -0.010983 0.009844 -0.000267
v -0.010983 0.009815 -0.005491
v -0.010983 0.009844 -0.000267
v -0.011275 0.009237 -0.005488
v -0.011275 0.009267 -0.000263
v -0.011275 0.009237 -0.005488
v -0.011275 0.009267 -0.000263
v -0.011240 0.008591 -0.005485
v -0.011240 0.008620 -0.000260
v -0.011240 0.008591 -0.005485
v -0.011240 0.008620 -0.000260
v -0.010886 0.008049 -0.005482
v -0.010886 0.008079 -0.000257
v -0.010886 0.008049 -0.005482
v -0.010886 0.008079 -0.000257
v -0.010309 0.007757 -0.005480
v -0.010309 0.007786 -0.000255
v -0.010309 0.007757 -0.005480
v -0.010309 0.007786 -0.000255
v -0.009663 0.007792 -0.005480
v -0.009663 0.007821 -0.000255
v -0.009663 0.007792 -0.005480
v -0.009663 0.007821 -0.000255
v -0.009121 0.008146 -0.005482
v -0.009121 0.008175 -0.000257
v -0.009121 0.008146 -0.005482
v -0.009121 0.008175 -0.000257
v -0.008829 0.008723 -0.005485
v -0.008829 0.008752 -0.000260
v -0.008829 0.008723 -0.005485
v -0.008829 0.008752 -0.000260
v -0.008864 0.009369 -0.005489
v -0.008864 0.009398 -0.000264
v -0.008864 0.009369 -0.005489
v -0.008864 0.009398 -0.000264
v -0.009218 0.009911 -0.005492
v -0.009218 0.009940 -0.000267
v -0.009795 0.010233 -0.000269
v -0.009738 0.010503 0.000005
v -0.010441 0.010197 -0.000268
v -0.010526 0.010460 0.000005
v -0.010983 0.009844 -0.000267
v -0.011187 0.010029 0.000007
v -0.011275 0.009267 -0.000263
v -0.011544 0.009325 0.000011
v -0.011240 0.008620 -0.000260
v -0.011501 0.008536 0.000016
v -0.010886 0.008079 -0.000257
v -0.011070 0.007875 0.000020
v -0.010309 0.007786 -0.000255
v -0.010366 0.007519 0.000022
v -0.009663 0.007821 -0.000255
v -0.009577 0.007562 0.000021
v -0.009121 0.008175 -0.000257
v -0.008916 0.007993 0.000019
v -0.008829 0.008752 -0.000260
v -0.008560 0.008697 0.000015
v -0.008864 0.009398 -0.000264
v -0.008603 0.009485 0.000011
v -0.009218 0.009940 -0.000267
v -0.009034 0.010146 0.000007
v -0.009034 0.010146 0.000007
v -0.009738 0.010503 0.000005
v 0.013928 -0.001727 0.000073
v 0.013334 -0.000857 0.000068
v 0.013519 -0.001369 -0.000129
v 0.013740 -0.001797 -0.000126
v 0.013853 -0.002266 -0.000124
v 0.014048 -0.002773 0.000079
v 0.013850 -0.002748 -0.000121
v 0.013732 -0.003216 -0.000118
v 0.013669 -0.003755 0.000085
v 0.013505 -0.003641 -0.000116
v 0.013183 -0.004000 -0.000114
v 0.012877 -0.004449 0.000088
v 0.012785 -0.004272 -0.000113
v 0.012333 -0.004440 -0.000112
v 0.011853 -0.004695 0.000090
v 0.011854 -0.004496 -0.000111
v 0.011376 -0.004435 -0.000112
v 0.010832 -0.004437 0.000088
v 0.010926 -0.004261 -0.000113
v 0.010531 -0.003985 -0.000114
v 0.010048 -0.003734 0.000084
v 0.010213 -0.003622 -0.000116
v 0.009992 -0.003194 -0.000119
v 0.009681 -0.002747 0.000079
v 0.009879 -0.002725 -0.000121
v 0.009814 -0.001702 0.000073
v 0.009814 -0.001702 0.000073
v 0.009882 -0.002243 -0.000124
v 0.010000 -0.001776 -0.000127
v 0.009814 -0.001702 0.000073
v 0.010227 -0.001350 -0.000129
v 0.010417 -0.000839 0.000068
v 0.010549 -0.000991 -0.000131
v 0.010947 -0.000719 -0.000132
v 0.011352 -0.000356 0.000066
v 0.011399 -0.000551 -0.000133
v 0.011878 -0.000496 -0.000134
v 0.012405 -0.000362 0.000066
v 0.012356 -0.000557 -0.000133
v 0.012806 -0.000730 -0.000132
v 0.013201 -0.001007 -0.000131
v -0.001710 0.012291 -0.000005
v -0.002303 0.013161 -0.000010
v -0.002119 0.012648 -0.000207
v -0.001898 0.012220 -0.000205
v -0.001785 0.011751 -0.000202
v -0.001589 0.011245 0.000001
v -0.001788 0.011269 -0.000199
v -0.001906 0.010802 -0.000197
v -0.001969 0.010263 0.000006
v -0.002133 0.010376 -0.000194
v -0.002454 0.010017 -0.000192
v -0.002761 0.009569 0.000010
v -0.002853 0.009746 -0.000191
v -0.003305 0.009577 -0.000190
v -0.003785 0.009323 0.000011
v -0.003784 0.009522 -0.000190
v -0.004262 0.009583 -0.000190
v -0.004806 0.009581 0.000010
v -0.004712 0.009757 -0.000191
v -0.005107 0.010033 -0.000193
v -0.005590 0.010284 0.000006
v -0.005424 0.010395 -0.000195
v -0.005646 0.010824 -0.000197
v -0.005957 0.011271 0.000001
v -0.005759 0.011292 -0.000200
v -0.005756 0.011775 -0.000202
v -0.005824 0.012315 -0.000005
v -0.005638 0.012242 -0.000205
v -0.005411 0.012668 -0.000207
v -0.005221 0.013178 -0.000010
v -0.005089 0.013027 -0.000209
v -0.004691 0.013298 -0.000211
v -0.004286 0.013662 -0.000013
v -0.004239 0.013467 -0.000212
v -0.003760 0.013522 -0.000212
v -0.003233 0.013656 -0.000013
v -0.003282 0.013461 -0.000212
v -0.002832 0.013287 -0.000211
v -0.002437 0.013011 -0.000209
v -0.006031 -0.008260 0.000110
v -0.006624 -0.007390 0.000105
v -0.006440 -0.007903 -0.000092
v -0.006219 -0.008331 -0.000090
v -0.006106 -0.008800 -0.000087
v -0.005910 -0.009306 0.000116
v -0.006109 -0.009282 -0.000085
v -0.006227 -0.009750 -0.000082
v -0.006290 -0.010289 0.000121
v -0.006454 -0.010175 -0.000080
v -0.006775 -0.010534 -0.000078
v -0.007082 -0.010982 0.000125
v -0.007174 -0.010806 -0.000076
v -0.007626 -0.010974 -0.000075
v -0.008106 -0.011228 0.000126
v -0.008105 -0.011029 -0.000075
v -0.008583 -0.010969 -0.000075
v -0.009127 -0.010970 0.000125
v -0.009033 -0.010795 -0.000076
v -0.009428 -0.010519 -0.000078
v -0.009911 -0.010267 0.000121
v -0.009745 -0.010156 -0.000080
v -0.009967 -0.009728 -0.000082
v -0.010278 -0.009281 0.000115
v -0.010080 -0.009259 -0.000085
v -0.010077 -0.008777 -0.000087
v -0.010145 -0.008236 0.000110
v -0.009959 -0.008309 -0.000090
v -0.009732 -0.007884 -0.000092
v -0.009542 -0.007373 0.000105
v -0.009410 -0.007525 -0.000094
v -0.009012 -0.007253 -0.000096
v -0.008607 -0.006889 0.000102
v -0.008560 -0.007085 -0.000097
v -0.008081 -0.007030 -0.000097
v -0.007554 -0.006895 0.000102
v -0.007603 -0.007090 -0.000097
v -0.007153 -0.007264 -0.000096
v -0.006758 -0.007540 -0.000094
v -0.010140 -0.015830 0.000152
v -0.012548 -0.013999 0.000142
v -0.011502 -0.015123 -0.000052
v -0.010248 -0.016000 -0.000047
v -0.008927 -0.016773 -0.000043
v -0.007469 -0.017252 0.000160
v -0.007549 -0.017437 -0.000039
v -0.006121 -0.017988 -0.000036
v -0.004605 -0.018227 0.000165
v -0.004654 -0.018422 -0.000033
v -0.003157 -0.018737 -0.000032
v -0.001622 -0.018730 0.000168
v -0.001639 -0.018930 -0.000031
v -0.001622 -0.018730 0.000168
v -0.000111 -0.019000 -0.000030
v 0.001404 -0.018747 0.000168
v 0.001419 -0.018948 -0.000030
v 0.002939 -0.018772 -0.000031
v 0.004393 -0.018279 0.000166
v 0.004440 -0.018475 -0.000033
v 0.005912 -0.018058 -0.000035
v 0.007268 -0.017338 0.000161
v 0.007345 -0.017524 -0.000038
v 0.008732 -0.016876 -0.000042
v 0.009955 -0.015948 0.000153
v 0.010061 -0.016119 -0.000046
v 0.011326 -0.015257 -0.000051
v 0.012385 -0.014144 0.000143
v 0.012516 -0.014296 -0.000057
v 0.013626 -0.013243 -0.000062
v 0.014493 -0.011975 0.000131
v 0.014647 -0.012103 -0.000069
v 0.015574 -0.010885 -0.000076
v 0.016226 -0.009495 0.000117
v 0.016399 -0.009597 -0.000083
v 0.017118 -0.008246 -0.000090
v 0.017539 -0.006769 0.000101
v 0.017726 -0.006842 -0.000098
v 0.018219 -0.005394 -0.000106
v 0.018398 -0.003868 0.000085
v 0.018594 -0.003910 -0.000115
v 0.018848 -0.002401 -0.000123
v 0.018780 -0.000867 0.000068
v 0.018980 -0.000877 -0.000132
v 0.018989 0.000653 -0.000140
v 0.018676 0.002157 0.000051
v 0.018875 0.002179 -0.000149
v 0.018638 0.003690 -0.000157
v 0.018088 0.005125 0.000035
v 0.018281 0.005178 -0.000165
v 0.017805 0.006632 -0.000174
v 0.017032 0.007960 0.000019
v 0.017213 0.008043 -0.000181
v 0.016510 0.009402 -0.000189
v 0.015535 0.010589 0.000004
v 0.015700 0.010700 -0.000196
v 0.014788 0.011929 -0.000203
v 0.013635 0.012944 -0.000009
v 0.013780 0.013080 -0.000210
v 0.012549 0.013999 -0.000015
v 0.012683 0.014146 -0.000216
v 0.011382 0.014963 -0.000020
v 0.011503 0.015121 -0.000221
v 0.010249 0.015998 -0.000226
v 0.008834 0.016595 -0.000029
v 0.008928 0.016770 -0.000230
v 0.007550 0.017434 -0.000234
v 0.006058 0.017797 -0.000036
v 0.006122 0.017985 -0.000237
v 0.004655 0.018420 -0.000239
v 0.003125 0.018538 -0.000040
v 0.003158 0.018734 -0.000241
v 0.001640 0.018928 -0.000242
v 0.000110 0.018799 -0.000042
v 0.000111 0.018998 -0.000243
v 0.000110 0.018799 -0.000042
v -0.001418 0.018946 -0.000242
v -0.002907 0.018574 -0.000040
v -0.002938 0.018770 -0.000241
v -0.004439 0.018473 -0.000240
v -0.005849 0.017867 -0.000036
v -0.005911 0.018056 -0.000237
v -0.007345 0.017521 -0.000234
v -0.008639 0.016697 -0.000030
v -0.008731 0.016874 -0.000231
v -0.010060 0.016116 -0.000227
v -0.011205 0.015095 -0.000021
v -0.011325 0.015254 -0.000222
v -0.012516 0.014294 -0.000216
v -0.013482 0.013102 -0.000010
v -0.013625 0.013240 -0.000210
v -0.014647 0.012101 -0.000204
v -0.015409 0.010770 0.000003
v -0.015573 0.010883 -0.000197
v -0.015409 0.010770 0.000003
v -0.016398 0.009595 -0.000190
v -0.016937 0.008158 0.000018
v -0.017117 0.008244 -0.000183
v -0.017725 0.006840 -0.000175
v -0.018026 0.005336 0.000034
v -0.018218 0.005391 -0.000167
v -0.018593 0.003908 -0.000158
v -0.018649 0.002375 0.000050
v -0.018847 0.002399 -0.000150
v -0.018979 0.000875 -0.000141
v -0.018788 -0.000647 0.000067
v -0.018988 -0.000655 -0.000133
v -0.018874 -0.002181 -0.000124
v -0.018441 -0.003653 0.000084
v -0.018637 -0.003693 -0.000116
v -0.018280 -0.005180 -0.000107
v -0.017617 -0.006564 0.000100
v -0.017804 -0.006635 -0.000099
v -0.017212 -0.008046 -0.000091
v -0.016335 -0.009305 0.000116
v -0.016509 -0.009405 -0.000084
v -0.016335 -0.009305 0.000116
v -0.015699 -0.010703 -0.000077
v -0.014631 -0.011804 0.000130
v -0.014787 -0.011931 -0.000070
v -0.013779 -0.013082 -0.000063
v -0.012548 -0.013999 0.000142
v -0.012682 -0.014149 -0.000057
v -0.003003 -0.003356 -0.000818
v -0.003003 -0.003357 -0.001118
v -0.003928 -0.002199 -0.000824
v -0.003928 -0.002201 -0.001124
v -0.004428 -0.000804 -0.000832
v -0.004428 -0.000806 -0.001132
v -0.004448 0.000677 -0.000840
v -0.004448 0.000675 -0.001140
v -0.003985 0.002084 -0.000848
v -0.003985 0.002082 -0.001148
v -0.003091 0.003265 -0.000855
v -0.003091 0.003263 -0.001155
v -0.001862 0.004092 -0.000859
v -0.001862 0.004090 -0.001159
v -0.000430 0.004474 -0.000861
v -0.000430 0.004472 -0.001161
v 0.001047 0.004371 -0.000861
v 0.001047 0.004370 -0.001161
v 0.002412 0.003794 -0.000858
v 0.002412 0.003793 -0.001158
v 0.003515 0.002806 -0.000852
v 0.003515 0.002804 -0.001152
v 0.004237 0.001512 -0.000845
v 0.004237 0.001511 -0.001145
v 0.004500 0.000055 -0.000837
v 0.004500 0.000053 -0.001137
v 0.004276 -0.001410 -0.000829
v 0.004276 -0.001411 -0.001129
v 0.003588 -0.002722 -0.000821
v 0.003588 -0.002723 -0.001121
v 0.002511 -0.003739 -0.000816
v 0.002511 -0.003741 -0.001115
v 0.001163 -0.004352 -0.000812
v 0.001163 -0.004354 -0.001112
v -0.000312 -0.004494 -0.000811
v -0.000312 -0.004496 -0.001111
v -0.001752 -0.004149 -0.000813
v -0.001752 -0.004151 -0.001113
v -0.003003 -0.003356 -0.000818
v -0.003928 -0.002199 -0.000824
v 0.000000 -0.000005 -0.000836
v 0.001163 -0.004352 -0.000812
v -0.000312 -0.004494 -0.000811
v -0.001752 -0.004149 -0.000813
v 0.004276 -0.001410 -0.000829
v 0.003588 -0.002722 -0.000821
v 0.002511 -0.003739 -0.000816
v 0.003515 0.002806 -0.000852
v 0.004237 0.001512 -0.000845
v 0.004500 0.000055 -0.000837
v -0.000430 0.004474 -0.000861
v 0.001047 0.004371 -0.000861
v 0.002412 0.003794 -0.000858
v -0.003985 0.002084 -0.000848
v -0.003091 0.003265 -0.000855
v -0.001862 0.004092 -0.000859
v -0.004428 -0.000804 -0.000832
v -0.004448 0.000677 -0.000840
vn 0.803714 0.595001 -0.004198
vn 0.667486 0.744606 -0.004936
vn 0.739394 0.673260 -0.004138
vn 0.803715 0.595006 -0.003327
vn 0.859787 0.510642 -0.003375
vn 0.907037 0.421037 -0.003324
vn 0.907037 0.421044 -0.002355
vn 0.944981 0.327118 -0.002348
vn 0.973227 0.229837 -0.002058
vn 0.973227 0.229842 -0.001285
vn 0.991487 0.130205 -0.000760
vn 0.999572 0.029225 -0.001231
vn 0.999573 0.029230 -0.000163
vn 0.997401 -0.072046 -0.000116
vn 0.984995 -0.172582 0.000094
vn 0.984996 -0.172577 0.000965
vn 0.962482 -0.271343 0.001145
vn 0.930092 -0.367324 0.001183
vn 0.930093 -0.367319 0.002054
vn 0.888159 -0.459531 0.002197
vn 0.837111 -0.547028 0.002287
vn 0.837111 -0.547024 0.003059
vn 0.777474 -0.628907 0.003145
vn 0.709858 -0.704338 0.003068
vn 0.709859 -0.704333 0.003939
vn 0.634960 -0.772535 0.003948
vn 0.553545 -0.832810 0.003934
vn 0.553544 -0.832807 0.004657
vn 0.466448 -0.884535 0.004915
vn 0.374568 -0.927189 0.004314
vn 0.374568 -0.927185 0.005185
vn 0.278844 -0.960324 0.004998
vn 0.180257 -0.983609 0.004531
vn 0.180259 -0.983604 0.005500
vn 0.079821 -0.996796 0.005202
vn -0.021435 -0.999759 0.004720
vn -0.021437 -0.999755 0.005591
vn -0.122469 -0.992460 0.005031
vn -0.222247 -0.974979 0.004680
vn -0.222246 -0.974975 0.005452
vn -0.319745 -0.947492 0.004780
vn -0.413962 -0.910284 0.004368
vn -0.413963 -0.910279 0.005090
vn -0.503931 -0.863733 0.004457
vn -0.561104 -0.827735 0.004099
vn -0.602309 -0.798251 0.004464
vn -0.654801 -0.755790 0.004227
vn -0.679979 -0.733220 0.004101
vn -0.747857 -0.663852 0.003316
vn -0.739396 -0.673261 0.003765
vn -0.803714 -0.595008 0.002955
vn -0.859787 -0.510650 0.001887
vn -0.859787 -0.510645 0.002856
vn -0.907037 -0.421046 0.001836
vn -0.944980 -0.327126 0.000959
vn -0.944982 -0.327119 0.001829
vn -0.973227 -0.229844 0.000767
vn -0.991487 -0.130208 -0.000143
vn -0.991487 -0.130201 0.000728
vn -0.999573 -0.029233 -0.000209
vn -0.997401 0.072039 -0.001175
vn -0.997402 0.072041 -0.000403
vn -0.984995 0.172575 -0.001484
vn -0.962482 0.271335 -0.002487
vn -0.962482 0.271342 -0.001517
vn -0.930093 0.367316 -0.002573
vn -0.888159 0.459524 -0.003441
vn -0.888159 0.459530 -0.002570
vn -0.837111 0.547022 -0.003432
vn -0.777474 0.628900 -0.004388
vn -0.777475 0.628904 -0.003517
vn -0.709859 0.704330 -0.004458
vn -0.634960 0.772527 -0.005290
vn -0.634959 0.772534 -0.004320
vn -0.553546 0.832806 -0.004689
vn -0.466449 0.884529 -0.005817
vn -0.466447 0.884535 -0.004947
vn -0.374566 0.927183 -0.005704
vn -0.278843 0.960317 -0.006143
vn -0.278846 0.960321 -0.005370
vn -0.180254 0.983605 -0.005532
vn -0.079821 0.996789 -0.006347
vn -0.079820 0.996794 -0.005574
vn 0.021434 0.999752 -0.006110
vn 0.122470 0.992451 -0.006421
vn 0.122470 0.992457 -0.005550
vn 0.222249 0.974972 -0.005971
vn 0.319745 0.947483 -0.006268
vn 0.319742 0.947490 -0.005299
vn 0.413962 0.910278 -0.005464
vn 0.503931 0.863726 -0.005603
vn 0.503934 0.863729 -0.004831
vn 0.588729 0.808315 -0.005039
vn 0.667486 0.744611 -0.004164
vn 0.000007 -0.005594 -0.999984
vn 0.000000 -0.005590 -0.999984
vn 0.000003 -0.005593 -0.999985
vn -0.000002 -0.005591 -0.999985
vn -0.000000 -0.005592 -0.999985
vn -0.000003 -0.005591 -0.999985
vn -0.000001 -0.005592 -0.999984
vn -0.000000 -0.005593 -0.999985
vn 0.000000 -0.005591 -0.999985
vn 0.000000 -0.005591 -0.999984
vn 0.000003 -0.005593 -0.999985
vn -0.000001 -0.005595 -0.999984
vn -0.000001 -0.005592 -0.999984
vn -0.000001 -0.005595 -0.999984
vn 0.000000 -0.005592 -0.999985
vn -0.000003 -0.005590 -0.999985
vn -0.000001 -0.005591 -0.999984
vn 0.000000 -0.005594 -0.999984
vn -0.000003 -0.005591 -0.999984
vn 0.000002 -0.005595 -0.999984
vn 0.000007 -0.005592 -0.999985
vn -0.000002 -0.005593 -0.999985
vn -0.000001 -0.005593 -0.999985
vn 0.000000 -0.005590 -0.999985
vn -0.000003 -0.005594 -0.999984
vn -0.000003 -0.005594 -0.999984
vn 0.000000 -0.005594 -0.999985
vn 0.000002 -0.005591 -0.999984
vn 0.000000 -0.005592 -0.999984
vn 0.000000 -0.005594 -0.999985
vn 0.000000 -0.005589 -0.999985
vn 0.000001 -0.005595 -0.999984
vn 0.000002 0.005591 0.999984
vn 0.000001 0.005591 0.999984
vn 0.000002 0.005588 0.999984
vn -0.000002 0.005594 0.999984
vn -0.000001 0.005590 0.999984
vn 0.000000 0.005594 0.999984
vn 0.000000 0.005595 0.999984
vn -0.000004 0.005589 0.999985
vn -0.000001 0.005591 0.999985
vn 0.000002 0.005596 0.999984
vn 0.000003 0.005592 0.999985
vn 0.000001 0.005592 0.999984
vn 0.000002 0.005592 0.999985
vn 0.000000 0.005592 0.999984
vn 0.000003 0.005591 0.999985
vn -0.000004 0.005593 0.999985
vn -0.000002 0.005594 0.999985
vn -0.000002 0.005596 0.999984
vn 0.000003 0.005591 0.999985
vn -0.000001 0.005591 0.999985
vn -0.000000 0.005599 0.999984
vn 0.000002 0.005585 0.999985
vn 0.000001 0.005592 0.999985
vn -0.000004 0.005587 0.999985
vn 0.000001 0.005594 0.999984
vn 0.000001 0.005593 0.999984
vn 0.000002 0.005593 0.999984
vn 0.000002 0.005594 0.999985
vn 0.000002 0.005591 0.999985
vn -0.000006 0.005593 0.999985
vn 0.000000 0.005593 0.999984
vn -0.534846 -0.466656 -0.704394
vn -0.463057 -0.538407 -0.704058
vn -0.498368 -0.506207 -0.703835
vn -0.444988 -0.554056 -0.703568
vn -0.463029 -0.538429 -0.704058
vn -0.463035 -0.538423 -0.704059
vn -0.401620 -0.586062 -0.703727
vn -0.387001 -0.596287 -0.703329
vn -0.314446 -0.637512 -0.703351
vn -0.270832 -0.657348 -0.703238
vn -0.180474 -0.687842 -0.703067
vn -0.133761 -0.698488 -0.703009
vn -0.039113 -0.710169 -0.702944
vn 0.008788 -0.711197 -0.702938
vn 0.103848 -0.703587 -0.702981
vn 0.150978 -0.694951 -0.703028
vn 0.242563 -0.668361 -0.703177
vn 0.286990 -0.650414 -0.703277
vn 0.371341 -0.605934 -0.703527
vn 0.411246 -0.579412 -0.703675
vn 0.484922 -0.518861 -0.704013
vn 0.518670 -0.484851 -0.704202
vn 0.578647 -0.410708 -0.704618
vn 0.604856 -0.370602 -0.704842
vn 0.648681 -0.285905 -0.705316
vn 0.666281 -0.241343 -0.705565
vn 0.692161 -0.149555 -0.706078
vn 0.700430 -0.102362 -0.706342
vn 0.707302 -0.007245 -0.706874
vn 0.705902 0.040646 -0.707142
vn 0.693487 0.135197 -0.707670
vn 0.682476 0.181828 -0.707931
vn 0.651281 0.271948 -0.708433
vn 0.631107 0.315405 -0.708678
vn 0.582411 0.397399 -0.709135
vn 0.553901 0.435904 -0.709353
vn 0.489694 0.506417 -0.709747
vn 0.454019 0.538398 -0.709926
vn 0.376930 0.594545 -0.710239
vn 0.335547 0.618689 -0.710375
vn 0.248739 0.658168 -0.710594
vn 0.203341 0.673487 -0.710681
vn 0.110361 0.694681 -0.710801
vn 0.062808 0.700551 -0.710833
vn -0.032535 0.702597 -0.710844
vn -0.080295 0.698772 -0.710824
vn -0.174100 0.681584 -0.710727
vn -0.220112 0.668226 -0.710651
vn -0.308538 0.632507 -0.710450
vn -0.350918 0.610159 -0.710325
vn -0.430339 0.557372 -0.710032
vn -0.467353 0.526948 -0.709864
vn -0.534523 0.459255 -0.709486
vn -0.564659 0.422004 -0.709277
vn -0.616830 0.342175 -0.708828
vn -0.638849 0.299621 -0.708590
vn -0.673878 0.210927 -0.708095
vn -0.686878 0.164812 -0.707838
vn -0.703340 0.070878 -0.707312
vn -0.706791 0.023090 -0.707045
vn -0.704005 -0.072235 -0.706512
vn -0.697766 -0.119738 -0.706248
vn -0.675848 -0.212546 -0.705729
vn -0.660176 -0.257823 -0.705475
vn -0.620024 -0.344323 -0.704991
vn -0.595558 -0.385518 -0.704760
vn -0.534750 -0.466766 -0.704395
vn -0.350716 -0.597105 0.721432
vn -0.464565 -0.514231 0.720934
vn -0.412291 -0.562080 0.716995
vn -0.356334 -0.606795 0.710511
vn -0.289902 -0.633481 0.717397
vn -0.222530 -0.655394 0.721761
vn -0.226095 -0.666016 0.710847
vn -0.155639 -0.678789 0.717651
vn -0.085235 -0.686695 0.721931
vn -0.086598 -0.697822 0.711017
vn -0.015014 -0.696182 0.717709
vn 0.055556 -0.689750 0.721913
vn 0.056443 -0.700886 0.711037
vn 0.126236 -0.684836 0.717680
vn 0.194075 -0.664367 0.721770
vn 0.197174 -0.675098 0.710891
vn 0.262317 -0.645326 0.717456
vn 0.324632 -0.611587 0.721509
vn 0.329831 -0.621511 0.710588
vn 0.387633 -0.579201 0.717125
vn 0.441950 -0.533689 0.721010
vn 0.448982 -0.542307 0.710154
vn 0.497117 -0.489256 0.716592
vn 0.541142 -0.433722 0.720452
vn 0.549755 -0.440748 0.709585
vn 0.586206 -0.379073 0.716007
vn 0.618125 -0.315798 0.719856
vn 0.628028 -0.320980 0.708909
vn 0.651355 -0.253246 0.715264
vn 0.669852 -0.184827 0.719123
vn 0.680580 -0.187914 0.708166
vn 0.689769 -0.116860 0.714537
vn 0.694187 -0.046126 0.718315
vn 0.705272 -0.046990 0.707378
vn 0.700006 0.024464 0.713718
vn 0.690033 0.094633 0.717565
vn 0.701085 0.096023 0.706583
vn 0.681560 0.164951 0.712928
vn 0.657705 0.231688 0.716760
vn 0.668208 0.235263 0.705797
vn 0.635207 0.298854 0.712179
vn 0.598439 0.359442 0.716012
vn 0.607964 0.365038 0.705072
vn 0.562860 0.420670 0.711495
vn 0.551798 0.412578 0.724775
vn 0.562859 0.420679 0.711491
vn 0.522828 0.480023 0.704435
vn 0.501559 0.492136 0.711506
vn 0.467423 0.525422 0.710948
vn 0.409733 0.566571 0.714924
vn 0.416297 0.575523 0.703896
vn 0.352906 0.608870 0.710447
vn 0.299819 0.636266 0.710827
vn 0.265987 0.645088 0.716319
vn 0.174373 0.675925 0.716044
vn 0.218763 0.655445 0.722866
vn 0.157153 0.693370 0.703237
vn 0.085766 0.699018 0.709943
vn 0.014917 0.699805 0.714179
vn 0.015154 0.710888 0.703143
vn -0.055901 0.702055 0.709926
vn -0.125451 0.688565 0.714241
vn -0.127458 0.699470 0.703204
vn -0.195284 0.676547 0.710034
vn -0.251709 0.656911 0.710711
vn -0.281392 0.638478 0.716355
vn -0.366861 0.593326 0.716503
vn -0.321406 0.611401 0.723110
vn -0.391420 0.592839 0.703798
vn -0.444670 0.545004 0.710802
vn -0.494059 0.494227 0.715294
vn -0.501943 0.501991 0.704314
vn -0.544470 0.444421 0.711366
vn -0.582654 0.384762 0.715872
vn -0.591925 0.390760 0.704933
vn -0.621985 0.325804 0.712030
vn -0.646656 0.271399 0.712867
vn -0.653725 0.237196 0.718597
vn -0.679881 0.144140 0.719017
vn -0.661639 0.189547 0.725469
vn -0.696495 0.125983 0.706416
vn -0.698490 0.054444 0.713546
vn -0.699702 -0.005229 0.714415
vn -0.692701 -0.039495 0.720143
vn -0.680041 -0.135325 0.720577
vn -0.681169 -0.086402 0.727010
vn -0.688179 -0.158568 0.708001
vn -0.661782 -0.225094 0.715107
vn -0.631295 -0.289030 0.719672
vn -0.641374 -0.293767 0.708760
vn -0.602115 -0.353617 0.715830
vn -0.559352 -0.410082 0.720388
vn -0.568313 -0.416775 0.709450
vn -0.517827 -0.467521 0.716435
vn -0.471981 -0.522570 0.710039
vn 0.803714 0.595001 -0.004198
vn 0.667486 0.744606 -0.005035
vn 0.739394 0.673259 -0.004381
vn 0.803713 0.595008 -0.003327
vn 0.859787 0.510643 -0.003228
vn 0.907037 0.421038 -0.003324
vn 0.907037 0.421045 -0.002355
vn 0.944981 0.327118 -0.002202
vn 0.973227 0.229837 -0.002008
vn 0.973228 0.229840 -0.001285
vn 0.991487 0.130202 -0.001101
vn 0.999572 0.029225 -0.001133
vn 0.999573 0.029231 -0.000163
vn 0.997401 -0.072046 0.000030
vn 0.984995 -0.172582 0.000193
vn 0.984995 -0.172579 0.000965
vn 0.962482 -0.271343 0.000999
vn 0.930092 -0.367324 0.001282
vn 0.930093 -0.367318 0.002054
vn 0.888159 -0.459531 0.002197
vn 0.837111 -0.547028 0.002336
vn 0.837112 -0.547023 0.003059
vn 0.777473 -0.628907 0.003486
vn 0.709858 -0.704338 0.003068
vn 0.709858 -0.704333 0.003939
vn 0.634960 -0.772535 0.003948
vn 0.553545 -0.832811 0.003688
vn 0.553546 -0.832806 0.004657
vn 0.466451 -0.884535 0.004574
vn 0.374568 -0.927189 0.004413
vn 0.374569 -0.927185 0.005185
vn 0.278843 -0.960324 0.004998
vn 0.180257 -0.983609 0.004532
vn 0.180256 -0.983604 0.005501
vn 0.079821 -0.996796 0.005202
vn -0.021433 -0.999759 0.004720
vn -0.021433 -0.999755 0.005591
vn -0.122469 -0.992460 0.005031
vn -0.222248 -0.974979 0.004680
vn -0.222247 -0.974975 0.005453
vn -0.319746 -0.947489 0.005267
vn -0.413963 -0.910284 0.004318
vn -0.413965 -0.910278 0.005090
vn -0.503930 -0.863731 0.004799
vn -0.561063 -0.827763 0.004100
vn -0.602308 -0.798251 0.004464
vn -0.654805 -0.755786 0.004227
vn -0.679981 -0.733218 0.004101
vn -0.747860 -0.663848 0.003315
vn -0.739395 -0.673261 0.003765
vn -0.803714 -0.595009 0.002955
vn -0.859787 -0.510650 0.001886
vn -0.859785 -0.510648 0.002856
vn -0.907038 -0.421044 0.001982
vn -0.944981 -0.327126 0.000959
vn -0.944981 -0.327119 0.001829
vn -0.973227 -0.229845 0.000913
vn -0.991487 -0.130208 -0.000044
vn -0.991486 -0.130210 0.000728
vn -0.999573 -0.029232 -0.000355
vn -0.997401 0.072037 -0.001372
vn -0.997401 0.072043 -0.000403
vn -0.984997 0.172570 -0.000997
vn -0.962482 0.271334 -0.002487
vn -0.962482 0.271341 -0.001517
vn -0.930092 0.367316 -0.002573
vn -0.888159 0.459524 -0.003441
vn -0.888159 0.459529 -0.002570
vn -0.837111 0.547021 -0.003578
vn -0.777473 0.628900 -0.004388
vn -0.777475 0.628904 -0.003517
vn -0.709858 0.704332 -0.004312
vn -0.634959 0.772528 -0.005191
vn -0.634958 0.772534 -0.004320
vn -0.553544 0.832805 -0.005030
vn -0.466450 0.884529 -0.005818
vn -0.466448 0.884535 -0.004947
vn -0.374568 0.927182 -0.005704
vn -0.278844 0.960316 -0.006241
vn -0.278845 0.960321 -0.005371
vn -0.180258 0.983604 -0.005532
vn -0.079821 0.996789 -0.006298
vn -0.079822 0.996794 -0.005575
vn 0.021435 0.999754 -0.005623
vn 0.122469 0.992452 -0.006273
vn 0.122469 0.992457 -0.005550
vn 0.222244 0.974976 -0.005484
vn 0.319746 0.947483 -0.006170
vn 0.319745 0.947489 -0.005299
vn 0.413963 0.910277 -0.005463
vn 0.503931 0.863726 -0.005603
vn 0.503933 0.863730 -0.004830
vn 0.588729 0.808315 -0.005039
vn 0.667487 0.744610 -0.004164
vn 0.000000 -0.005594 -0.999984
vn 0.000000 -0.005593 -0.999984
vn 0.000000 -0.005593 -0.999985
vn 0.000001 -0.005594 -0.999984
vn 0.000003 -0.005593 -0.999984
vn 0.000000 -0.005593 -0.999985
vn 0.000003 -0.005591 -0.999984
vn -0.000007 -0.005593 -0.999985
vn 0.000002 -0.005593 -0.999985
vn -0.000002 -0.005593 -0.999985
vn 0.000005 -0.005592 -0.999985
vn -0.000001 -0.005593 -0.999985
vn 0.000000 -0.005594 -0.999984
vn 0.000001 -0.005591 -0.999984
vn 0.000000 -0.005592 -0.999984
vn 0.000000 -0.005593 -0.999984
vn -0.000002 -0.005593 -0.999984
vn 0.000000 -0.005592 -0.999985
vn 0.000001 -0.005591 -0.999985
vn -0.000001 -0.005592 -0.999984
vn 0.000000 -0.005593 -0.999984
vn 0.000000 -0.005591 -0.999985
vn -0.000003 -0.005592 -0.999985
vn 0.000000 -0.005593 -0.999984
vn -0.000003 -0.005591 -0.999985
vn 0.000005 -0.005591 -0.999984
vn -0.000000 -0.005590 -0.999985
vn 0.000000 -0.005597 -0.999984
vn 0.000001 -0.005590 -0.999985
vn 0.000000 -0.005591 -0.999985
vn -0.000001 -0.005589 -0.999985
vn 0.000000 -0.005595 -0.999984
vn 0.000002 0.005591 0.999985
vn 0.000001 0.005591 0.999985
vn -0.000001 0.005595 0.999984
vn 0.000003 0.005589 0.999985
vn -0.000001 0.005589 0.999985
vn 0.000000 0.005594 0.999985
vn 0.000000 0.005596 0.999984
vn -0.000003 0.005589 0.999984
vn -0.000001 0.005591 0.999985
vn 0.000002 0.005596 0.999985
vn 0.000003 0.005592 0.999985
vn 0.000002 0.005592 0.999985
vn 0.000001 0.005592 0.999985
vn 0.000001 0.005592 0.999985
vn 0.000002 0.005591 0.999985
vn -0.000004 0.005593 0.999985
vn -0.000001 0.005594 0.999984
vn 0.000002 0.005589 0.999985
vn -0.000004 0.005596 0.999985
vn -0.000000 0.005591 0.999985
vn -0.000001 0.005590 0.999985
vn -0.000001 0.005593 0.999985
vn 0.000000 0.005593 0.999985
vn 0.000000 0.005594 0.999985
vn 0.000000 0.005594 0.999985
vn 0.000000 0.005593 0.999985
vn 0.000003 0.005593 0.999985
vn -0.000005 0.005590 0.999985
vn -0.000005 0.005595 0.999984
vn 0.000002 0.005592 0.999985
vn -0.000000 0.005593 0.999985
vn -0.534778 -0.466732 -0.704396
vn -0.463050 -0.538414 -0.704056
vn -0.498366 -0.506211 -0.703834
vn -0.444987 -0.554058 -0.703567
vn -0.463064 -0.538400 -0.704058
vn -0.463040 -0.538422 -0.704057
vn -0.401701 -0.586007 -0.703728
vn -0.386962 -0.596315 -0.703327
vn -0.314445 -0.637514 -0.703350
vn -0.270831 -0.657346 -0.703240
vn -0.180474 -0.687840 -0.703068
vn -0.133761 -0.698489 -0.703009
vn -0.039114 -0.710169 -0.702944
vn 0.008786 -0.711198 -0.702937
vn 0.103852 -0.703587 -0.702979
vn 0.150979 -0.694951 -0.703028
vn 0.242562 -0.668362 -0.703176
vn 0.286986 -0.650415 -0.703278
vn 0.371343 -0.605932 -0.703527
vn 0.411245 -0.579411 -0.703677
vn 0.484919 -0.518862 -0.704014
vn 0.518666 -0.484852 -0.704205
vn 0.578643 -0.410711 -0.704619
vn 0.604854 -0.370603 -0.704844
vn 0.648680 -0.285901 -0.705319
vn 0.666281 -0.241339 -0.705567
vn 0.692159 -0.149555 -0.706080
vn 0.700430 -0.102363 -0.706343
vn 0.707302 -0.007246 -0.706875
vn 0.705901 0.040646 -0.707143
vn 0.693487 0.135196 -0.707670
vn 0.682474 0.181826 -0.707932
vn 0.651281 0.271945 -0.708434
vn 0.631107 0.315403 -0.708678
vn 0.582410 0.397396 -0.709137
vn 0.553901 0.435904 -0.709353
vn 0.489694 0.506418 -0.709746
vn 0.454016 0.538399 -0.709927
vn 0.376929 0.594546 -0.710239
vn 0.335547 0.618690 -0.710374
vn 0.248737 0.658165 -0.710597
vn 0.203341 0.673485 -0.710683
vn 0.110358 0.694682 -0.710801
vn 0.062807 0.700550 -0.710834
vn -0.032534 0.702594 -0.710847
vn -0.080295 0.698771 -0.710825
vn -0.174100 0.681582 -0.710728
vn -0.220113 0.668225 -0.710652
vn -0.308534 0.632507 -0.710452
vn -0.350914 0.610160 -0.710327
vn -0.430341 0.557372 -0.710030
vn -0.467355 0.526950 -0.709861
vn -0.534527 0.459256 -0.709482
vn -0.564658 0.422005 -0.709277
vn -0.616827 0.342176 -0.708830
vn -0.638846 0.299621 -0.708592
vn -0.673881 0.210923 -0.708093
vn -0.686882 0.164807 -0.707836
vn -0.703341 0.070877 -0.707310
vn -0.706793 0.023090 -0.707044
vn -0.704007 -0.072233 -0.706511
vn -0.697769 -0.119736 -0.706245
vn -0.675851 -0.212546 -0.705726
vn -0.660178 -0.257824 -0.705473
vn -0.620027 -0.344323 -0.704989
vn -0.595558 -0.385518 -0.704760
vn -0.534812 -0.466695 -0.704395
vn -0.478542 -0.498824 0.722615
vn -0.471987 -0.522564 0.710038
vn -0.412291 -0.562075 0.717000
vn -0.350713 -0.597104 0.721434
vn -0.356326 -0.606796 0.710514
vn -0.289888 -0.633452 0.717429
vn -0.222543 -0.655433 0.721722
vn -0.226098 -0.666022 0.710841
vn -0.155642 -0.678792 0.717647
vn -0.085233 -0.686695 0.721932
vn -0.086598 -0.697819 0.711020
vn -0.015010 -0.696147 0.717743
vn 0.055553 -0.689715 0.721947
vn 0.056445 -0.700888 0.711034
vn 0.126243 -0.684869 0.717647
vn 0.194082 -0.664398 0.721740
vn 0.197167 -0.675097 0.710893
vn 0.262311 -0.645320 0.717464
vn 0.324647 -0.611612 0.721481
vn 0.329831 -0.621498 0.710600
vn 0.387653 -0.579229 0.717091
vn 0.441908 -0.533640 0.721073
vn 0.448986 -0.542314 0.710146
vn 0.497147 -0.489285 0.716551
vn 0.541091 -0.433679 0.720516
vn 0.549759 -0.440752 0.709579
vn 0.586234 -0.379094 0.715973
vn 0.618154 -0.315812 0.719825
vn 0.628022 -0.320979 0.708916
vn 0.651354 -0.253243 0.715266
vn 0.669849 -0.184828 0.719125
vn 0.680580 -0.187918 0.708165
vn 0.689800 -0.116865 0.714506
vn 0.694222 -0.046128 0.718281
vn 0.705271 -0.046985 0.707379
vn 0.700011 0.024462 0.713713
vn 0.690110 0.094642 0.717490
vn 0.701092 0.096023 0.706576
vn 0.681562 0.164952 0.712927
vn 0.657670 0.231677 0.716795
vn 0.668204 0.235262 0.705801
vn 0.635206 0.298854 0.712180
vn 0.598378 0.359405 0.716081
vn 0.607965 0.365038 0.705071
vn 0.562865 0.420666 0.711493
vn 0.551800 0.412572 0.724776
vn 0.562861 0.420690 0.711483
vn 0.522833 0.480031 0.704426
vn 0.501603 0.492119 0.711487
vn 0.467447 0.525453 0.710909
vn 0.409712 0.566546 0.714956
vn 0.416298 0.575523 0.703896
vn 0.352910 0.608869 0.710446
vn 0.288102 0.637532 0.714528
vn 0.292717 0.647618 0.703497
vn 0.223920 0.667524 0.710121
vn 0.154682 0.682592 0.714242
vn 0.157149 0.693365 0.703242
vn 0.085764 0.699016 0.709944
vn 0.026179 0.703256 0.710455
vn -0.008380 0.698024 0.716025
vn -0.104729 0.690237 0.715964
vn -0.055851 0.688925 0.722677
vn -0.127460 0.699470 0.703203
vn -0.195276 0.676514 0.710068
vn -0.260699 0.649333 0.714425
vn -0.264864 0.659575 0.703426
vn -0.326678 0.623473 0.710326
vn -0.377950 0.592903 0.711069
vn -0.403343 0.568849 0.716746
vn -0.477973 0.507411 0.716990
vn -0.437114 0.534260 0.723532
vn -0.501944 0.501988 0.704315
vn -0.544468 0.444414 0.711373
vn -0.582623 0.384739 0.715910
vn -0.591924 0.390757 0.704936
vn -0.621955 0.325788 0.712063
vn -0.647339 0.259671 0.716605
vn -0.657676 0.263694 0.705640
vn -0.674033 0.194014 0.712769
vn -0.687244 0.135753 0.713630
vn -0.687273 0.100828 0.719367
vn -0.694164 0.004418 0.719803
vn -0.685426 0.052571 0.726243
vn -0.706799 -0.016715 0.707217
vn -0.694342 -0.087189 0.714344
vn -0.677325 -0.155944 0.718967
vn -0.688174 -0.158569 0.708006
vn -0.661810 -0.225107 0.715077
vn -0.631262 -0.289016 0.719707
vn -0.641374 -0.293775 0.708757
vn -0.602118 -0.353618 0.715827
vn -0.568995 -0.403329 0.716639
vn -0.543679 -0.427402 0.722317
vn -0.507392 -0.459309 0.729101
vn 0.803714 0.595001 -0.004198
vn 0.667486 0.744606 -0.005035
vn 0.739393 0.673263 -0.003797
vn 0.803713 0.595009 -0.003327
vn 0.859788 0.510642 -0.002887
vn 0.907037 0.421037 -0.003324
vn 0.907037 0.421044 -0.002355
vn 0.944980 0.327118 -0.002446
vn 0.973227 0.229837 -0.002058
vn 0.973227 0.229844 -0.001285
vn 0.991487 0.130204 -0.000760
vn 0.999572 0.029225 -0.001133
vn 0.999573 0.029223 -0.000163
vn 0.997402 -0.072043 0.000371
vn 0.984995 -0.172582 0.000193
vn 0.984996 -0.172573 0.000965
vn 0.962482 -0.271343 0.000999
vn 0.930093 -0.367322 0.001430
vn 0.930092 -0.367320 0.002054
vn 0.888159 -0.459530 0.002538
vn 0.837111 -0.547028 0.002287
vn 0.837110 -0.547025 0.003059
vn 0.777474 -0.628907 0.003144
vn 0.709859 -0.704337 0.003068
vn 0.709863 -0.704328 0.003939
vn 0.634964 -0.772530 0.004289
vn 0.553545 -0.832810 0.003885
vn 0.553546 -0.832805 0.004657
vn 0.466448 -0.884535 0.004915
vn 0.374567 -0.927190 0.004314
vn 0.374568 -0.927185 0.005185
vn 0.278844 -0.960322 0.005339
vn 0.180257 -0.983609 0.004532
vn 0.180257 -0.983604 0.005501
vn 0.079821 -0.996797 0.004958
vn -0.021434 -0.999759 0.004720
vn -0.021434 -0.999755 0.005591
vn -0.122469 -0.992460 0.004934
vn -0.222247 -0.974979 0.004680
vn -0.222249 -0.974975 0.005453
vn -0.319745 -0.947492 0.004780
vn -0.413962 -0.910284 0.004368
vn -0.413962 -0.910280 0.005091
vn -0.503932 -0.863733 0.004312
vn -0.561104 -0.827735 0.004099
vn -0.602312 -0.798249 0.004464
vn -0.654800 -0.755790 0.004227
vn -0.679980 -0.733219 0.004100
vn -0.747860 -0.663849 0.003315
vn -0.739394 -0.673262 0.003765
vn -0.803715 -0.595007 0.002955
vn -0.859787 -0.510649 0.001985
vn -0.859786 -0.510647 0.002856
vn -0.907037 -0.421047 0.001982
vn -0.944981 -0.327125 0.001057
vn -0.944981 -0.327121 0.001829
vn -0.973228 -0.229843 0.000767
vn -0.991487 -0.130209 -0.000143
vn -0.991487 -0.130208 0.000728
vn -0.999573 -0.029234 -0.000355
vn -0.997401 0.072039 -0.001175
vn -0.997401 0.072044 -0.000403
vn -0.984995 0.172574 -0.001581
vn -0.962482 0.271336 -0.002388
vn -0.962481 0.271344 -0.001517
vn -0.930092 0.367318 -0.002427
vn -0.888159 0.459525 -0.003441
vn -0.888159 0.459529 -0.002570
vn -0.837111 0.547021 -0.003578
vn -0.777474 0.628899 -0.004486
vn -0.777473 0.628907 -0.003517
vn -0.709859 0.704330 -0.004312
vn -0.634960 0.772527 -0.005290
vn -0.634958 0.772535 -0.004320
vn -0.553545 0.832803 -0.005176
vn -0.466450 0.884528 -0.005916
vn -0.466450 0.884534 -0.004947
vn -0.374568 0.927182 -0.005704
vn -0.278843 0.960317 -0.006143
vn -0.278844 0.960321 -0.005371
vn -0.180257 0.983602 -0.005873
vn -0.079821 0.996788 -0.006445
vn -0.079822 0.996794 -0.005575
vn 0.021435 0.999752 -0.006110
vn 0.122470 0.992452 -0.006421
vn 0.122470 0.992457 -0.005550
vn 0.222248 0.974975 -0.005484
vn 0.319745 0.947483 -0.006268
vn 0.319744 0.947489 -0.005299
vn 0.413962 0.910278 -0.005463
vn 0.503931 0.863725 -0.005800
vn 0.503934 0.863729 -0.004830
vn 0.588729 0.808315 -0.005039
vn 0.667486 0.744610 -0.004164
vn 0.000000 -0.005597 -0.999984
vn 0.000000 -0.005591 -0.999984
vn 0.000000 -0.005593 -0.999984
vn -0.000002 -0.005592 -0.999985
vn -0.000000 -0.005592 -0.999984
vn -0.000003 -0.005594 -0.999984
vn 0.000001 -0.005592 -0.999984
vn -0.000001 -0.005593 -0.999985
vn 0.000000 -0.005592 -0.999984
vn -0.000003 -0.005596 -0.999985
vn 0.000003 -0.005592 -0.999984
vn 0.000000 -0.005593 -0.999984
vn 0.000001 -0.005592 -0.999985
vn 0.000000 -0.005589 -0.999984
vn -0.000003 -0.005592 -0.999984
vn 0.000001 -0.005593 -0.999984
vn -0.000002 -0.005593 -0.999984
vn 0.000000 -0.005593 -0.999985
vn -0.000002 -0.005592 -0.999984
vn 0.000002 -0.005592 -0.999984
vn -0.000007 -0.005593 -0.999985
vn 0.000001 -0.005593 -0.999985
vn 0.000002 -0.005593 -0.999985
vn -0.000003 -0.005595 -0.999984
vn -0.000001 -0.005593 -0.999984
vn 0.000005 -0.005591 -0.999985
vn 0.000000 -0.005596 -0.999984
vn 0.000000 -0.005591 -0.999984
vn 0.000002 -0.005588 -0.999984
vn -0.000002 -0.005593 -0.999984
vn 0.000001 -0.005591 -0.999985
vn 0.000000 -0.005593 -0.999985
vn 0.000002 0.005591 0.999985
vn -0.000000 0.005590 0.999984
vn -0.000001 0.005594 0.999984
vn -0.000004 0.005595 0.999984
vn 0.000000 0.005597 0.999984
vn 0.000000 0.005594 0.999984
vn 0.000000 0.005588 0.999985
vn 0.000002 0.005594 0.999984
vn -0.000001 0.005592 0.999985
vn -0.000003 0.005588 0.999985
vn -0.000006 0.005592 0.999985
vn 0.000001 0.005594 0.999985
vn 0.000000 0.005594 0.999985
vn 0.000002 0.005592 0.999985
vn -0.000005 0.005594 0.999984
vn 0.000005 0.005592 0.999984
vn 0.000003 0.005588 0.999985
vn -0.000003 0.005596 0.999984
vn 0.000001 0.005591 0.999985
vn 0.000002 0.005599 0.999984
vn 0.000001 0.005590 0.999985
vn 0.000001 0.005593 0.999985
vn 0.000000 0.005592 0.999985
vn 0.000002 0.005593 0.999984
vn -0.000002 0.005586 0.999984
vn 0.000001 0.005591 0.999984
vn -0.000004 0.005590 0.999984
vn 0.000002 0.005593 0.999985
vn 0.000003 0.005591 0.999985
vn 0.000001 0.005591 0.999984
vn -0.000000 0.005591 0.999984
vn -0.534844 -0.466660 -0.704394
vn -0.463049 -0.538413 -0.704057
vn -0.498361 -0.506212 -0.703837
vn -0.444986 -0.554057 -0.703568
vn -0.463029 -0.538433 -0.704055
vn -0.463041 -0.538420 -0.704058
vn -0.401703 -0.586007 -0.703726
vn -0.386964 -0.596315 -0.703326
vn -0.314449 -0.637512 -0.703349
vn -0.270835 -0.657345 -0.703239
vn -0.180473 -0.687838 -0.703071
vn -0.133760 -0.698486 -0.703012
vn -0.039113 -0.710166 -0.702947
vn 0.008789 -0.711196 -0.702939
vn 0.103851 -0.703586 -0.702981
vn 0.150979 -0.694950 -0.703029
vn 0.242562 -0.668361 -0.703177
vn 0.286987 -0.650414 -0.703278
vn 0.371343 -0.605932 -0.703527
vn 0.411245 -0.579411 -0.703676
vn 0.484921 -0.518859 -0.704015
vn 0.518668 -0.484850 -0.704205
vn 0.578648 -0.410707 -0.704618
vn 0.604858 -0.370601 -0.704842
vn 0.648683 -0.285903 -0.705315
vn 0.666283 -0.241341 -0.705565
vn 0.692161 -0.149555 -0.706078
vn 0.700431 -0.102361 -0.706342
vn 0.707304 -0.007245 -0.706873
vn 0.705903 0.040646 -0.707141
vn 0.693487 0.135198 -0.707671
vn 0.682475 0.181829 -0.707931
vn 0.651282 0.271944 -0.708434
vn 0.631108 0.315404 -0.708677
vn 0.582411 0.397396 -0.709136
vn 0.553901 0.435905 -0.709352
vn 0.489695 0.506417 -0.709747
vn 0.454019 0.538399 -0.709925
vn 0.376932 0.594546 -0.710238
vn 0.335548 0.618690 -0.710374
vn 0.248740 0.658167 -0.710595
vn 0.203342 0.673486 -0.710682
vn 0.110362 0.694683 -0.710800
vn 0.062810 0.700552 -0.710832
vn -0.032538 0.702596 -0.710844
vn -0.080298 0.698773 -0.710822
vn -0.174102 0.681584 -0.710727
vn -0.220111 0.668226 -0.710651
vn -0.308534 0.632507 -0.710452
vn -0.350915 0.610159 -0.710327
vn -0.430340 0.557371 -0.710032
vn -0.467357 0.526949 -0.709861
vn -0.534526 0.459257 -0.709482
vn -0.564660 0.422006 -0.709274
vn -0.616828 0.342176 -0.708829
vn -0.638847 0.299622 -0.708591
vn -0.673880 0.210926 -0.708094
vn -0.686881 0.164813 -0.707836
vn -0.703340 0.070876 -0.707311
vn -0.706792 0.023090 -0.707044
vn -0.704008 -0.072236 -0.706509
vn -0.697769 -0.119738 -0.706244
vn -0.675851 -0.212548 -0.705726
vn -0.660177 -0.257823 -0.705474
vn -0.620026 -0.344323 -0.704989
vn -0.595560 -0.385519 -0.704758
vn -0.534746 -0.466770 -0.704395
vn -0.350716 -0.597105 0.721431
vn -0.464544 -0.514204 0.720967
vn -0.412312 -0.562109 0.716960
vn -0.356334 -0.606798 0.710509
vn -0.289900 -0.633485 0.717395
vn -0.222528 -0.655399 0.721757
vn -0.226091 -0.666026 0.710840
vn -0.155642 -0.678792 0.717647
vn -0.085238 -0.686730 0.721898
vn -0.086599 -0.697818 0.711021
vn -0.015009 -0.696108 0.717780
vn 0.055550 -0.689711 0.721951
vn 0.056440 -0.700884 0.711039
vn 0.126236 -0.684832 0.717684
vn 0.194063 -0.664328 0.721808
vn 0.197175 -0.675096 0.710892
vn 0.262309 -0.645324 0.717462
vn 0.324628 -0.611583 0.721514
vn 0.329826 -0.621505 0.710596
vn 0.387650 -0.579228 0.717093
vn 0.441904 -0.533634 0.721079
vn 0.448982 -0.542304 0.710156
vn 0.497118 -0.489256 0.716591
vn 0.541091 -0.433675 0.720518
vn 0.549758 -0.440748 0.709583
vn 0.586265 -0.379111 0.715938
vn 0.618122 -0.315800 0.719858
vn 0.628021 -0.320985 0.708913
vn 0.651351 -0.253246 0.715268
vn 0.669850 -0.184826 0.719125
vn 0.680580 -0.187911 0.708167
vn 0.689801 -0.116864 0.714505
vn 0.694220 -0.046129 0.718283
vn 0.705267 -0.046984 0.707383
vn 0.700005 0.024462 0.713719
vn 0.690065 0.094636 0.717533
vn 0.701080 0.096021 0.706588
vn 0.681589 0.164959 0.712899
vn 0.657735 0.231702 0.716728
vn 0.668199 0.235265 0.705805
vn 0.635207 0.298853 0.712179
vn 0.598379 0.359405 0.716080
vn 0.607963 0.365033 0.705076
vn 0.562862 0.420673 0.711492
vn 0.551802 0.412579 0.724771
vn 0.562848 0.420711 0.711480
vn 0.522828 0.480021 0.704437
vn 0.501641 0.492089 0.711481
vn 0.467445 0.525448 0.710914
vn 0.409773 0.566628 0.714855
vn 0.416295 0.575518 0.703901
vn 0.352888 0.608839 0.710482
vn 0.288099 0.637537 0.714525
vn 0.292713 0.647623 0.703494
vn 0.223919 0.667529 0.710117
vn 0.154678 0.682559 0.714275
vn 0.157157 0.693366 0.703239
vn 0.085767 0.699018 0.709942
vn 0.014915 0.699806 0.714178
vn 0.015153 0.710891 0.703139
vn -0.055899 0.702054 0.709927
vn -0.125451 0.688562 0.714244
vn -0.127460 0.699462 0.703211
vn -0.195274 0.676511 0.710072
vn -0.251706 0.656909 0.710715
vn -0.281385 0.638476 0.716359
vn -0.366857 0.593323 0.716508
vn -0.321405 0.611395 0.723115
vn -0.391416 0.592835 0.703805
vn -0.444689 0.545029 0.710771
vn -0.494008 0.494179 0.715363
vn -0.501946 0.501993 0.704310
vn -0.544474 0.444419 0.711365
vn -0.582596 0.384723 0.715940
vn -0.591929 0.390761 0.704930
vn -0.621983 0.325805 0.712031
vn -0.646628 0.271443 0.712875
vn -0.653720 0.237197 0.718602
vn -0.679880 0.144142 0.719018
vn -0.661639 0.189548 0.725469
vn -0.696494 0.125985 0.706416
vn -0.698522 0.054446 0.713514
vn -0.695733 -0.016331 0.718114
vn -0.706805 -0.016714 0.707211
vn -0.694345 -0.087192 0.714340
vn -0.677359 -0.155953 0.718932
vn -0.688172 -0.158564 0.708009
vn -0.661774 -0.225091 0.715115
vn -0.631291 -0.289026 0.719677
vn -0.641367 -0.293766 0.708766
vn -0.602114 -0.353619 0.715831
vn -0.559354 -0.410085 0.720384
vn -0.568317 -0.416777 0.709446
vn -0.517806 -0.467498 0.716465
vn -0.471985 -0.522566 0.710039
vn 0.000000 0.005592 0.999985
vn 0.000000 0.005592 0.999985
vn -0.000001 0.005592 0.999984
vn 0.000002 0.005590 0.999985
vn 0.000002 0.005589 0.999984
vn 0.000002 0.005593 0.999985
vn 0.000000 0.005596 0.999984
vn -0.000001 0.005592 0.999985
vn 0.000001 0.005592 0.999985
vn 0.000002 0.005593 0.999985
vn 0.000000 0.005592 0.999984
vn 0.000000 0.005592 0.999985
vn 0.000000 0.005592 0.999985
vn 0.000000 0.005591 0.999984
vn 0.000000 0.005590 0.999985
vn 0.000004 0.005590 0.999984
vn -0.000001 0.005594 0.999985
vn -0.000000 0.005592 0.999984
vn 0.000000 0.005591 0.999985
vn 0.000001 0.005591 0.999984
vn 0.000002 0.005591 0.999984
vn -0.000002 0.005592 0.999984
vn 0.000001 0.005593 0.999985
vn -0.000001 0.005590 0.999984
vn 0.000001 0.005596 0.999985
vn -0.000004 0.005593 0.999985
vn 0.000002 0.005592 0.999985
vn 0.000001 0.005592 0.999985
vn -0.000001 0.005593 0.999985
vn 0.000000 0.005593 0.999985
vn 0.000000 0.005592 0.999984
vn -0.000000 0.005592 0.999984
vn -0.000000 0.005592 0.999985
vn -0.000000 0.005593 0.999984
vn -0.000000 0.005592 0.999984
vn 0.000000 0.005592 0.999985
vn 0.000000 0.005592 0.999984
vn 0.000000 0.005592 0.999984
vn 0.000001 0.005596 0.999984
vn 0.000000 0.005592 0.999985
vn 0.000000 0.005592 0.999984
vn -0.000000 0.005593 0.999985
vn -0.000003 0.005593 0.999985
vn 0.000000 0.005593 0.999984
vn -0.000000 0.005592 0.999984
vn -0.000000 0.005592 0.999984
vn -0.000000 0.005593 0.999985
vn 0.000001 0.005592 0.999984
vn 0.000001 0.005592 0.999984
vn -0.000001 0.005593 0.999985
vn 0.000001 0.005592 0.999984
vn 0.000001 0.005593 0.999984
vn 0.000001 0.005593 0.999984
vn -0.000000 0.005593 0.999984
vn 0.000000 0.005593 0.999985
vn -0.000000 0.005593 0.999985
vn 0.000000 0.005592 0.999984
vn -0.000000 0.005591 0.999984
vn -0.000002 0.005591 0.999984
vn 0.000002 0.005593 0.999985
vn 0.000000 0.005592 0.999984
vn 0.000000 0.005591 0.999985
vn 0.000003 0.005592 0.999985
vn 0.000002 0.005592 0.999985
vn -0.000000 0.005592 0.999985
vn -0.000001 0.005594 0.999984
vn -0.000001 0.005595 0.999984
vn -0.000003 0.005592 0.999985
vn 0.000000 0.005592 0.999984
vn 0.000000 0.005592 0.999985
vn 0.000000 0.005592 0.999985
vn 0.000000 0.005592 0.999985
vn 0.000000 0.005592 0.999984
vn 0.000001 0.005593 0.999985
vn -0.000000 0.005590 0.999985
vn -0.000001 0.005591 0.999984
vn 0.000000 0.005592 0.999985
vn 0.000000 0.005592 0.999985
vn 0.000001 0.005593 0.999984
vn 0.000000 0.005592 0.999984
vn 0.000003 0.005591 0.999984
vn 0.000001 0.005592 0.999985
vn 0.000000 0.005592 0.999985
vn -0.000000 0.005593 0.999984
vn -0.000001 0.005593 0.999984
vn 0.000000 0.005592 0.999985
vn 0.000003 0.005591 0.999984
vn -0.000003 0.005592 0.999985
vn 0.000001 0.005592 0.999985
vn 0.000003 0.005590 0.999984
vn -0.000000 0.005592 0.999984
vn -0.000001 0.005595 0.999985
vn 0.000000 0.005593 0.999984
vn 0.000000 0.005591 0.999985
vn 0.000000 0.005592 0.999985
vn 0.000001 0.005591 0.999985
vn 0.000001 0.005592 0.999985
vn -0.000001 0.005592 0.999984
vn -0.000000 0.005592 0.999985
vn 0.000000 0.005592 0.999984
vn -0.000003 0.005591 0.999984
vn 0.000004 0.005594 0.999984
vn -0.000001 0.005591 0.999985
vn 0.000000 0.005596 0.999984
vn 0.000001 0.005591 0.999984
vn 0.000001 0.005593 0.999985
vn 0.000001 0.005592 0.999985
vn 0.000000 0.005591 0.999985
vn 0.000001 0.005592 0.999984
vn -0.000002 0.005593 0.999984
vn 0.000001 0.005592 0.999984
vn -0.000001 0.005592 0.999984
vn 0.000000 0.005592 0.999984
vn 0.000000 0.005592 0.999985
vn 0.000000 0.005591 0.999984
vn 0.000000 0.005593 0.999985
vn 0.000001 0.005592 0.999984
vn -0.000003 0.005593 0.999984
vn -0.000000 0.005592 0.999985
vn 0.000002 0.005594 0.999984
vn -0.000002 0.005593 0.999984
vn -0.000006 0.005598 0.999984
vn 0.000003 0.005591 0.999985
vn -0.000001 0.005592 0.999985
vn -0.000002 0.005595 0.999984
vn 0.000001 0.005592 0.999985
vn -0.000001 0.005592 0.999984
vn 0.000001 0.005593 0.999984
vn 0.000000 0.005592 0.999985
vn 0.000000 0.005595 0.999985
vn 0.000001 0.005594 0.999984
vn 0.000000 0.005592 0.999985
vn 0.000000 0.005591 0.999984
vn -0.000004 0.005593 0.999984
vn 0.000001 0.005592 0.999985
vn 0.000000 0.005592 0.999984
vn -0.000001 0.005593 0.999985
vn 0.000005 0.005587 0.999985
vn 0.000002 0.005590 0.999985
vn -0.000002 0.005593 0.999984
vn 0.000000 0.005592 0.999985
vn 0.000001 0.005590 0.999985
vn -0.000002 0.005596 0.999985
vn 0.000002 0.005594 0.999984
vn -0.000002 0.005592 0.999984
vn 0.000002 0.005595 0.999984
vn -0.000000 0.005590 0.999984
vn -0.000001 0.005591 0.999984
vn -0.000002 0.005593 0.999985
vn -0.000076 0.005660 0.999984
vn -0.000001 0.005592 0.999985
vn -0.000001 0.005592 0.999984
vn -0.000000 0.005592 0.999985
vn -0.000000 0.005593 0.999984
vn -0.000000 0.005592 0.999984
vn -0.000000 0.005593 0.999984
vn -0.000000 0.005593 0.999985
vn -0.000000 0.005593 0.999985
vn 0.000000 0.005592 0.999985
vn 0.000000 0.005592 0.999985
vn 0.000000 0.005592 0.999985
vn 0.000000 0.005592 0.999984
vn -0.000000 0.005593 0.999984
vn -0.000000 0.005593 0.999984
vn 0.000000 0.005592 0.999985
vn 0.000000 0.005591 0.999984
vn 0.000001 0.005591 0.999984
vn 0.000006 0.005587 0.999984
vn 0.000001 0.005593 0.999985
vn -0.000000 0.005592 0.999984
vn -0.000009 0.005600 0.999984
vn -0.000000 0.005592 0.999984
vn -0.000003 0.005593 0.999984
vn 0.000004 0.005593 0.999985
vn -0.000001 0.005590 0.999985
vn 0.000003 0.005598 0.999984
vn 0.000000 0.005591 0.999984
vn 0.000000 0.005592 0.999984
vn 0.000000 0.005592 0.999985
vn -0.000000 0.005593 0.999985
vn -0.000001 0.005594 0.999985
vn 0.000003 0.005591 0.999984
vn -0.000003 0.005593 0.999985
vn -0.000000 0.005593 0.999985
vn 0.000002 0.005588 0.999985
vn -0.000002 0.005594 0.999984
vn 0.000004 0.005589 0.999984
vn 0.000001 0.005592 0.999984
vn -0.000000 0.005592 0.999985
vn 0.000001 0.005594 0.999985
vn -0.000003 0.005591 0.999985
vn 0.000003 0.005598 0.999984
vn -0.000000 0.005592 0.999985
vn 0.000004 0.005593 0.999984
vn -0.000003 0.005593 0.999984
vn 0.000001 0.005591 0.999985
vn 0.000001 0.005593 0.999984
vn 0.000002 0.005591 0.999984
vn -0.000001 0.005592 0.999985
vn -0.000001 0.005592 0.999984
vn -0.000000 0.005591 0.999984
vn -0.000001 0.005591 0.999984
vn -0.000003 0.005596 0.999985
vn -0.000002 0.005594 0.999984
vn -0.000001 0.005593 0.999984
vn 0.000000 0.005592 0.999985
vn 0.000000 0.005592 0.999985
vn -0.000000 0.005593 0.999984
vn -0.000000 0.005592 0.999984
vn 0.000000 0.005592 0.999985
vn -0.000000 0.005593 0.999985
vn -0.000023 0.005613 0.999984
vn 0.000012 0.005581 0.999985
vn 0.636841 0.770595 -0.024832
vn 0.686967 0.726011 -0.031370
vn 0.762668 0.646172 -0.028270
vn 0.724677 0.687631 -0.044813
vn 0.778288 0.627898 -0.003511
vn 0.826212 0.563107 -0.016859
vn 0.868754 0.494706 -0.023083
vn 0.868933 0.494922 -0.002768
vn 0.905855 0.423282 -0.016077
vn 0.932211 0.361575 -0.015736
vn 0.945750 0.323588 -0.029119
vn 0.972123 0.233452 -0.021826
vn 0.961338 0.272072 -0.042491
vn 0.985435 0.167690 -0.028248
vn 0.997002 0.074490 -0.020937
vn 0.992570 0.114337 -0.041609
vn 0.999598 0.007445 -0.027351
vn 0.996059 -0.086403 -0.020037
vn 0.998095 -0.046361 -0.040711
vn 0.987872 -0.152998 -0.026455
vn 0.969318 -0.245063 -0.019150
vn 0.977770 -0.205867 -0.039820
vn 0.950561 -0.309483 -0.025580
vn 0.917473 -0.397378 -0.018298
vn 0.932120 -0.360048 -0.038957
vn 0.888631 -0.457955 -0.024749
vn 0.841865 -0.539404 -0.017504
vn 0.862330 -0.504907 -0.038149
vn 0.803686 -0.594571 -0.023985
vn 0.744454 -0.667463 -0.016789
vn 0.770206 -0.636698 -0.037410
vn 0.697924 -0.715792 -0.023307
vn 0.627761 -0.778238 -0.016168
vn 0.658133 -0.752004 -0.036765
vn 0.574088 -0.818478 -0.022733
vn 0.494810 -0.868860 -0.015662
vn 0.529017 -0.847838 -0.036230
vn 0.435384 -0.899969 -0.022278
vn 0.349044 -0.936982 -0.015282
vn 0.386196 -0.921721 -0.035817
vn 0.285402 -0.958156 -0.021952
vn 0.194238 -0.980839 -0.015037
vn 0.233374 -0.971738 -0.035534
vn 0.128029 -0.991532 -0.021765
vn 0.034400 -0.999297 -0.014934
vn 0.074512 -0.996592 -0.035396
vn -0.032660 -0.999231 -0.021722
vn -0.126328 -0.991876 -0.014974
vn -0.086286 -0.995641 -0.035402
vn -0.192501 -0.981054 -0.021824
vn -0.283783 -0.958769 -0.015160
vn -0.244846 -0.968910 -0.035551
vn -0.347358 -0.937473 -0.022069
vn -0.433890 -0.900833 -0.015482
vn -0.397066 -0.917090 -0.035839
vn -0.493220 -0.869615 -0.022446
vn -0.585832 -0.810183 -0.020124
vn -0.539000 -0.841525 -0.036264
vn -0.605404 -0.795906 0.004450
vn -0.667424 -0.744617 -0.009546
vn -0.725089 -0.688458 -0.016466
vn -0.725239 -0.688487 0.003850
vn -0.778215 -0.627915 -0.010199
vn -0.826120 -0.563233 -0.017166
vn -0.826291 -0.563235 0.003150
vn -0.868851 -0.494952 -0.010942
vn -0.905754 -0.423424 -0.017948
vn -0.905941 -0.423398 0.002368
vn -0.936985 -0.349172 -0.011757
vn -0.961929 -0.272652 -0.018792
vn -0.962128 -0.272595 0.001524
vn -0.980851 -0.194351 -0.012623
vn -0.993184 -0.114822 -0.020021
vn -0.993396 -0.114731 0.000642
vn -0.999313 -0.034498 -0.013518
vn -0.998730 0.045981 -0.020574
vn -0.998937 0.046104 -0.000258
vn -0.991894 0.126247 -0.014417
vn -0.978396 0.205586 -0.021813
vn -0.978605 0.205746 -0.001151
vn -0.958785 0.283719 -0.015297
vn -0.932735 0.359870 -0.022329
vn -0.932928 0.360058 -0.002013
vn -0.900845 0.433841 -0.016136
vn -0.862910 0.504828 -0.023139
vn -0.863088 0.505045 -0.002824
vn -0.819573 0.572726 -0.016913
vn -0.770731 0.636700 -0.024224
vn -0.770895 0.636952 -0.003562
vn -0.717074 0.696775 -0.017606
vn -0.658600 0.752093 -0.024522
vn -0.658736 0.752362 -0.004208
vn -0.596003 0.802777 -0.018151
vn -0.529408 0.847997 -0.025059
vn -0.529517 0.848286 -0.004745
vn -0.459497 0.887983 -0.018675
vn -0.386503 0.921936 -0.025471
vn -0.386583 0.922240 -0.005158
vn -0.311090 0.950190 -0.019023
vn -0.233588 0.971995 -0.025751
vn -0.233637 0.972309 -0.005436
vn -0.154625 0.987786 -0.019234
vn -0.074623 0.996876 -0.025892
vn -0.074638 0.997195 -0.005580
vn 0.005844 0.999797 -0.019302
vn 0.086273 0.995935 -0.025887
vn 0.086290 0.996255 -0.005573
vn 0.166162 0.985911 -0.019225
vn 0.231917 0.972547 -0.019154
vn 0.270808 0.962078 -0.032691
vn 0.360004 0.932596 -0.025734
vn 0.321999 0.945609 -0.046257
vn 0.421656 0.906178 -0.032376
vn 0.504963 0.862769 -0.025345
vn 0.469555 0.881709 -0.045902
vn 0.561585 0.826803 -0.031934
vn 0.604949 0.794968 -0.045417
vn -0.532032 -0.846649 0.011299
vn -0.667472 -0.744558 0.010728
vn -0.601927 -0.798503 0.008778
vn -0.532044 -0.846704 0.004735
vn -0.458316 -0.888741 0.009283
vn -0.381286 -0.924382 0.011784
vn -0.381294 -0.924439 0.005170
vn -0.301518 -0.953412 0.009644
vn -0.219572 -0.975522 0.012069
vn -0.219576 -0.975580 0.005455
vn -0.136048 -0.990653 0.009852
vn -0.051540 -0.998597 0.012149
vn -0.051542 -0.998655 0.005585
vn 0.033337 -0.999395 0.009950
vn 0.117973 -0.992943 0.012117
vn 0.117976 -0.993001 0.005553
vn 0.201762 -0.979386 0.009790
vn 0.284093 -0.958723 0.011926
vn 0.284100 -0.958780 0.005362
vn 0.364384 -0.931200 0.009569
vn 0.442041 -0.896920 0.011580
vn 0.442050 -0.896976 0.005016
vn 0.516523 -0.856225 0.009053
vn 0.587271 -0.809314 0.011091
vn 0.587283 -0.809369 0.004526
vn 0.653802 -0.756617 0.008593
vn 0.715607 -0.698424 0.010520
vn 0.715622 -0.698476 0.003906
vn 0.772273 -0.635242 0.007865
vn 0.823356 -0.567441 0.009738
vn 0.823375 -0.567490 0.003174
vn 0.868527 -0.495591 0.007084
vn 0.907418 -0.420133 0.008963
vn 0.907438 -0.420180 0.002350
vn 0.939795 -0.341683 0.006224
vn 0.965376 -0.260738 0.008023
vn 0.965397 -0.260780 0.001458
vn 0.984026 -0.177944 0.005308
vn 0.995562 -0.093839 0.007089
vn 0.995583 -0.093879 0.000525
vn 0.999949 -0.009085 0.004363
vn 0.997107 0.075759 0.006141
vn 0.997129 0.075723 -0.000423
vn 0.987105 0.160035 0.003466
vn 0.969967 0.243179 0.005254
vn 0.969989 0.243146 -0.001360
vn 0.945864 0.324553 0.002498
vn 0.914923 0.403604 0.004357
vn 0.914943 0.403577 -0.002257
vn 0.877413 0.479734 0.001630
vn 0.833559 0.552420 0.003475
vn 0.833577 0.552395 -0.003089
vn 0.783719 0.621115 0.000888
vn 0.747333 0.664450 0.000668
vn 0.718449 0.695568 -0.003890
vn 0.677967 0.735081 -0.004111
vn 0.656872 0.753990 -0.004217
vn 0.593412 0.804898 -0.001207
vn 0.601933 0.798534 -0.004466
vn 0.532038 0.846720 -0.000422
vn 0.458310 0.888791 0.001644
vn 0.458320 0.888773 -0.004970
vn 0.381291 0.924455 -0.000857
vn 0.301515 0.953461 0.001232
vn 0.301521 0.953445 -0.005332
vn 0.219574 0.975595 -0.001143
vn 0.136046 0.990702 0.001024
vn 0.136049 0.990687 -0.005540
vn 0.051541 0.998670 -0.001272
vn -0.033337 0.999444 0.001025
vn -0.033337 0.999429 -0.005589
vn -0.117975 0.993016 -0.001241
vn -0.201760 0.979434 0.001087
vn -0.201764 0.979419 -0.005478
vn -0.284097 0.958795 -0.000952
vn -0.364380 0.931249 0.001406
vn -0.364388 0.931233 -0.005207
vn -0.442046 0.896992 -0.000655
vn -0.516517 0.856275 0.001825
vn -0.516528 0.856257 -0.004788
vn -0.587278 0.809385 -0.000165
vn -0.653794 0.756669 0.002333
vn -0.653808 0.756649 -0.004231
vn -0.715616 0.698494 0.000407
vn -0.772264 0.635295 0.003061
vn -0.772281 0.635271 -0.003553
vn -0.823367 0.567509 0.001139
vn -0.868516 0.495646 0.003842
vn -0.868535 0.495620 -0.002772
vn -0.907430 0.420199 0.002012
vn -0.939783 0.341740 0.004653
vn -0.939804 0.341710 -0.001911
vn -0.965388 0.260802 0.002854
vn -0.984014 0.178003 0.005618
vn -0.984036 0.177970 -0.000995
vn -0.995574 0.093902 0.003836
vn -0.999937 0.009147 0.006513
vn -0.999958 0.009110 -0.000051
vn -0.997119 -0.075699 0.004834
vn -0.987093 -0.159972 0.007459
vn -0.987115 -0.160011 0.000895
vn -0.969979 -0.243121 0.005770
vn -0.945853 -0.324487 0.008429
vn -0.945874 -0.324530 0.001815
vn -0.914935 -0.403548 0.006618
vn -0.877402 -0.479666 0.009247
vn -0.877420 -0.479715 0.002683
vn -0.833569 -0.552366 0.007402
vn -0.783710 -0.621046 0.010087
vn -0.783727 -0.621096 0.003474
vn -0.728223 -0.685291 0.008194
vn -0.667486 -0.744611 0.004164
vn 0.000000 -0.005593 -0.999985
vn 0.000001 -0.005591 -0.999984
vn 0.000000 -0.005593 -0.999984
vn -0.000001 -0.005593 -0.999985
vn -0.000006 -0.005593 -0.999984
vn -0.000005 -0.005593 -0.999985
vn -0.000005 -0.005601 -0.999984
vn -0.000002 -0.005594 -0.999985
vn 0.000001 -0.005591 -0.999984
vn -0.000001 -0.005594 -0.999984
vn -0.000002 -0.005596 -0.999984
vn 0.000002 -0.005590 -0.999985
vn -0.000003 -0.005592 -0.999984
vn -0.000000 -0.005592 -0.999984
vn 0.000001 -0.005594 -0.999985
vn 0.000001 -0.005594 -0.999984
vn -0.000000 -0.005594 -0.999984
vn 0.000001 -0.005592 -0.999984
vn 0.000000 -0.005593 -0.999985
vn 0.000000 -0.005591 -0.999984
vn 0.000001 -0.005593 -0.999985
vn 0.000000 -0.005592 -0.999985
vn -0.000002 -0.005592 -0.999984
vn -0.000001 -0.005592 -0.999984
vn 0.000001 -0.005592 -0.999985
vn -0.000005 -0.005592 -0.999985
vn 0.000002 -0.005593 -0.999984
vn 0.000000 -0.005592 -0.999984
vn 0.000000 -0.005592 -0.999985
vn -0.000001 -0.005592 -0.999984
vn -0.000002 -0.005591 -0.999985
vn 0.000000 -0.005593 -0.999985
vn -0.000001 -0.005591 -0.999984
vn -0.000000 -0.005592 -0.999984
vn 0.000000 -0.005592 -0.999984
vn 0.000001 -0.005592 -0.999985
vn -0.000000 -0.005592 -0.999985
vn 0.000001 -0.005593 -0.999984
vn 0.000000 -0.005592 -0.999984
vn -0.000001 -0.005592 -0.999985
vn 0.000000 -0.005592 -0.999984
vn 0.000000 -0.005593 -0.999984
vn -0.000001 -0.005591 -0.999984
vn 0.000001 -0.005596 -0.999984
vn 0.000000 -0.005592 -0.999985
vn -0.000002 -0.005592 -0.999984
vn 0.000001 -0.005592 -0.999984
vn 0.000000 -0.005592 -0.999985
vn -0.000001 -0.005592 -0.999984
vn -0.000001 -0.005592 -0.999985
vn -0.000000 -0.005593 -0.999984
vn 0.000000 -0.005592 -0.999985
vn 0.000000 -0.005592 -0.999984
vn -0.000000 -0.005592 -0.999984
vn -0.000000 -0.005592 -0.999984
vn 0.000000 -0.005593 -0.999984
vn -0.000001 -0.005592 -0.999984
vn 0.000001 -0.005593 -0.999985
vn 0.000000 -0.005592 -0.999985
vn 0.000001 -0.005593 -0.999984
vn 0.000001 -0.005593 -0.999985
vn 0.000000 -0.005593 -0.999984
vn -0.000000 -0.005592 -0.999985
vn -0.000001 -0.005593 -0.999984
vn -0.000001 -0.005593 -0.999985
vn 0.000002 -0.005592 -0.999985
vn -0.000002 -0.005592 -0.999984
vn 0.000000 -0.005593 -0.999984
vn 0.000000 -0.005591 -0.999984
vn 0.000000 -0.005593 -0.999985
vn 0.000001 -0.005593 -0.999984
vn 0.000000 -0.005592 -0.999985
vn 0.000000 -0.005592 -0.999984
vn 0.000000 -0.005592 -0.999984
vn 0.000000 -0.005593 -0.999985
vn 0.000001 -0.005592 -0.999984
vn 0.000000 -0.005588 -0.999984
vn 0.000004 -0.005589 -0.999985
vn 0.000000 -0.005591 -0.999985
vn 0.000000 -0.005592 -0.999985
vn -0.000001 -0.005593 -0.999985
vn 0.000000 -0.005592 -0.999985
vn 0.000000 -0.005592 -0.999985
vn -0.000001 -0.005593 -0.999984
vn 0.000000 -0.005592 -0.999984
vn -0.000001 -0.005592 -0.999985
vn -0.000001 -0.005592 -0.999985
vn 0.000000 -0.005592 -0.999984
vn 0.000001 -0.005593 -0.999985
vn 0.000000 -0.005592 -0.999984
vn -0.000000 -0.005592 -0.999985
vn 0.000000 -0.005593 -0.999984
vn 0.000000 -0.005592 -0.999984
vn -0.000001 -0.005593 -0.999984
vn 0.000000 -0.005592 -0.999985
vn -0.000001 -0.005593 -0.999984
vn 0.000000 -0.005592 -0.999984
vn 0.000000 -0.005594 -0.999985
vn 0.000000 -0.005590 -0.999985
vn -0.000001 -0.005593 -0.999984
vn 0.000003 -0.005593 -0.999985
vn 0.000001 -0.005592 -0.999984
vn -0.000004 -0.005594 -0.999985
vn 0.000000 -0.005592 -0.999984
vn 0.000001 -0.005593 -0.999984
vn 0.000000 -0.005593 -0.999985
vn -0.000000 -0.005592 -0.999985
vn 0.000000 -0.005592 -0.999984
vn 0.000001 -0.005593 -0.999984
vn 0.000000 -0.005592 -0.999985
vn -0.000000 -0.005592 -0.999985
vn 0.000001 -0.005592 -0.999985
vn 0.000000 -0.005591 -0.999984
vn 0.000001 -0.005593 -0.999984
vn 0.000001 -0.005592 -0.999984
vn -0.000003 -0.005594 -0.999985
vn 0.000000 -0.005593 -0.999984
vn -0.000000 -0.005592 -0.999984
vn -0.000001 -0.005591 -0.999984
vn -0.000001 -0.005594 -0.999985
vn 0.000003 -0.005588 -0.999984
vn -0.000001 -0.005593 -0.999985
vn 0.000000 -0.005592 -0.999985
vn 0.000003 -0.005592 -0.999984
vn 0.000001 -0.005592 -0.999984
vn -0.000001 -0.005592 -0.999985
vn -0.000001 -0.005592 -0.999985
vn -0.000001 -0.005593 -0.999985
vn -0.000000 -0.005592 -0.999985
vn 0.000000 -0.005592 -0.999984
vn 0.000000 -0.005592 -0.999985
vn 0.000000 -0.005593 -0.999985
vn 0.000001 -0.005592 -0.999985
vn 0.000001 -0.005591 -0.999984
vn 0.000001 -0.005591 -0.999985
vn 0.000000 -0.005592 -0.999984
vn 0.000000 -0.005592 -0.999985
vn 0.000000 -0.005592 -0.999984
vn 0.000001 -0.005592 -0.999984
vn -0.000001 -0.005591 -0.999984
vn 0.000000 -0.005593 -0.999984
vn -0.000000 -0.005593 -0.999984
vn 0.000000 -0.005593 -0.999985
vn 0.000000 -0.005592 -0.999985
vn -0.000000 -0.005592 -0.999985
vn 0.000001 -0.005592 -0.999984
vn 0.000000 -0.005592 -0.999984
vn 0.000000 -0.005593 -0.999985
vn 0.000000 -0.005592 -0.999984
vn 0.000000 -0.005593 -0.999985
vn 0.000001 -0.005592 -0.999984
vn -0.000000 -0.005592 -0.999984
vn 0.000000 -0.005593 -0.999984
vn -0.000000 -0.005593 -0.999985
vn 0.000000 -0.005592 -0.999984
vn 0.000000 -0.005591 -0.999985
vn -0.000000 -0.005594 -0.999985
vn 0.000000 -0.005593 -0.999985
vn 0.000000 -0.005592 -0.999985
vn 0.000000 -0.005592 -0.999985
vn 0.000000 -0.005592 -0.999985
vn 0.000000 -0.005593 -0.999984
vn -0.000001 -0.005590 -0.999984
vn 0.000000 -0.005592 -0.999984
vn 0.000000 -0.005592 -0.999984
vn -0.000000 -0.005594 -0.999984
vn -0.000001 -0.005593 -0.999985
vn -0.000001 -0.005592 -0.999985
vn 0.000000 -0.005591 -0.999984
vn 0.000000 -0.005592 -0.999984
vn -0.000000 -0.005592 -0.999984
vn -0.000000 -0.005592 -0.999984
vn -0.000001 -0.005593 -0.999984
vn 0.000000 -0.005593 -0.999985
vn 0.000001 -0.005592 -0.999984
vn 0.000001 -0.005593 -0.999985
vn -0.000000 -0.005593 -0.999985
vn 0.000000 -0.005593 -0.999985
vn -0.000000 -0.005593 -0.999985
vn 0.000000 -0.005594 -0.999985
vn -0.000002 -0.005595 -0.999984
vn 0.000000 -0.005593 -0.999984
vn 0.000001 -0.005591 -0.999984
vn -0.000009 -0.005596 -0.999984
vn 0.000000 -0.005593 -0.999984
vn 0.000000 -0.005592 -0.999985
vn 0.000000 -0.005593 -0.999984
vn 0.000000 -0.005592 -0.999984
vn 0.000000 -0.005592 -0.999984
vn 0.000000 -0.005592 -0.999985
vn 0.000000 -0.005592 -0.999984
vn 0.000000 -0.005592 -0.999985
vn 0.000000 -0.005592 -0.999985
vn 0.000001 -0.005591 -0.999985
vn 0.000000 -0.005593 -0.999985
vn 0.000000 -0.005592 -0.999984
vn 0.000000 -0.005592 -0.999985
vn 0.000000 -0.005592 -0.999985
vn 0.000000 -0.005592 -0.999984
vn -0.000000 -0.005592 -0.999984
vn 0.000000 -0.005593 -0.999984
vn -0.000000 -0.005593 -0.999985
vn 0.000000 -0.005593 -0.999985
vn 0.000000 -0.005592 -0.999985
vn 0.000000 -0.005592 -0.999984
vn 0.000000 -0.005592 -0.999984
vn 0.000000 -0.005592 -0.999984
vn 0.000000 -0.005592 -0.999984
vn 0.000000 -0.005592 -0.999984
vn 0.000000 -0.005593 -0.999984
vn 0.000000 -0.005593 -0.999985
vn 0.000000 -0.005590 -0.999985
vn 0.799047 0.601255 -0.004074
vn 0.873556 0.486704 -0.004280
vn 0.667486 0.744602 -0.005536
vn 0.888757 0.458371 -0.002563
vn 0.939235 0.343258 -0.003274
vn 0.977494 0.210930 -0.003657
vn 0.983163 0.182729 -0.001022
vn 0.998444 0.055712 -0.002243
vn 0.996534 -0.083137 -0.002832
vn 0.994106 -0.108410 0.000606
vn 0.971580 -0.236710 -0.001112
vn 0.929013 -0.370041 -0.001941
vn 0.920660 -0.390358 0.002183
vn 0.860970 -0.508656 -0.000034
vn 0.780837 -0.624734 -0.001139
vn 0.769059 -0.639168 0.003575
vn 0.676138 -0.736775 0.000868
vn 0.564794 -0.825232 -0.000519
vn 0.552174 -0.833716 0.004662
vn 0.433030 -0.901378 0.001481
vn 0.299759 -0.954015 -0.000221
vn 0.288414 -0.957491 0.005355
vn 0.152589 -0.988288 0.001728
vn 0.008622 -0.999963 -0.000254
vn 0.000171 -0.999985 0.005592
vn -0.141026 -0.990005 0.001577
vn -0.283215 -0.959056 -0.000695
vn -0.288087 -0.957589 0.005355
vn -0.422462 -0.906380 0.001009
vn -0.550465 -0.834857 -0.001497
vn -0.551889 -0.833905 0.004663
vn -0.667481 -0.744627 0.000045
vn -0.769909 -0.638148 -0.002598
vn -0.768842 -0.639429 0.003576
vn -0.854962 -0.518690 -0.001159
vn -0.922482 -0.386020 -0.003899
vn -0.920527 -0.390673 0.002185
vn -0.968747 -0.248039 -0.002574
vn -0.994935 -0.100379 -0.005285
vn -0.994069 -0.108753 0.000608
vn -0.999023 0.044011 -0.004045
vn -0.980982 0.193986 -0.006625
vn -0.983224 0.182400 -0.001020
vn -0.943176 0.332248 -0.005419
vn -0.881826 0.471512 -0.007772
vn -0.888914 0.458068 -0.002562
vn -0.806032 0.591835 -0.006561
vn -0.706085 0.708075 -0.008582
vn -0.719143 0.694851 -0.003886
vn -0.599401 0.800415 -0.007356
vn -0.468975 0.883166 -0.008954
vn -0.488325 0.872648 -0.004880
vn -0.341078 0.940003 -0.007698
vn -0.191172 0.981517 -0.008787
vn -0.216054 0.976366 -0.005460
vn -0.053367 0.998547 -0.007516
vn 0.103219 0.994626 -0.008039
vn 0.074558 0.997201 -0.005577
vn 0.238927 0.971014 -0.006786
vn 0.388673 0.921352 -0.006710
vn 0.358839 0.933385 -0.005220
vn 0.510651 0.859770 -0.005520
vn 0.667486 0.744611 -0.004164
vn -0.000000 -0.005593 -0.999984
vn -0.000000 -0.005593 -0.999984
vn 0.000001 -0.005593 -0.999984
vn 0.000001 -0.005593 -0.999984
vn -0.000001 -0.005592 -0.999984
vn 0.000000 -0.005591 -0.999984
vn 0.000000 -0.005591 -0.999985
vn -0.000001 -0.005592 -0.999984
vn 0.000001 -0.005593 -0.999985
vn -0.000001 -0.005594 -0.999985
vn -0.000003 -0.005592 -0.999985
vn 0.000001 -0.005592 -0.999984
vn 0.000002 -0.005594 -0.999985
vn -0.000000 -0.005593 -0.999984
vn -0.000001 -0.005592 -0.999984
vn -0.000000 -0.005592 -0.999985
vn -0.000001 -0.005590 -0.999984
vn 0.000001 -0.005593 -0.999985
vn 0.000001 -0.005593 -0.999984
vn -0.000001 -0.005593 -0.999984
vn -0.000000 -0.005591 -0.999984
vn 0.000000 -0.005591 -0.999985
vn -0.000001 -0.005593 -0.999984
vn 0.000000 -0.005593 -0.999984
vn 0.000001 -0.005592 -0.999984
vn -0.000001 -0.005591 -0.999985
vn 0.000001 -0.005590 -0.999985
vn 0.000002 -0.005591 -0.999984
vn -0.000001 -0.005592 -0.999984
vn -0.000002 -0.005592 -0.999984
vn -0.000001 -0.005592 -0.999985
vn 0.000001 -0.005593 -0.999985
vn 0.000001 -0.005593 -0.999984
vn 0.000002 -0.005593 -0.999985
vn -0.000004 -0.005591 -0.999985
vn -0.000005 -0.005589 -0.999985
vn 0.000001 -0.005594 -0.999984
vn 0.000001 -0.005594 -0.999985
vn -0.000000 -0.005592 -0.999984
vn -0.000001 -0.005593 -0.999984
vn 0.134441 0.695849 -0.705493
vn 0.326809 0.625384 -0.708584
vn 0.240612 0.665186 -0.706848
vn 0.155197 0.686588 -0.710290
vn 0.039193 0.708229 -0.704895
vn -0.070933 0.708268 -0.702371
vn -0.050552 0.701861 -0.710518
vn -0.166692 0.691564 -0.702818
vn -0.272016 0.661121 -0.699233
vn -0.251759 0.657241 -0.710389
vn -0.359554 0.616327 -0.700615
vn -0.451799 0.557942 -0.696117
vn -0.431549 0.556563 -0.709932
vn -0.523047 0.488584 -0.698361
vn -0.594892 0.407097 -0.693092
vn -0.574746 0.408303 -0.709194
vn -0.643186 0.318972 -0.696109
vn -0.688968 0.221101 -0.690245
vn -0.669096 0.225171 -0.708243
vn -0.709653 0.121708 -0.693959
vn -0.725853 0.015530 -0.687675
vn -0.706676 0.022878 -0.707167
vn -0.716716 -0.086577 -0.691970
vn -0.702228 -0.192303 -0.685489
vn -0.684246 -0.182429 -0.706065
vn -0.663594 -0.288288 -0.690314
vn -0.619962 -0.384847 -0.683769
vn -0.603817 -0.371937 -0.705030
vn -0.554718 -0.466330 -0.689075
vn -0.495810 -0.527532 -0.689842
vn -0.465005 -0.576454 -0.671916
vn -0.361738 -0.636740 -0.680961
vn -0.417501 -0.628945 -0.655836
vn -0.280535 -0.682628 -0.674773
vn -0.165441 -0.711375 -0.683063
vn -0.217915 -0.718330 -0.660693
vn -0.074316 -0.731430 -0.677855
vn 0.043261 -0.726855 -0.685427
vn -0.002348 -0.746150 -0.665773
vn 0.136330 -0.719301 -0.681190
vn 0.247066 -0.682294 -0.688065
vn 0.210702 -0.710883 -0.671006
vn 0.333887 -0.647785 -0.684759
vn 0.429102 -0.581775 -0.690948
vn 0.403362 -0.616215 -0.676446
vn 0.502046 -0.523314 -0.688543
vn 0.574417 -0.434005 -0.694035
vn 0.559551 -0.470952 -0.681988
vn 0.627141 -0.356650 -0.692456
vn 0.671274 -0.251438 -0.697259
vn 0.666569 -0.287861 -0.687620
vn 0.699078 -0.161992 -0.696455
vn 0.712465 -0.126155 -0.690274
vn 0.715948 -0.082983 -0.693204
vn 0.707070 0.027593 -0.706605
vn 0.715934 -0.082922 -0.693227
vn 0.712349 0.044309 -0.700426
vn 0.693314 0.155056 -0.703756
vn 0.704187 0.126269 -0.698696
vn 0.666300 0.244979 -0.704293
vn 0.617380 0.345263 -0.706848
vn 0.633020 0.322059 -0.703963
vn 0.565198 0.423511 -0.707948
vn 0.496935 0.499654 -0.709507
vn 0.446488 0.544875 -0.709761
vn 0.347720 0.612688 -0.709721
vn 0.852083 0.523387 -0.004506
vn 0.940774 0.338994 -0.005321
vn 0.812105 0.583484 -0.005621
vn 0.954920 0.296858 -0.001660
vn 0.993728 0.111767 -0.003557
vn 0.995442 -0.095251 -0.004781
vn 0.991244 -0.132040 0.000739
vn 0.947059 -0.321051 -0.002268
vn 0.859411 -0.511270 -0.003994
vn 0.843910 -0.536477 0.003001
vn 0.720894 -0.693044 -0.001087
vn 0.558754 -0.829326 -0.003418
vn 0.540212 -0.841516 0.004706
vn 0.358121 -0.933675 -0.000419
vn 0.151098 -0.988513 -0.003397
vn 0.136422 -0.990635 0.005540
vn -0.072529 -0.997366 -0.000504
vn -0.285540 -0.958358 -0.004068
vn -0.292642 -0.956207 0.005348
vn -0.489398 -0.872059 -0.001444
vn -0.667455 -0.744630 -0.005437
vn -0.667486 -0.744610 0.004164
vn -0.813542 -0.581498 -0.003069
vn -0.921516 -0.388272 -0.007256
vn -0.918656 -0.395051 0.002209
vn -0.983513 -0.180766 -0.005071
vn -0.999055 0.042480 -0.009161
vn -0.999616 0.027705 -0.000155
vn -0.967110 0.254259 -0.007063
vn -0.885222 0.465046 -0.010656
vn -0.895364 0.445328 -0.002491
vn -0.767427 0.641079 -0.008548
vn -0.601809 0.798560 -0.011320
vn -0.625215 0.780440 -0.004365
vn -0.422280 0.906420 -0.009133
vn -0.203084 0.979102 -0.010790
vn -0.239228 0.970948 -0.005430
vn 0.002878 0.999960 -0.008525
vn 0.234527 0.972069 -0.008861
vn 0.191084 0.981558 -0.005489
vn 0.427479 0.904001 -0.006633
vn 0.491576 0.870805 -0.007229
vn 0.498084 0.867116 -0.004849
vn 0.807716 0.589562 -0.003297
vn -0.000002 -0.005595 -0.999985
vn -0.000002 -0.005595 -0.999985
vn -0.000002 -0.005595 -0.999985
vn -0.000005 -0.005593 -0.999985
vn -0.000003 -0.005590 -0.999984
vn -0.000002 -0.005591 -0.999984
vn -0.000002 -0.005591 -0.999984
vn -0.000003 -0.005592 -0.999984
vn 0.000001 -0.005591 -0.999985
vn 0.000000 -0.005596 -0.999984
vn -0.000001 -0.005595 -0.999984
vn -0.000001 -0.005593 -0.999984
vn -0.000002 -0.005593 -0.999985
vn -0.000001 -0.005592 -0.999984
vn 0.000002 -0.005594 -0.999984
vn -0.000002 -0.005595 -0.999984
vn -0.000004 -0.005590 -0.999985
vn 0.000001 -0.005592 -0.999984
vn 0.000002 -0.005595 -0.999984
vn -0.000003 -0.005591 -0.999984
vn -0.000003 -0.005591 -0.999985
vn -0.000003 -0.005591 -0.999985
vn 0.000001 -0.005583 -0.999985
vn 0.000000 -0.005596 -0.999984
vn -0.000003 -0.005598 -0.999984
vn -0.000001 -0.005596 -0.999984
vn -0.000006 -0.005597 -0.999984
vn 0.852068 0.523412 -0.004504
vn 0.940773 0.338994 -0.005321
vn 0.812105 0.583484 -0.005621
vn 0.954925 0.296841 -0.001660
vn 0.993728 0.111770 -0.003557
vn 0.995442 -0.095251 -0.004781
vn 0.991244 -0.132038 0.000738
vn 0.947060 -0.321047 -0.002268
vn 0.859410 -0.511271 -0.003994
vn 0.843912 -0.536473 0.003000
vn 0.720895 -0.693044 -0.001087
vn 0.558754 -0.829326 -0.003417
vn 0.540213 -0.841515 0.004706
vn 0.358123 -0.933675 -0.000420
vn 0.151099 -0.988513 -0.003396
vn 0.136424 -0.990635 0.005540
vn -0.072491 -0.997369 -0.000527
vn -0.285540 -0.958358 -0.004068
vn -0.292642 -0.956207 0.005348
vn -0.489397 -0.872060 -0.001444
vn -0.667455 -0.744630 -0.005437
vn -0.667485 -0.744611 0.004164
vn -0.813542 -0.581498 -0.003069
vn -0.921516 -0.388272 -0.007257
vn -0.918656 -0.395051 0.002209
vn -0.983520 -0.180727 -0.005093
vn -0.999057 0.042439 -0.009143
vn -0.999616 0.027705 -0.000155
vn -0.967111 0.254257 -0.007063
vn -0.885222 0.465046 -0.010657
vn -0.895362 0.445331 -0.002490
vn -0.767425 0.641082 -0.008549
vn -0.601809 0.798560 -0.011322
vn -0.625217 0.780438 -0.004365
vn -0.422282 0.906418 -0.009134
vn -0.203084 0.979102 -0.010790
vn -0.239228 0.970948 -0.005430
vn 0.002877 0.999960 -0.008525
vn 0.234527 0.972069 -0.008862
vn 0.191088 0.981558 -0.005489
vn 0.427483 0.903999 -0.006635
vn 0.491576 0.870805 -0.007229
vn 0.498084 0.867115 -0.004850
vn 0.807716 0.589562 -0.003297
vn -0.000001 -0.005590 -0.999984
vn 0.000001 -0.005589 -0.999984
vn 0.000002 -0.005595 -0.999985
vn -0.000002 -0.005595 -0.999985
vn -0.000002 -0.005590 -0.999985
vn 0.000004 -0.005592 -0.999985
vn 0.000001 -0.005595 -0.999985
vn -0.000002 -0.005591 -0.999984
vn -0.000004 -0.005591 -0.999985
vn -0.000002 -0.005591 -0.999985
vn 0.000001 -0.005590 -0.999985
vn 0.000000 -0.005596 -0.999984
vn -0.000002 -0.005595 -0.999984
vn 0.000003 -0.005588 -0.999985
vn 0.000005 -0.005588 -0.999984
vn -0.000001 -0.005592 -0.999984
vn -0.000001 -0.005592 -0.999985
vn -0.000002 -0.005592 -0.999984
vn -0.000002 -0.005594 -0.999985
vn 0.000002 -0.005595 -0.999985
vn 0.000001 -0.005590 -0.999984
vn 0.000004 -0.005593 -0.999984
vn 0.000002 -0.005598 -0.999984
vn -0.000001 -0.005588 -0.999984
vn -0.000002 -0.005589 -0.999984
vn -0.000001 -0.005589 -0.999984
vn 0.000001 -0.005586 -0.999985
vn 0.852077 0.523397 -0.004506
vn 0.940774 0.338992 -0.005321
vn 0.812106 0.583483 -0.005622
vn 0.954917 0.296868 -0.001660
vn 0.993729 0.111763 -0.003558
vn 0.995442 -0.095252 -0.004782
vn 0.991244 -0.132044 0.000738
vn 0.947061 -0.321046 -0.002268
vn 0.859411 -0.511270 -0.003994
vn 0.843913 -0.536472 0.003000
vn 0.720894 -0.693044 -0.001087
vn 0.558754 -0.829326 -0.003415
vn 0.540212 -0.841515 0.004706
vn 0.358122 -0.933675 -0.000420
vn 0.151099 -0.988513 -0.003397
vn 0.136423 -0.990635 0.005540
vn -0.072491 -0.997369 -0.000526
vn -0.285540 -0.958358 -0.004068
vn -0.292642 -0.956207 0.005348
vn -0.489397 -0.872060 -0.001444
vn -0.667455 -0.744630 -0.005437
vn -0.667487 -0.744610 0.004164
vn -0.813542 -0.581498 -0.003069
vn -0.921516 -0.388272 -0.007256
vn -0.918657 -0.395051 0.002209
vn -0.983520 -0.180727 -0.005094
vn -0.999057 0.042439 -0.009143
vn -0.999616 0.027705 -0.000155
vn -0.967111 0.254258 -0.007062
vn -0.885222 0.465046 -0.010656
vn -0.895364 0.445328 -0.002490
vn -0.767427 0.641079 -0.008549
vn -0.601809 0.798560 -0.011320
vn -0.625218 0.780438 -0.004364
vn -0.422284 0.906418 -0.009133
vn -0.203085 0.979102 -0.010790
vn -0.239226 0.970949 -0.005430
vn 0.002879 0.999960 -0.008525
vn 0.234526 0.972069 -0.008864
vn 0.191084 0.981558 -0.005489
vn 0.427480 0.904000 -0.006635
vn 0.491575 0.870805 -0.007229
vn 0.498086 0.867114 -0.004849
vn 0.807715 0.589564 -0.003297
vn -0.000001 -0.005595 -0.999985
vn -0.000006 -0.005593 -0.999985
vn -0.000003 -0.005589 -0.999984
vn 0.000003 -0.005596 -0.999984
vn 0.000003 -0.005595 -0.999984
vn 0.000003 -0.005591 -0.999985
vn 0.000000 -0.005591 -0.999985
vn 0.000000 -0.005595 -0.999984
vn -0.000001 -0.005594 -0.999984
vn -0.000001 -0.005593 -0.999985
vn -0.000002 -0.005593 -0.999984
vn -0.000001 -0.005592 -0.999984
vn 0.000002 -0.005594 -0.999984
vn -0.000002 -0.005595 -0.999984
vn -0.000004 -0.005590 -0.999985
vn 0.000001 -0.005592 -0.999985
vn 0.000001 -0.005595 -0.999985
vn -0.000002 -0.005591 -0.999985
vn -0.000002 -0.005587 -0.999985
vn 0.000002 -0.005595 -0.999984
vn 0.000000 -0.005598 -0.999984
vn 0.000000 -0.005595 -0.999984
vn -0.000001 -0.005596 -0.999985
vn -0.000001 -0.005596 -0.999984
vn -0.000006 -0.005598 -0.999984
vn 0.000005 -0.005590 -0.999985
vn -0.000001 -0.005590 -0.999984
vn -0.049409 0.721185 -0.690979
vn 0.250748 0.664828 -0.703655
vn 0.115364 0.706089 -0.698662
vn -0.017107 0.704152 -0.709843
vn -0.192600 0.697266 -0.690453
vn -0.350054 0.645487 -0.678829
vn -0.312990 0.631013 -0.709831
vn -0.471010 0.558850 -0.682522
vn -0.594329 0.448268 -0.667704
vn -0.550725 0.440332 -0.709091
vn -0.667149 0.314538 -0.675262
vn -0.734746 0.163930 -0.658237
vn -0.686263 0.167501 -0.707804
vn -0.743025 0.008669 -0.669207
vn -0.742999 -0.155399 -0.651002
vn -0.694606 -0.136797 -0.706264
vn -0.683263 -0.302037 -0.664775
vn -0.634588 -0.392033 -0.666040
vn -0.558514 -0.437868 -0.704510
vn -0.490259 -0.513802 -0.704027
vn -0.453399 -0.546840 -0.703843
vn -0.352062 -0.617174 -0.703667
vn -0.334187 -0.708936 -0.621071
vn -0.160648 -0.747067 -0.645045
vn -0.247482 -0.777430 -0.578235
vn -0.010535 -0.770729 -0.637076
vn 0.160728 -0.736701 -0.656840
vn 0.099830 -0.790644 -0.604083
vn 0.304035 -0.694145 -0.652476
vn 0.445039 -0.595907 -0.668458
vn 0.412854 -0.659331 -0.628359
vn 0.554337 -0.497516 -0.667224
vn 0.642844 -0.353098 -0.679760
vn 0.636121 -0.414174 -0.651007
vn 0.698431 -0.219486 -0.681190
vn 0.721310 -0.053938 -0.690509
vn 0.733180 -0.104999 -0.671880
vn 0.714361 0.088424 -0.694168
vn 0.669471 0.247290 -0.700469
vn 0.692052 0.209252 -0.690852
vn 0.603194 0.371223 -0.705940
vn 0.508635 0.488527 -0.708966
vn 0.434148 0.555292 -0.709343
vn 0.282429 0.646148 -0.709033
vn -0.049409 0.721184 -0.690979
vn 0.250749 0.664827 -0.703654
vn 0.115364 0.706089 -0.698662
vn -0.017062 0.704155 -0.709841
vn -0.192601 0.697265 -0.690453
vn -0.350052 0.645486 -0.678831
vn -0.313029 0.630990 -0.709834
vn -0.471012 0.558851 -0.682519
vn -0.594329 0.448269 -0.667703
vn -0.550724 0.440332 -0.709091
vn -0.667151 0.314542 -0.675257
vn -0.734748 0.163930 -0.658234
vn -0.686262 0.167502 -0.707804
vn -0.743025 0.008668 -0.669208
vn -0.743001 -0.155401 -0.650999
vn -0.694590 -0.136887 -0.706262
vn -0.683266 -0.302036 -0.664772
vn -0.634589 -0.392030 -0.666041
vn -0.558516 -0.437867 -0.704508
vn -0.490258 -0.513802 -0.704028
vn -0.453399 -0.546840 -0.703844
vn -0.352063 -0.617175 -0.703667
vn -0.334189 -0.708936 -0.621070
vn -0.160653 -0.747062 -0.645050
vn -0.247485 -0.777432 -0.578230
vn -0.010536 -0.770730 -0.637074
vn 0.160733 -0.736702 -0.656837
vn 0.099840 -0.790643 -0.604083
vn 0.304032 -0.694146 -0.652477
vn 0.445037 -0.595909 -0.668457
vn 0.412853 -0.659336 -0.628354
vn 0.554337 -0.497516 -0.667225
vn 0.642844 -0.353100 -0.679759
vn 0.636121 -0.414177 -0.651006
vn 0.698431 -0.219488 -0.681190
vn 0.721311 -0.053933 -0.690508
vn 0.733191 -0.105029 -0.671863
vn 0.714363 0.088436 -0.694165
vn 0.669470 0.247289 -0.700470
vn 0.692052 0.209248 -0.690854
vn 0.603191 0.371230 -0.705938
vn 0.577414 0.417553 -0.701600
vn 0.471989 0.522559 -0.710041
vn 0.603199 0.371215 -0.705939
vn 0.434149 0.555294 -0.709340
vn 0.282387 0.646163 -0.709036
vn -0.049409 0.721186 -0.690977
vn 0.250749 0.664830 -0.703652
vn 0.115369 0.706089 -0.698662
vn -0.017112 0.704155 -0.709840
vn -0.192603 0.697297 -0.690420
vn -0.350053 0.645487 -0.678830
vn -0.313069 0.630969 -0.709835
vn -0.471016 0.558853 -0.682516
vn -0.513777 0.540504 -0.666250
vn -0.550722 0.440340 -0.709089
vn -0.666099 0.349035 -0.659156
vn -0.550766 0.440284 -0.709089
vn -0.667153 0.314538 -0.675258
vn -0.734747 0.163931 -0.658235
vn -0.686241 0.167593 -0.707803
vn -0.743027 0.008669 -0.669205
vn -0.743004 -0.155400 -0.650996
vn -0.694628 -0.136707 -0.706260
vn -0.683265 -0.302043 -0.664771
vn -0.634585 -0.392032 -0.666042
vn -0.558513 -0.437869 -0.704510
vn -0.490257 -0.513800 -0.704029
vn -0.453401 -0.546839 -0.703843
vn -0.352063 -0.617175 -0.703666
vn -0.334190 -0.708935 -0.621070
vn -0.160650 -0.747067 -0.645045
vn -0.247481 -0.777427 -0.578239
vn -0.010537 -0.770730 -0.637075
vn 0.160731 -0.736702 -0.656837
vn 0.099840 -0.790642 -0.604085
vn 0.304034 -0.694143 -0.652479
vn 0.445038 -0.595907 -0.668459
vn 0.412853 -0.659330 -0.628360
vn 0.554336 -0.497517 -0.667225
vn 0.642844 -0.353101 -0.679759
vn 0.636124 -0.414177 -0.651002
vn 0.698430 -0.219487 -0.681191
vn 0.721310 -0.053935 -0.690509
vn 0.733188 -0.105032 -0.671866
vn 0.714359 0.088432 -0.694170
vn 0.669469 0.247288 -0.700471
vn 0.692052 0.209242 -0.690856
vn 0.603198 0.371213 -0.705941
vn 0.508636 0.488527 -0.708965
vn 0.434151 0.555295 -0.709338
vn 0.282432 0.646146 -0.709032
vn 0.667454 0.744629 0.005725
vn 0.937027 0.349167 0.007892
vn 0.826272 0.563261 0.003306
vn 0.991939 -0.126274 0.010551
vn 0.992210 0.086087 0.090048
vn 0.937073 0.349127 -0.001952
vn 0.819609 -0.572773 0.013093
vn 0.932908 -0.360014 0.008470
vn 0.989579 -0.086490 0.115121
vn 0.459518 -0.888045 0.014856
vn 0.658723 -0.752310 0.010709
vn 0.819649 -0.572857 0.003204
vn -0.005845 -0.999863 0.015481
vn 0.233632 -0.972252 0.011894
vn 0.459539 -0.888144 0.004967
vn -0.469868 -0.882613 0.014825
vn -0.244982 -0.969455 0.011878
vn -0.005845 -0.999967 0.005592
vn -0.826250 -0.563154 0.012995
vn -0.667472 -0.744559 0.010666
vn -0.469891 -0.882711 0.004936
vn -0.993348 -0.114670 0.010486
vn -0.937053 -0.349085 0.008409
vn -0.826291 -0.563235 0.003150
vn -0.932882 0.360096 0.007831
vn -0.991967 0.126368 0.005750
vn -0.993396 -0.114731 0.000642
vn -0.658705 0.752380 0.005682
vn -0.819632 0.572881 0.003252
vn -0.932928 0.360057 -0.002014
vn -0.233626 0.972317 0.004407
vn -0.459531 0.888161 0.001535
vn -0.658738 0.752361 -0.004208
vn 0.244974 0.969519 0.004467
vn 0.005845 0.999983 0.000864
vn -0.233636 0.972309 -0.005438
vn 0.667486 0.744610 -0.004164
vn 0.469880 0.882729 0.001519
vn 0.244985 0.969512 -0.005422
vn 0.667454 0.744629 0.005725
vn 0.937027 0.349167 0.007892
vn 0.826272 0.563261 0.003306
vn 0.991939 -0.126274 0.010551
vn 0.993376 0.114764 0.005814
vn 0.937073 0.349129 -0.001953
vn 0.819610 -0.572773 0.013092
vn 0.932908 -0.360015 0.008470
vn 0.991987 -0.126336 0.000707
vn 0.459518 -0.888044 0.014855
vn 0.658723 -0.752310 0.010709
vn 0.819650 -0.572855 0.003203
vn -0.005844 -0.999863 0.015481
vn 0.233632 -0.972252 0.011894
vn 0.459539 -0.888143 0.004968
vn -0.469868 -0.882613 0.014781
vn -0.244981 -0.969455 0.011878
vn -0.005844 -0.999967 0.005592
vn -0.826250 -0.563154 0.012994
vn -0.667472 -0.744559 0.010666
vn -0.469891 -0.882711 0.004936
vn -0.993348 -0.114670 0.010486
vn -0.937053 -0.349085 0.008408
vn -0.826290 -0.563237 0.003150
vn -0.932882 0.360096 0.007875
vn -0.991967 0.126368 0.005750
vn -0.993397 -0.114730 0.000642
vn -0.658705 0.752381 0.005638
vn -0.819632 0.572881 0.003298
vn -0.932928 0.360058 -0.002014
vn -0.233626 0.972316 0.004452
vn -0.459530 0.888161 0.001489
vn -0.658737 0.752362 -0.004207
vn 0.244975 0.969519 0.004467
vn 0.005844 0.999983 0.000864
vn -0.233637 0.972309 -0.005438
vn 0.667485 0.744611 -0.004164
vn 0.469881 0.882728 0.001566
vn 0.244988 0.969511 -0.005422
vn 0.667454 0.744629 0.005725
vn 0.937027 0.349167 0.007892
vn 0.826273 0.563261 0.003306
vn 0.991939 -0.126274 0.010596
vn 0.993376 0.114765 0.005814
vn 0.937073 0.349129 -0.001953
vn 0.819609 -0.572773 0.013093
vn 0.932908 -0.360015 0.008470
vn 0.991988 -0.126334 0.000707
vn 0.459518 -0.888045 0.014811
vn 0.658723 -0.752310 0.010664
vn 0.819650 -0.572856 0.003204
vn -0.005844 -0.999863 0.015481
vn 0.233632 -0.972252 0.011894
vn 0.459540 -0.888143 0.004967
vn -0.469868 -0.882613 0.014781
vn -0.244981 -0.969455 0.011878
vn -0.005845 -0.999967 0.005593
vn -0.826250 -0.563154 0.012995
vn -0.667472 -0.744559 0.010666
vn -0.469890 -0.882711 0.004936
vn -0.993348 -0.114670 0.010486
vn -0.937053 -0.349086 0.008408
vn -0.826291 -0.563235 0.003149
vn -0.932882 0.360096 0.007831
vn -0.991967 0.126368 0.005750
vn -0.993396 -0.114731 0.000642
vn -0.658705 0.752380 0.005682
vn -0.819632 0.572880 0.003298
vn -0.932928 0.360058 -0.002014
vn -0.233626 0.972317 0.004408
vn -0.459530 0.888161 0.001489
vn -0.658737 0.752362 -0.004208
vn 0.244975 0.969519 0.004468
vn 0.005844 0.999983 0.000864
vn -0.233638 0.972309 -0.005437
vn 0.667486 0.744611 -0.004164
vn 0.469881 0.882729 0.001520
vn 0.244987 0.969511 -0.005422
vn -0.000000 -0.005593 -0.999985
vn 0.489478 0.155439 -0.858050
vn 0.504020 -0.110761 -0.856561
vn 0.343781 0.378710 -0.859298
vn 0.160237 -0.494265 -0.854416
vn -0.105968 -0.508805 -0.854335
vn 0.383508 -0.348569 -0.855232
vn -0.489478 -0.165028 -0.856258
vn -0.504020 0.101173 -0.857746
vn -0.343781 -0.388297 -0.855009
vn -0.160239 0.484676 -0.859891
vn 0.105967 0.499218 -0.859972
vn -0.383510 0.338981 -0.859076
vn 0.837464 0.546483 -0.003056
vn 0.837463 0.546485 -0.003057
vn 0.998511 0.054542 -0.000305
vn 0.998512 0.054540 -0.000305
vn 0.892008 -0.452012 0.002528
vn 0.892008 -0.452013 0.002528
vn 0.546491 -0.837452 0.004683
vn 0.546491 -0.837452 0.004683
vn 0.054543 -0.998496 0.005584
vn 0.054541 -0.998496 0.005584
vn -0.452020 -0.891994 0.004988
vn -0.452020 -0.891994 0.004988
vn -0.837463 -0.546486 0.003056
vn -0.837465 -0.546483 0.003056
vn -0.998511 -0.054542 0.000305
vn -0.998511 -0.054545 0.000305
vn -0.892008 0.452013 -0.002528
vn -0.892008 0.452012 -0.002528
vn -0.546492 0.837451 -0.004683
vn -0.546490 0.837453 -0.004684
vn -0.054543 0.998496 -0.005584
vn -0.054543 0.998496 -0.005583
vn 0.452020 0.891994 -0.004988
vn 0.452019 0.891995 -0.004989
vn 0.651071 0.275487 -0.707257
vn 0.690281 0.155735 -0.706582
vn 0.703568 -0.087483 -0.705222
vn 0.677643 -0.210791 -0.704533
vn 0.567540 -0.428070 -0.703317
vn 0.483431 -0.521895 -0.702794
vn 0.279474 -0.655003 -0.702043
vn 0.393065 -0.606227 -0.691367
vn 0.279426 -0.655021 -0.702046
vn 0.039230 -0.722058 -0.690719
vn -0.083535 -0.707501 -0.701758
vn -0.206846 -0.681575 -0.701904
vn -0.424125 -0.571473 -0.702522
vn -0.517953 -0.487367 -0.702992
vn -0.651073 -0.283381 -0.704130
vn -0.690277 -0.163629 -0.704800
vn -0.703577 0.079551 -0.706152
vn -0.718185 -0.043116 -0.694515
vn -0.703567 0.079600 -0.706157
vn -0.641580 0.321225 -0.696555
vn -0.567538 0.420178 -0.708062
vn -0.483426 0.514001 -0.708591
vn -0.279439 0.647118 -0.709332
vn -0.159685 0.686321 -0.709553
vn 0.083535 0.699608 -0.709627
vn 0.206846 0.673683 -0.709483
vn 0.424124 0.563583 -0.708868
vn 0.517955 0.479475 -0.708397
vn -0.000000 -0.005592 -0.999985
vn 0.489476 0.155443 -0.858051
vn 0.504017 -0.110760 -0.856563
vn 0.343780 0.378708 -0.859299
vn 0.160239 -0.494262 -0.854417
vn -0.105967 -0.508803 -0.854337
vn 0.383507 -0.348570 -0.855232
vn -0.489477 -0.165028 -0.856258
vn -0.504019 0.101172 -0.857747
vn -0.343780 -0.388295 -0.855010
vn -0.160235 0.484677 -0.859891
vn 0.105970 0.499217 -0.859973
vn -0.383508 0.338981 -0.859077
vn 0.837463 0.546485 -0.003056
vn 0.837463 0.546486 -0.003056
vn 0.998511 0.054546 -0.000305
vn 0.998512 0.054540 -0.000305
vn 0.892009 -0.452010 0.002528
vn 0.892007 -0.452015 0.002528
vn 0.546490 -0.837453 0.004683
vn 0.546491 -0.837452 0.004683
vn 0.054543 -0.998496 0.005584
vn 0.054545 -0.998496 0.005584
vn -0.452020 -0.891994 0.004988
vn -0.452020 -0.891994 0.004988
vn -0.837463 -0.546485 0.003056
vn -0.837466 -0.546481 0.003056
vn -0.998512 -0.054541 0.000305
vn -0.998512 -0.054538 0.000305
vn -0.892009 0.452010 -0.002528
vn -0.892008 0.452012 -0.002528
vn -0.546493 0.837451 -0.004683
vn -0.546492 0.837452 -0.004683
vn -0.054544 0.998496 -0.005584
vn -0.054545 0.998496 -0.005584
vn 0.452023 0.891992 -0.004988
vn 0.452022 0.891993 -0.004988
vn 0.651074 0.275485 -0.707256
vn 0.690278 0.155734 -0.706586
vn 0.703565 -0.087479 -0.705226
vn 0.677640 -0.210790 -0.704536
vn 0.567539 -0.428070 -0.703318
vn 0.483430 -0.521899 -0.702793
vn 0.279439 -0.655011 -0.702051
vn 0.159685 -0.694214 -0.701832
vn -0.083536 -0.707501 -0.701758
vn -0.206848 -0.681577 -0.701902
vn -0.424128 -0.571475 -0.702518
vn -0.517957 -0.487369 -0.702988
vn -0.651075 -0.283380 -0.704129
vn -0.690279 -0.163629 -0.704798
vn -0.703565 0.079586 -0.706160
vn -0.677639 0.202897 -0.706851
vn -0.567538 0.420175 -0.708064
vn -0.483429 0.514003 -0.708588
vn -0.279440 0.647120 -0.709330
vn -0.159686 0.686323 -0.709550
vn 0.083538 0.699611 -0.709624
vn 0.206848 0.673684 -0.709481
vn 0.424127 0.563585 -0.708864
vn 0.517953 0.479473 -0.708400
vn -0.000001 -0.005593 -0.999985
vn 0.489476 0.155443 -0.858051
vn 0.504017 -0.110762 -0.856562
vn 0.343780 0.378709 -0.859299
vn 0.160237 -0.494262 -0.854418
vn -0.105971 -0.508803 -0.854336
vn 0.383508 -0.348570 -0.855231
vn -0.489477 -0.165032 -0.856257
vn -0.504019 0.101172 -0.857747
vn -0.343782 -0.388296 -0.855009
vn -0.160239 0.484674 -0.859892
vn 0.105969 0.499216 -0.859973
vn -0.383510 0.338981 -0.859077
vn 0.837463 0.546485 -0.003056
vn 0.837463 0.546485 -0.003056
vn 0.998512 0.054541 -0.000305
vn 0.998511 0.054544 -0.000305
vn 0.892007 -0.452015 0.002528
vn 0.892009 -0.452012 0.002528
vn 0.546493 -0.837451 0.004683
vn 0.546490 -0.837452 0.004683
vn 0.054545 -0.998496 0.005584
vn 0.054545 -0.998496 0.005584
vn -0.452024 -0.891992 0.004989
vn -0.452020 -0.891994 0.004988
vn -0.837463 -0.546485 0.003056
vn -0.837464 -0.546485 0.003056
vn -0.998512 -0.054541 0.000305
vn -0.998511 -0.054544 0.000305
vn -0.892007 0.452014 -0.002528
vn -0.892010 0.452009 -0.002528
vn -0.546490 0.837452 -0.004683
vn -0.546492 0.837451 -0.004684
vn -0.054547 0.998496 -0.005584
vn -0.054545 0.998496 -0.005584
vn 0.452020 0.891994 -0.004988
vn 0.452020 0.891994 -0.004988
vn 0.651079 0.275472 -0.707256
vn 0.718186 0.035344 -0.694954
vn 0.703565 -0.087480 -0.705226
vn 0.677640 -0.210790 -0.704537
vn 0.567538 -0.428067 -0.703320
vn 0.483428 -0.521891 -0.702800
vn 0.279477 -0.655000 -0.702045
vn 0.393069 -0.606225 -0.691367
vn 0.279427 -0.655011 -0.702055
vn 0.039231 -0.722059 -0.690719
vn -0.083538 -0.707503 -0.701756
vn -0.206850 -0.681577 -0.701901
vn -0.424128 -0.571477 -0.702517
vn -0.517957 -0.487369 -0.702988
vn -0.651073 -0.283382 -0.704130
vn -0.690277 -0.163629 -0.704800
vn -0.703565 0.079589 -0.706160
vn -0.677640 0.202899 -0.706849
vn -0.567539 0.420175 -0.708062
vn -0.483431 0.514001 -0.708588
vn -0.279439 0.647115 -0.709335
vn -0.159683 0.686319 -0.709554
vn 0.083536 0.699608 -0.709626
vn 0.206848 0.673685 -0.709481
vn 0.424102 0.563610 -0.708860
vn 0.325118 0.637686 -0.698323
vn 0.424137 0.563572 -0.708868
vn 0.602353 0.389178 -0.696931
vn 0.651067 0.275527 -0.707245
vn 0.602352 0.389179 -0.696930
vn 0.000000 -0.005593 -0.999984
vn -0.000000 -0.005593 -0.999984
vn -0.000000 -0.005593 -0.999985
vn -0.000001 -0.005593 -0.999984
vn -0.000001 -0.005593 -0.999984
vn -0.000000 -0.005593 -0.999985
vn -0.000000 -0.005593 -0.999984
vn -0.000001 -0.005592 -0.999984
vn -0.000001 -0.005593 -0.999985
vn -0.000001 -0.005593 -0.999984
vn -0.000000 -0.005592 -0.999984
vn 0.000000 -0.005593 -0.999984
vn 0.000001 -0.005592 -0.999984
vn 0.000000 -0.005592 -0.999985
vn -0.000000 -0.005593 -0.999985
vn 0.000000 -0.005593 -0.999985
vn 0.000001 -0.005592 -0.999985
vn 0.000001 -0.005592 -0.999985
vn 0.000000 -0.005593 -0.999984
vn -0.000000 -0.005591 -0.999985
vn -0.000001 -0.005592 -0.999984
vn -0.000001 -0.005592 -0.999984
vn -0.000001 -0.005591 -0.999984
vn -0.000001 -0.005591 -0.999985
vn -0.000000 -0.005590 -0.999984
vn 0.000000 -0.005594 -0.999984
vn 0.000000 -0.005593 -0.999984
vn 0.000000 -0.005593 -0.999984
vn -0.000000 -0.005594 -0.999985
vn 0.000000 -0.005593 -0.999984
vn 0.000000 -0.005593 -0.999985
vn 0.000000 -0.005593 -0.999985
vn -0.000001 -0.005593 -0.999984
vn 0.000000 -0.005592 -0.999985
vn 0.000000 -0.005592 -0.999984
vn 0.000000 -0.005592 -0.999985
vn 0.000001 -0.005592 -0.999984
vn 0.000000 -0.005592 -0.999985
vn 0.000001 -0.005592 -0.999984
vn -0.000000 -0.005593 -0.999984
vn -0.000002 -0.005592 -0.999984
vn 0.000001 -0.005592 -0.999984
vn 0.000000 -0.005592 -0.999985
vn 0.000001 -0.005592 -0.999984
vn 0.000001 -0.005592 -0.999985
vn -0.000000 -0.005592 -0.999985
vn -0.000001 -0.005593 -0.999984
vn -0.000000 -0.005593 -0.999984
vn 0.000000 -0.005592 -0.999984
vn 0.000001 -0.005592 -0.999985
vn 0.000001 -0.005593 -0.999985
vn 0.000000 -0.005592 -0.999985
vn 0.000000 -0.005591 -0.999985
vn 0.000001 -0.005593 -0.999984
vn 0.000001 -0.005593 -0.999984
vn -0.000000 -0.005592 -0.999984
vn -0.000000 -0.005592 -0.999985
vn 0.000000 -0.005593 -0.999984
vn 0.000000 -0.005592 -0.999985
vn 0.000001 -0.005594 -0.999985
vn 0.000000 -0.005594 -0.999984
vn -0.000001 -0.005590 -0.999984
vn -0.000001 -0.005590 -0.999985
vn -0.000000 -0.005593 -0.999984
vn -0.000000 -0.005593 -0.999985
vn -0.000000 -0.005593 -0.999984
vn 0.000000 -0.005593 -0.999984
vn 0.000000 -0.005592 -0.999985
vn 0.000001 -0.005591 -0.999984
vn -0.000000 -0.005594 -0.999984
vn -0.000001 -0.005595 -0.999984
vn -0.000000 -0.005594 -0.999984
vn -0.000002 -0.005594 -0.999985
vn 0.000001 -0.005592 -0.999984
vn 0.000002 -0.005591 -0.999985
vn -0.000000 -0.005593 -0.999984
vn -0.000001 -0.005593 -0.999985
vn 0.515336 0.404183 -0.755689
vn 0.438903 0.485400 -0.756142
vn 0.491420 0.458335 -0.740564
vn 0.554176 0.435226 -0.709554
vn 0.562509 0.368632 -0.740063
vn 0.576942 0.311216 -0.755171
vn 0.620426 0.335253 -0.708997
vn 0.617418 0.268208 -0.739500
vn 0.621955 0.209178 -0.754597
vn 0.668833 0.225524 -0.708380
vn 0.654559 0.159948 -0.738897
vn 0.649070 0.100999 -0.753995
vn 0.671826 -0.067482 -0.737628
vn 0.647044 -0.121239 -0.752752
vn 0.657520 -0.010207 -0.753368
vn 0.697992 0.109192 -0.707732
vn 0.672873 0.046967 -0.738266
vn 0.707079 -0.010396 -0.707058
vn 0.612349 -0.287673 -0.736392
vn 0.571100 -0.330109 -0.751580
vn 0.617962 -0.228907 -0.752146
vn 0.695815 -0.129798 -0.706396
vn 0.651459 -0.180108 -0.736995
vn 0.664541 -0.245581 -0.705744
vn 0.614147 -0.354412 -0.705135
vn 0.555618 -0.387078 -0.735839
vn 0.507807 -0.421934 -0.751069
vn 0.396300 -0.550299 -0.734927
vn 0.339637 -0.567237 -0.750259
vn 0.429904 -0.501744 -0.750624
vn 0.546084 -0.453157 -0.704586
vn 0.482908 -0.475470 -0.735342
vn 0.462310 -0.538983 -0.704107
vn 0.191709 -0.651122 -0.734363
vn 0.132665 -0.648223 -0.749804
vn 0.239597 -0.616540 -0.749981
vn 0.365239 -0.609414 -0.703716
vn 0.298296 -0.609415 -0.734597
vn 0.257659 -0.662433 -0.703416
vn -0.034785 -0.678030 -0.734211
vn -0.089462 -0.655635 -0.749760
vn 0.021918 -0.661384 -0.749727
vn 0.142667 -0.696505 -0.703226
vn 0.079608 -0.674219 -0.734228
vn 0.023574 -0.710658 -0.703143
vn -0.257305 -0.627946 -0.734492
vn -0.301368 -0.588619 -0.750136
vn -0.198269 -0.631155 -0.749889
vn -0.096202 -0.704476 -0.703178
vn -0.148177 -0.662461 -0.734295
vn -0.213211 -0.678151 -0.703315
vn -0.450432 -0.506597 -0.735167
vn -0.478849 -0.454843 -0.750880
vn -0.419638 -0.532292 -0.735234
vn -0.324080 -0.632410 -0.703583
vn -0.359045 -0.575520 -0.734754
vn -0.322579 -0.517806 -0.792351
vn -0.359063 -0.575523 -0.734743
vn -0.425634 -0.568609 -0.703932
vn -0.514939 -0.488552 -0.704382
vn -0.528870 -0.423247 -0.735634
vn -0.554820 -0.387720 -0.736103
vn -0.581180 -0.373466 -0.723017
vn -0.617623 -0.342250 -0.708101
vn -0.625136 -0.327958 -0.708272
vn -0.638740 -0.277013 -0.717827
vn -0.646965 -0.289327 -0.705497
vn -0.638290 -0.223120 -0.736752
vn -0.637810 -0.164092 -0.752510
vn -0.674783 0.002024 -0.738013
vn -0.654641 0.057519 -0.753749
vn -0.655658 -0.054002 -0.753125
vn -0.685883 -0.175887 -0.706136
vn -0.666117 -0.112101 -0.737375
vn -0.705076 -0.057498 -0.706796
vn -0.703983 0.062428 -0.707468
vn -0.664038 0.115974 -0.738649
vn -0.634792 0.167264 -0.754362
vn -0.682639 0.180444 -0.708127
vn -0.634190 0.226468 -0.739267
vn -0.596680 0.272076 -0.754949
vn -0.641655 0.293157 -0.708758
vn -0.586095 0.330326 -0.739849
vn -0.541399 0.368937 -0.755495
vn -0.582208 0.397319 -0.709346
vn -0.521140 0.424563 -0.740378
vn -0.470548 0.455065 -0.755977
vn -0.348555 0.573686 -0.741211
vn -0.290663 0.585586 -0.756706
vn -0.386164 0.527983 -0.756380
vn -0.506016 0.489939 -0.709864
vn -0.441192 0.506470 -0.740835
vn -0.415273 0.568354 -0.710297
vn -0.136149 0.656798 -0.741673
vn -0.077573 0.648732 -0.757054
vn -0.186804 0.626223 -0.756934
vn -0.312574 0.630298 -0.710649
vn -0.245889 0.624279 -0.741494
vn -0.200886 0.673999 -0.710894
vn 0.091813 0.664403 -0.741713
vn 0.144384 0.637273 -0.756992
vn 0.033894 0.652446 -0.757077
vn -0.083423 0.698204 -0.711021
vn -0.022493 0.670299 -0.741750
vn 0.036445 0.702199 -0.711047
vn 0.309284 0.595627 -0.741331
vn 0.349844 0.552529 -0.756519
vn 0.250718 0.603638 -0.756810
vn 0.155263 0.685883 -0.710955
vn 0.203474 0.639263 -0.741580
vn 0.269613 0.649714 -0.710761
vn 0.376210 0.594753 -0.710447
vn 0.406195 0.534731 -0.740992
vn 0.471982 0.522565 -0.710042
vn 0.000000 0.005592 0.999985
vn -0.105968 -0.499216 0.859973
vn 0.160239 -0.484676 0.859891
vn -0.343781 -0.378709 0.859299
vn 0.504019 -0.101175 0.857746
vn 0.489476 0.165028 0.856258
vn 0.383510 -0.338981 0.859076
vn 0.105969 0.508803 0.854336
vn -0.160239 0.494262 0.854417
vn 0.343781 0.388298 0.855009
vn -0.504018 0.110762 0.856561
vn -0.489477 -0.155442 0.858050
vn -0.383510 0.348569 0.855231
vn -0.452022 -0.891993 0.004988
vn -0.452019 -0.891994 0.004988
vn 0.054544 -0.998496 0.005584
vn 0.054543 -0.998496 0.005584
vn 0.546490 -0.837453 0.004683
vn 0.546490 -0.837452 0.004683
vn 0.892010 -0.452008 0.002528
vn 0.892009 -0.452011 0.002528
vn 0.998512 0.054539 -0.000305
vn 0.998511 0.054541 -0.000305
vn 0.837465 0.546482 -0.003056
vn 0.837463 0.546485 -0.003056
vn 0.452020 0.891994 -0.004988
vn 0.452022 0.891993 -0.004988
vn -0.054544 0.998496 -0.005584
vn -0.054543 0.998496 -0.005584
vn -0.546494 0.837450 -0.004683
vn -0.546492 0.837451 -0.004683
vn -0.892007 0.452015 -0.002528
vn -0.892008 0.452013 -0.002528
vn -0.998511 -0.054543 0.000305
vn -0.998511 -0.054541 0.000305
vn -0.837464 -0.546484 0.003056
vn -0.837463 -0.546486 0.003056
vn -0.206875 -0.673673 0.709484
vn -0.083512 -0.699609 0.709628
vn 0.159657 -0.686327 0.709553
vn 0.279462 -0.647108 0.709332
vn 0.483411 -0.514020 0.708588
vn 0.567527 -0.420189 0.708064
vn 0.677634 -0.202924 0.706848
vn 0.703571 -0.079564 0.706157
vn 0.690287 0.163600 0.704797
vn 0.651067 0.283402 0.704128
vn 0.517976 0.487348 0.702989
vn 0.424109 0.571490 0.702517
vn 0.206875 0.681571 0.701900
vn 0.083511 0.707507 0.701754
vn -0.159659 0.694220 0.701831
vn -0.279462 0.655001 0.702050
vn -0.483410 0.521914 0.702795
vn -0.567554 0.428048 0.703319
vn -0.677637 0.210818 0.704531
vn -0.703565 0.087502 0.705223
vn -0.690284 -0.155709 0.706585
vn -0.651064 -0.275509 0.707256
vn -0.517975 -0.479457 0.708395
vn -0.424107 -0.563598 0.708866
vn -0.000000 0.005592 0.999985
vn -0.105968 -0.499217 0.859973
vn 0.160237 -0.484677 0.859891
vn -0.343780 -0.378709 0.859299
vn 0.504018 -0.101173 0.857747
vn 0.489476 0.165030 0.856258
vn 0.383508 -0.338982 0.859077
vn 0.105969 0.508803 0.854336
vn -0.160238 0.494263 0.854417
vn 0.343781 0.388296 0.855009
vn -0.504019 0.110760 0.856561
vn -0.489477 -0.155441 0.858051
vn -0.383509 0.348568 0.855231
vn -0.452021 -0.891994 0.004988
vn -0.452021 -0.891994 0.004988
vn 0.054545 -0.998496 0.005584
vn 0.054543 -0.998496 0.005584
vn 0.546491 -0.837452 0.004683
vn 0.546492 -0.837451 0.004683
vn 0.892007 -0.452014 0.002528
vn 0.892007 -0.452014 0.002528
vn 0.998511 0.054544 -0.000305
vn 0.998511 0.054544 -0.000305
vn 0.837464 0.546484 -0.003056
vn 0.837464 0.546484 -0.003056
vn 0.452021 0.891993 -0.004989
vn 0.452021 0.891993 -0.004989
vn -0.054545 0.998496 -0.005584
vn -0.054543 0.998496 -0.005584
vn -0.546492 0.837451 -0.004683
vn -0.546494 0.837450 -0.004684
vn -0.892008 0.452013 -0.002528
vn -0.892007 0.452014 -0.002528
vn -0.998511 -0.054542 0.000305
vn -0.998511 -0.054542 0.000305
vn -0.837464 -0.546484 0.003056
vn -0.837464 -0.546484 0.003056
vn -0.206875 -0.673677 0.709480
vn -0.083512 -0.699613 0.709625
vn 0.159657 -0.686327 0.709553
vn 0.279461 -0.647107 0.709334
vn 0.483410 -0.514021 0.708588
vn 0.567526 -0.420189 0.708064
vn 0.677635 -0.202925 0.706846
vn 0.703572 -0.079565 0.706156
vn 0.690285 0.163602 0.704799
vn 0.651064 0.283404 0.704129
vn 0.517975 0.487348 0.702990
vn 0.424142 0.571464 0.702519
vn 0.206876 0.681567 0.701904
vn 0.083513 0.707505 0.701757
vn -0.159659 0.694220 0.701831
vn -0.279421 0.655017 0.702052
vn -0.483410 0.521914 0.702795
vn -0.567553 0.428048 0.703320
vn -0.677631 0.210818 0.704537
vn -0.703561 0.087499 0.705228
vn -0.690284 -0.155708 0.706586
vn -0.651080 -0.275469 0.707257
vn -0.517975 -0.479455 0.708396
vn -0.424108 -0.563597 0.708866
vn -0.000000 0.005593 0.999985
vn -0.105970 -0.499216 0.859973
vn 0.160238 -0.484675 0.859892
vn -0.343782 -0.378709 0.859298
vn 0.504018 -0.101172 0.857747
vn 0.489477 0.165028 0.856258
vn 0.383508 -0.338981 0.859077
vn 0.105968 0.508805 0.854335
vn -0.160237 0.494264 0.854417
vn 0.343780 0.388297 0.855009
vn -0.504018 0.110759 0.856562
vn -0.489476 -0.155442 0.858051
vn -0.383508 0.348568 0.855232
vn -0.452022 -0.891993 0.004988
vn -0.452019 -0.891994 0.004988
vn 0.054543 -0.998496 0.005584
vn 0.054543 -0.998496 0.005584
vn 0.546492 -0.837452 0.004683
vn 0.546493 -0.837450 0.004684
vn 0.892007 -0.452014 0.002528
vn 0.892008 -0.452012 0.002528
vn 0.998511 0.054543 -0.000305
vn 0.998511 0.054542 -0.000305
vn 0.837464 0.546483 -0.003056
vn 0.837465 0.546482 -0.003056
vn 0.452018 0.891995 -0.004988
vn 0.452018 0.891995 -0.004988
vn -0.054542 0.998496 -0.005584
vn -0.054545 0.998496 -0.005584
vn -0.546489 0.837453 -0.004684
vn -0.546491 0.837452 -0.004684
vn -0.892009 0.452010 -0.002528
vn -0.892009 0.452011 -0.002528
vn -0.998511 -0.054543 0.000305
vn -0.998511 -0.054542 0.000305
vn -0.837465 -0.546482 0.003056
vn -0.837464 -0.546484 0.003056
vn -0.206844 -0.673683 0.709483
vn 0.039230 -0.714289 0.698751
vn 0.159658 -0.686328 0.709551
vn 0.279461 -0.647108 0.709333
vn 0.483399 -0.514038 0.708583
vn 0.393066 -0.598455 0.698106
vn 0.483435 -0.514003 0.708584
vn 0.641580 -0.321227 0.696554
vn 0.677634 -0.202925 0.706848
vn 0.703570 -0.079565 0.706158
vn 0.690284 0.163600 0.704801
vn 0.651064 0.283404 0.704130
vn 0.517975 0.487352 0.702986
vn 0.424142 0.571466 0.702518
vn 0.206897 0.681567 0.701898
vn 0.325119 0.645453 0.691150
vn 0.206843 0.681573 0.701908
vn -0.039232 0.722056 0.690721
vn -0.159641 0.694228 0.701828
vn -0.039233 0.722055 0.690723
vn -0.159686 0.694210 0.701836
vn -0.393066 0.606227 0.691367
vn -0.483409 0.521916 0.702795
vn -0.567552 0.428049 0.703320
vn -0.677633 0.210839 0.704529
vn -0.641582 0.328995 0.692917
vn -0.677648 0.210791 0.704528
vn -0.718186 -0.035344 0.694953
vn -0.690289 -0.155712 0.706580
vn -0.651069 -0.275512 0.707250
vn -0.517976 -0.479454 0.708396
vn -0.424107 -0.563596 0.708867
vn -0.206894 -0.673676 0.709476
vn -0.325115 -0.637687 0.698323
vn 0.000000 0.005592 0.999985
vn -0.105970 -0.499218 0.859972
vn 0.160239 -0.484675 0.859892
vn -0.343781 -0.378710 0.859298
vn 0.504019 -0.101172 0.857747
vn 0.489477 0.165029 0.856258
vn 0.383510 -0.338981 0.859076
vn 0.105968 0.508804 0.854335
vn -0.160237 0.494263 0.854417
vn 0.343781 0.388296 0.855009
vn -0.504018 0.110760 0.856562
vn -0.489477 -0.155442 0.858051
vn -0.383508 0.348569 0.855232
vn -0.452022 -0.891993 0.004988
vn -0.452019 -0.891995 0.004988
vn 0.054544 -0.998496 0.005584
vn 0.054544 -0.998496 0.005584
vn 0.546492 -0.837451 0.004683
vn 0.546494 -0.837450 0.004684
vn 0.892009 -0.452012 0.002528
vn 0.892009 -0.452011 0.002528
vn 0.998511 0.054541 -0.000305
vn 0.998511 0.054542 -0.000305
vn 0.837464 0.546485 -0.003056
vn 0.837465 0.546482 -0.003056
vn 0.452019 0.891994 -0.004988
vn 0.452020 0.891994 -0.004988
vn -0.054543 0.998496 -0.005584
vn -0.054543 0.998496 -0.005584
vn -0.546491 0.837452 -0.004683
vn -0.546493 0.837451 -0.004683
vn -0.892007 0.452015 -0.002528
vn -0.892010 0.452009 -0.002528
vn -0.998511 -0.054543 0.000305
vn -0.998512 -0.054540 0.000305
vn -0.837464 -0.546484 0.003056
vn -0.837463 -0.546485 0.003056
vn -0.206875 -0.673679 0.709478
vn -0.083513 -0.699615 0.709623
vn 0.159660 -0.686332 0.709547
vn 0.279463 -0.647112 0.709328
vn 0.483411 -0.514021 0.708588
vn 0.567552 -0.420154 0.708064
vn 0.677631 -0.202944 0.706846
vn 0.641577 -0.321225 0.696558
vn 0.677643 -0.202897 0.706847
vn 0.718182 0.043116 0.694519
vn 0.690285 0.163601 0.704799
vn 0.651065 0.283404 0.704128
vn 0.517976 0.487349 0.702988
vn 0.424109 0.571491 0.702516
vn 0.206874 0.681572 0.701900
vn 0.083556 0.707500 0.701756
vn -0.159657 0.694222 0.701830
vn -0.279461 0.655003 0.702049
vn -0.483411 0.521914 0.702794
vn -0.567553 0.428048 0.703320
vn -0.677630 0.210821 0.704537
vn -0.703567 0.087457 0.705227
vn -0.690285 -0.155709 0.706584
vn -0.651065 -0.275513 0.707253
vn -0.517993 -0.479446 0.708389
vn -0.602349 -0.389176 0.696934
vn -0.517960 -0.479480 0.708390
vn -0.325120 -0.637685 0.698323
vn 0.000000 0.005593 0.999985
vn -0.105968 -0.499217 0.859973
vn 0.160238 -0.484676 0.859891
vn -0.343782 -0.378709 0.859299
vn 0.504018 -0.101174 0.857747
vn 0.489477 0.165030 0.856258
vn 0.383508 -0.338983 0.859077
vn 0.105969 0.508804 0.854335
vn -0.160238 0.494263 0.854417
vn 0.343782 0.388297 0.855009
vn -0.504019 0.110760 0.856561
vn -0.489478 -0.155442 0.858050
vn -0.383509 0.348568 0.855232
vn -0.452023 -0.891992 0.004989
vn -0.452021 -0.891993 0.004988
vn 0.054546 -0.998496 0.005584
vn 0.054545 -0.998496 0.005584
vn 0.546492 -0.837451 0.004684
vn 0.546491 -0.837452 0.004684
vn 0.892007 -0.452014 0.002528
vn 0.892008 -0.452012 0.002528
vn 0.998511 0.054542 -0.000305
vn 0.998511 0.054543 -0.000305
vn 0.837464 0.546484 -0.003056
vn 0.837463 0.546485 -0.003056
vn 0.452021 0.891993 -0.004989
vn 0.452021 0.891993 -0.004989
vn -0.054545 0.998496 -0.005584
vn -0.054542 0.998496 -0.005584
vn -0.546491 0.837452 -0.004684
vn -0.546493 0.837450 -0.004684
vn -0.892007 0.452014 -0.002528
vn -0.892008 0.452013 -0.002528
vn -0.998511 -0.054543 0.000305
vn -0.998511 -0.054543 0.000305
vn -0.837463 -0.546485 0.003056
vn -0.837464 -0.546484 0.003057
vn -0.206874 -0.673679 0.709479
vn -0.083511 -0.699615 0.709623
vn 0.159657 -0.686329 0.709551
vn 0.279461 -0.647109 0.709332
vn 0.483401 -0.514038 0.708582
vn 0.393068 -0.598455 0.698104
vn 0.483436 -0.514004 0.708583
vn 0.641581 -0.321228 0.696554
vn 0.677633 -0.202947 0.706843
vn 0.641582 -0.321227 0.696553
vn 0.677641 -0.202894 0.706850
vn 0.718186 0.043115 0.694514
vn 0.690285 0.163603 0.704799
vn 0.651064 0.283404 0.704129
vn 0.517974 0.487348 0.702990
vn 0.424141 0.571462 0.702521
vn 0.206876 0.681567 0.701904
vn 0.083513 0.707502 0.701759
vn -0.159658 0.694219 0.701833
vn -0.279421 0.655014 0.702054
vn -0.483401 0.521933 0.702787
vn -0.393065 0.606224 0.691370
vn -0.483437 0.521894 0.702791
vn -0.641580 0.328996 0.692919
vn -0.677631 0.210818 0.704537
vn -0.703567 0.087457 0.705227
vn -0.690284 -0.155708 0.706585
vn -0.651065 -0.275510 0.707255
vn -0.517977 -0.479456 0.708394
vn -0.424109 -0.563598 0.708864
vn 0.000000 0.005592 0.999985
vn -0.105970 -0.499218 0.859972
vn 0.160239 -0.484676 0.859891
vn -0.343781 -0.378710 0.859298
vn 0.504019 -0.101174 0.857746
vn 0.489478 0.165028 0.856258
vn 0.383511 -0.338981 0.859076
vn 0.105969 0.508804 0.854336
vn -0.160239 0.494263 0.854417
vn 0.343781 0.388296 0.855009
vn -0.504019 0.110761 0.856561
vn -0.489478 -0.155442 0.858050
vn -0.383510 0.348569 0.855231
vn -0.452020 -0.891994 0.004989
vn -0.452020 -0.891994 0.004989
vn 0.054542 -0.998496 0.005584
vn 0.054545 -0.998496 0.005583
vn 0.546492 -0.837452 0.004683
vn 0.546491 -0.837452 0.004684
vn 0.892009 -0.452011 0.002528
vn 0.892007 -0.452016 0.002528
vn 0.998511 0.054546 -0.000305
vn 0.998511 0.054544 -0.000305
vn 0.837465 0.546482 -0.003056
vn 0.837465 0.546482 -0.003056
vn 0.452019 0.891995 -0.004988
vn 0.452019 0.891995 -0.004988
vn -0.054544 0.998496 -0.005584
vn -0.054543 0.998496 -0.005584
vn -0.546491 0.837452 -0.004683
vn -0.546491 0.837452 -0.004684
vn -0.892008 0.452014 -0.002528
vn -0.892008 0.452013 -0.002528
vn -0.998511 -0.054541 0.000305
vn -0.998511 -0.054545 0.000305
vn -0.837465 -0.546483 0.003056
vn -0.837464 -0.546483 0.003056
vn -0.206845 -0.673692 0.709475
vn 0.039232 -0.714290 0.698750
vn 0.159660 -0.686331 0.709548
vn 0.279463 -0.647112 0.709329
vn 0.483410 -0.514021 0.708588
vn 0.567553 -0.420156 0.708063
vn 0.677632 -0.202926 0.706850
vn 0.703569 -0.079565 0.706159
vn 0.690285 0.163602 0.704799
vn 0.651066 0.283403 0.704128
vn 0.517975 0.487349 0.702989
vn 0.424108 0.571492 0.702517
vn 0.206875 0.681571 0.701900
vn 0.083513 0.707508 0.701754
vn -0.159657 0.694221 0.701831
vn -0.279460 0.655002 0.702050
vn -0.483408 0.521914 0.702797
vn -0.567551 0.428047 0.703322
vn -0.677631 0.210816 0.704538
vn -0.703567 0.087455 0.705227
vn -0.690284 -0.155707 0.706585
vn -0.651064 -0.275510 0.707255
vn -0.517994 -0.479446 0.708388
vn -0.602350 -0.389178 0.696932
vn -0.517954 -0.479481 0.708394
vn -0.325120 -0.637690 0.698318
vn -0.206898 -0.673679 0.709471
vn -0.325120 -0.637688 0.698320
vn -0.717305 -0.263651 0.644951
vn -0.510940 -0.566377 0.646651
vn -0.619774 -0.418772 0.663709
vn -0.662617 -0.242916 0.708470
vn -0.745088 -0.082359 0.661861
vn -0.759337 0.100303 0.642921
vn -0.701440 0.093284 0.706598
vn -0.699738 0.273754 0.659868
vn -0.627421 0.442103 0.641005
vn -0.579583 0.409026 0.704827
vn -0.494104 0.568022 0.658189
vn -0.351766 0.683446 0.639658
vn -0.324944 0.631968 0.703582
vn -0.175241 0.732967 0.657305
vn 0.004473 0.769042 0.639183
vn 0.004131 0.711035 0.703144
vn 0.183746 0.730874 0.657314
vn 0.359687 0.679288 0.639682
vn 0.332264 0.628124 0.703605
vn 0.500638 0.562189 0.658259
vn 0.632498 0.434739 0.641053
vn 0.584274 0.402219 0.704872
vn 0.702868 0.265574 0.659884
vn 0.736832 0.126877 0.664064
vn 0.706760 0.041859 0.706214
vn 0.711708 -0.086741 0.697100
vn 0.941441 -0.003617 0.337158
vn 0.688061 -0.169920 0.705477
vn 0.659678 -0.250644 0.708521
vn 0.670877 -0.326621 0.665765
vn 0.614772 -0.425966 0.663784
vn 0.504243 -0.572311 0.646684
vn 0.465794 -0.528045 0.710073
vn 0.344678 -0.662440 0.665110
vn 0.178841 -0.740673 0.647626
vn 0.165206 -0.683568 0.710944
vn -0.004381 -0.746317 0.665577
vn -0.187528 -0.738533 0.647613
vn -0.173232 -0.681591 0.710932
vn -0.352431 -0.658371 0.665086
vn -0.471982 -0.522563 0.710043
vn -0.717299 -0.263649 0.644958
vn -0.510941 -0.566382 0.646646
vn -0.619748 -0.418754 0.663745
vn -0.662606 -0.242918 0.708480
vn -0.745087 -0.082359 0.661863
vn -0.759336 0.100303 0.642922
vn -0.701440 0.093287 0.706597
vn -0.699733 0.273753 0.659874
vn -0.627417 0.442103 0.641010
vn -0.579580 0.409025 0.704830
vn -0.494103 0.568019 0.658192
vn -0.351763 0.683444 0.639661
vn -0.324944 0.631964 0.703586
vn -0.175247 0.732999 0.657268
vn 0.004472 0.769049 0.639175
vn 0.004134 0.711046 0.703133
vn 0.183751 0.730900 0.657283
vn 0.359683 0.679289 0.639683
vn 0.332261 0.628126 0.703605
vn 0.500638 0.562190 0.658259
vn 0.632499 0.434739 0.641052
vn 0.584274 0.402220 0.704871
vn 0.702869 0.265574 0.659883
vn 0.760418 0.091422 0.642968
vn 0.702439 0.085084 0.706640
vn 0.744033 -0.091053 0.661909
vn 0.714127 -0.272014 0.645005
vn 0.659675 -0.250645 0.708524
vn 0.614771 -0.425961 0.663787
vn 0.504243 -0.572312 0.646683
vn 0.465797 -0.528044 0.710072
vn 0.344678 -0.662444 0.665106
vn 0.178843 -0.740672 0.647626
vn 0.165204 -0.683567 0.710945
vn -0.004379 -0.746317 0.665576
vn -0.187529 -0.738533 0.647613
vn -0.173233 -0.681592 0.710931
vn -0.352447 -0.658397 0.665052
vn -0.471987 -0.522568 0.710036
vn -0.717299 -0.263649 0.644959
vn -0.510941 -0.566378 0.646649
vn -0.619773 -0.418772 0.663710
vn -0.662609 -0.242915 0.708478
vn -0.745113 -0.082362 0.661833
vn -0.759336 0.100303 0.642922
vn -0.701441 0.093284 0.706596
vn -0.699734 0.273753 0.659873
vn -0.627417 0.442101 0.641011
vn -0.579578 0.409024 0.704832
vn -0.494082 0.567997 0.658227
vn -0.351762 0.683442 0.639664
vn -0.324942 0.631960 0.703590
vn -0.175240 0.732968 0.657304
vn 0.004472 0.769045 0.639179
vn 0.004133 0.711041 0.703139
vn 0.183751 0.730899 0.657284
vn 0.359687 0.679286 0.639684
vn 0.332263 0.628125 0.703605
vn 0.500656 0.562210 0.658228
vn 0.632498 0.434737 0.641054
vn 0.584272 0.402222 0.704872
vn 0.702869 0.265573 0.659884
vn 0.760416 0.091421 0.642969
vn 0.702439 0.085081 0.706641
vn 0.744031 -0.091053 0.661912
vn 0.714127 -0.272015 0.645004
vn 0.659678 -0.250645 0.708521
vn 0.614796 -0.425978 0.663753
vn 0.504242 -0.572311 0.646684
vn 0.465796 -0.528043 0.710074
vn 0.344677 -0.662443 0.665107
vn 0.178842 -0.740673 0.647625
vn 0.165203 -0.683570 0.710943
vn -0.004378 -0.746344 0.665546
vn -0.187530 -0.738531 0.647614
vn -0.173232 -0.681593 0.710931
vn -0.352446 -0.658396 0.665054
vn -0.471984 -0.522566 0.710040
vn -0.355228 -0.550335 0.755609
vn -0.410354 -0.511692 0.754838
vn -0.408914 -0.533470 0.740404
vn -0.381410 -0.591456 0.710427
vn -0.317384 -0.592104 0.740730
vn -0.261674 -0.600141 0.755882
vn -0.280962 -0.644933 0.710719
vn -0.217628 -0.635290 0.740975
vn -0.161338 -0.634286 0.756076
vn -0.173231 -0.681595 0.710929
vn -0.112240 -0.661923 0.741120
vn -0.095446 -0.648043 0.755599
vn -0.061030 -0.700500 0.711038
vn -0.018130 -0.654740 0.755637
vn -0.061005 -0.700501 0.711039
vn -0.003943 -0.671294 0.741180
vn 0.049158 -0.652510 0.756184
vn 0.052778 -0.701163 0.711045
vn 0.104454 -0.663185 0.741131
vn 0.153869 -0.636125 0.756089
vn 0.165205 -0.683571 0.710942
vn 0.210146 -0.637786 0.740991
vn 0.254596 -0.603152 0.755903
vn 0.273356 -0.648169 0.710742
vn 0.310398 -0.595766 0.740753
vn 0.348728 -0.554448 0.755630
vn 0.374426 -0.595875 0.710449
vn 0.402612 -0.538211 0.740428
vn 0.433827 -0.491275 0.755277
vn 0.465797 -0.528047 0.710071
vn 0.484391 -0.466600 0.740034
vn 0.507691 -0.415267 0.754853
vn 0.545105 -0.446438 0.709615
vn 0.553631 -0.382806 0.739562
vn 0.568403 -0.328395 0.754371
vn 0.610292 -0.353163 0.709098
vn 0.608532 -0.288988 0.739036
vn 0.614401 -0.232914 0.753832
vn 0.659680 -0.250647 0.708519
vn 0.647665 -0.187584 0.738473
vn 0.644475 -0.131286 0.753270
vn 0.691971 -0.141529 0.707916
vn 0.670033 -0.081205 0.737876
vn 0.657875 -0.026152 0.752673
vn 0.706359 -0.028647 0.707274
vn 0.675044 0.027380 0.737269
vn 0.654224 0.079770 0.752082
vn 0.702440 0.085082 0.706640
vn 0.662573 0.135362 0.736665
vn 0.633631 0.183735 0.751501
vn 0.680329 0.196709 0.706016
vn 0.632942 0.239946 0.736078
vn 0.596623 0.283047 0.750950
vn 0.640594 0.303340 0.705425
vn 0.586912 0.338419 0.735532
vn 0.544165 0.375139 0.750437
vn 0.584270 0.402220 0.704874
vn 0.525690 0.428238 0.735025
vn 0.500802 0.456988 0.735092
vn 0.506276 0.497637 0.704303
vn 0.479018 0.524126 0.704155
vn 0.464909 0.536773 0.704084
vn 0.409545 0.550968 0.727123
vn 0.428085 0.566744 0.703949
vn 0.364332 0.572880 0.734214
vn 0.309452 0.585534 0.749259
vn 0.332260 0.628121 0.703610
vn 0.268376 0.623955 0.733931
vn 0.212194 0.627651 0.749018
vn 0.227835 0.673342 0.703351
vn 0.165472 0.658979 0.733734
vn 0.109437 0.653617 0.748871
vn 0.117506 0.701222 0.703192
vn 0.058281 0.677042 0.733633
vn 0.042650 0.662032 0.748261
vn 0.004144 0.711041 0.703138
vn -0.034952 0.662478 0.748266
vn 0.004122 0.711042 0.703138
vn -0.050419 0.677682 0.733624
vn -0.101845 0.654849 0.748866
vn -0.109347 0.702545 0.703188
vn -0.157814 0.660867 0.733723
vn -0.204898 0.630088 0.749003
vn -0.219995 0.675961 0.703334
vn -0.261121 0.627049 0.733911
vn -0.302646 0.589120 0.749228
vn -0.324947 0.631974 0.703576
vn -0.357666 0.577096 0.734190
vn -0.392554 0.532997 0.749544
vn -0.421481 0.571715 0.703914
vn -0.444947 0.512305 0.734551
vn -0.472295 0.463181 0.749934
vn -0.507100 0.496754 0.704333
vn -0.520701 0.434347 0.734992
vn -0.517158 0.412983 0.749662
vn -0.579573 0.409036 0.704830
vn -0.561609 0.349379 0.750020
vn -0.579587 0.409015 0.704830
vn -0.582974 0.345252 0.735488
vn -0.593330 0.289999 0.750906
vn -0.637056 0.310810 0.705377
vn -0.630146 0.247320 0.736036
vn -0.631485 0.191121 0.751465
vn -0.678023 0.204645 0.705978
vn -0.660996 0.143091 0.736620
vn -0.653293 0.087406 0.752042
vn -0.701439 0.093287 0.706598
vn -0.674729 0.035260 0.737222
vn -0.658177 -0.018466 0.752637
vn -0.706684 -0.020388 0.707236
vn -0.670983 -0.073375 0.737833
vn -0.646021 -0.123750 0.753222
vn -0.693632 -0.133431 0.707864
vn -0.649864 -0.180002 0.738428
vn -0.617129 -0.225721 0.753791
vn -0.662611 -0.242917 0.708476
vn -0.611915 -0.281864 0.738994
vn -0.591021 -0.287774 0.753578
vn -0.614440 -0.345999 0.709047
vn -0.552616 -0.355203 0.753954
vn -0.614427 -0.346022 0.709048
vn -0.558114 -0.376317 0.739523
vn -0.512558 -0.409311 0.754817
vn -0.550334 -0.440038 0.709577
vn -0.489860 -0.460917 0.739995
vn -0.468144 -0.459894 0.754545
vn -0.471995 -0.522558 0.710038
vn -0.471975 -0.522573 0.710040
vn 0.625128 0.780510 -0.004365
vn 0.707786 0.706415 -0.003972
vn 0.844692 0.535244 -0.003012
vn 0.898813 0.438326 -0.002449
vn 0.972721 0.231976 -0.001297
vn 0.992439 0.122737 -0.000686
vn 0.995340 -0.096430 0.000539
vn 0.978519 -0.206153 0.001132
vn 0.910098 -0.414387 0.002299
vn 0.858562 -0.512703 0.002843
vn 0.726233 -0.687437 0.003865
vn 0.645566 -0.763693 0.004291
vn 0.463670 -0.885994 0.004954
vn 0.362613 -0.931925 0.005211
vn 0.150861 -0.988540 0.005512
vn 0.040365 -0.999170 0.005563
vn -0.178297 -0.983961 0.005528
vn -0.286258 -0.958138 0.005378
vn -0.488133 -0.872756 0.004880
vn -0.581859 -0.813277 0.004567
vn -0.745072 -0.666974 0.003731
vn -0.814407 -0.580285 0.003224
vn -0.921271 -0.388915 0.002156
vn -0.958701 -0.284411 0.001569
vn -0.997637 -0.068710 0.000363
vn -0.999106 0.042284 -0.000236
vn -0.965904 0.258897 -0.001466
vn -0.931241 0.364397 -0.002035
vn -0.829479 0.558530 -0.003095
vn -0.762462 0.647023 -0.003621
vn -0.603178 0.797594 -0.004481
vn -0.511022 0.859554 -0.004804
vn -0.311514 0.950227 -0.005314
vn -0.204274 0.978898 -0.005479
vn 0.013907 0.999888 -0.005592
vn 0.124646 0.992186 -0.005549
vn 0.337822 0.941196 -0.005243
vn 0.440060 0.897955 -0.005001
vn 0.000000 -0.005593 -0.999985
vn 0.000000 -0.005593 -0.999985
vn 0.000001 -0.005593 -0.999985
vn -0.000001 -0.005592 -0.999985
vn -0.000000 -0.005593 -0.999985
vn 0.000001 -0.005591 -0.999985
vn -0.000002 -0.005594 -0.999985
vn 0.000001 -0.005593 -0.999985
vn 0.000000 -0.005591 -0.999984
vn 0.000000 -0.005592 -0.999984
vn -0.000001 -0.005592 -0.999985
vn 0.000002 -0.005593 -0.999984
vn -0.000000 -0.005591 -0.999985
vn -0.000000 -0.005593 -0.999985
vn 0.000001 -0.005591 -0.999985
vn -0.000002 -0.005592 -0.999984
vn 0.000000 -0.005593 -0.999985
vn -0.000000 -0.005591 -0.999985
vn -0.000001 -0.005593 -0.999985
f 1//1 2//2 3//3
f 3//3 4//4 1//1
f 1//1 4//4 5//5
f 1//1 5//5 6//6
f 5//5 7//7 6//6
f 6//6 7//7 8//8
f 6//6 8//8 9//9
f 8//8 10//10 9//9
f 9//9 10//10 11//11
f 9//9 11//11 12//12
f 11//11 13//13 12//12
f 12//12 13//13 14//14
f 12//12 14//14 15//15
f 14//14 16//16 15//15
f 15//15 16//16 17//17
f 15//15 17//17 18//18
f 17//17 19//19 18//18
f 18//18 19//19 20//20
f 18//18 20//20 21//21
f 20//20 22//22 21//21
f 21//21 22//22 23//23
f 21//21 23//23 24//24
f 23//23 25//25 24//24
f 24//24 25//25 26//26
f 24//24 26//26 27//27
f 26//26 28//28 27//27
f 27//27 28//28 29//29
f 27//27 29//29 30//30
f 29//29 31//31 30//30
f 30//30 31//31 32//32
f 30//30 32//32 33//33
f 32//32 34//34 33//33
f 33//33 34//34 35//35
f 33//33 35//35 36//36
f 35//35 37//37 36//36
f 36//36 37//37 38//38
f 36//36 38//38 39//39
f 38//38 40//40 39//39
f 39//39 40//40 41//41
f 39//39 41//41 42//42
f 41//41 43//43 42//42
f 42//42 43//43 44//44
f 42//42 44//44 45//45
f 45//45 44//44 46//46
f 45//45 46//46 47//47
f 47//47 46//46 48//48
f 47//47 48//48 49//49
f 48//48 50//50 49//49
f 49//49 50//50 51//51
f 49//49 51//51 52//52
f 51//51 53//53 52//52
f 52//52 53//53 54//54
f 52//52 54//54 55//55
f 54//54 56//56 55//55
f 55//55 56//56 57//57
f 55//55 57//57 58//58
f 57//57 59//59 58//58
f 58//58 59//59 60//60
f 58//58 60//60 61//61
f 60//60 62//62 61//61
f 61//61 62//62 63//63
f 61//61 63//63 64//64
f 63//63 65//65 64//64
f 64//64 65//65 66//66
f 64//64 66//66 67//67
f 66//66 68//68 67//67
f 67//67 68//68 69//69
f 67//67 69//69 70//70
f 69//69 71//71 70//70
f 70//70 71//71 72//72
f 70//70 72//72 73//73
f 72//72 74//74 73//73
f 73//73 74//74 75//75
f 73//73 75//75 76//76
f 75//75 77//77 76//76
f 76//76 77//77 78//78
f 76//76 78//78 79//79
f 78//78 80//80 79//79
f 79//79 80//80 81//81
f 79//79 81//81 82//82
f 81//81 83//83 82//82
f 82//82 83//83 84//84
f 82//82 84//84 85//85
f 84//84 86//86 85//85
f 85//85 86//86 87//87
f 85//85 87//87 88//88
f 87//87 89//89 88//88
f 88//88 89//89 90//90
f 88//88 90//90 91//91
f 90//90 92//92 91//91
f 91//91 92//92 93//93
f 91//91 93//93 2//2
f 2//2 93//93 94//94
f 2//2 94//94 3//3
f 95//95 96//95 97//95
f 95//96 97//96 98//96
f 99//97 100//97 97//97
f 97//98 100//98 101//98
f 97//99 101//99 98//99
f 102//100 103//100 97//100
f 97//101 103//101 104//101
f 97//102 104//102 99//102
f 105//103 106//103 97//103
f 97//104 106//104 107//104
f 97//105 107//105 102//105
f 108//106 109//106 97//106
f 97//107 109//107 110//107
f 97//108 110//108 105//108
f 111//109 112//109 97//109
f 97//110 112//110 113//110
f 97//111 113//111 108//111
f 114//112 115//112 97//112
f 97//113 115//113 116//113
f 97//114 116//114 111//114
f 117//115 118//115 97//115
f 97//116 118//116 119//116
f 97//117 119//117 114//117
f 120//118 121//118 97//118
f 97//119 121//119 122//119
f 97//120 122//120 117//120
f 123//121 124//121 97//121
f 97//122 124//122 125//122
f 97//123 125//123 120//123
f 96//124 126//124 97//124
f 97//125 126//125 127//125
f 97//126 127//126 123//126
f 128//127 129//127 130//127
f 131//128 132//128 130//128
f 130//129 132//129 133//129
f 130//130 133//130 128//130
f 134//131 135//131 130//131
f 130//132 135//132 136//132
f 130//133 136//133 131//133
f 137//134 138//134 130//134
f 130//135 138//135 139//135
f 130//136 139//136 134//136
f 140//137 141//137 130//137
f 130//138 141//138 142//138
f 130//139 142//139 137//139
f 143//140 144//140 130//140
f 130//141 144//141 145//141
f 130//142 145//142 140//142
f 146//143 147//143 130//143
f 130//144 147//144 148//144
f 130//145 148//145 143//145
f 149//146 150//146 130//146
f 130//147 150//147 151//147
f 130//148 151//148 146//148
f 152//149 153//149 130//149
f 130//150 153//150 154//150
f 130//151 154//151 149//151
f 155//152 156//152 130//152
f 130//153 156//153 157//153
f 130//154 157//154 152//154
f 129//155 158//155 130//155
f 130//156 158//156 159//156
f 130//157 159//157 155//157
f 160//158 161//159 162//160
f 163//161 161//162 164//161
f 161//163 165//164 166//165
f 166//165 165//164 167//166
f 166//165 167//166 168//167
f 168//167 167//166 169//168
f 168//167 169//168 170//169
f 170//169 169//168 171//170
f 170//169 171//170 172//171
f 172//171 171//170 173//172
f 172//171 173//172 174//173
f 174//173 173//172 175//174
f 174//173 175//174 176//175
f 176//175 175//174 177//176
f 176//175 177//176 178//177
f 178//177 177//176 179//178
f 178//177 179//178 180//179
f 180//179 179//178 181//180
f 180//179 181//180 182//181
f 182//181 181//180 183//182
f 182//181 183//182 184//183
f 184//183 183//182 185//184
f 184//183 185//184 186//185
f 186//185 185//184 187//186
f 186//185 187//186 188//187
f 188//187 187//186 189//188
f 188//187 189//188 190//189
f 190//189 189//188 191//190
f 190//189 191//190 192//191
f 192//191 191//190 193//192
f 192//191 193//192 194//193
f 194//193 193//192 195//194
f 194//193 195//194 196//195
f 196//195 195//194 197//196
f 196//195 197//196 198//197
f 198//197 197//196 199//198
f 198//197 199//198 200//199
f 200//199 199//198 201//200
f 200//199 201//200 202//201
f 202//201 201//200 203//202
f 202//201 203//202 204//203
f 204//203 203//202 205//204
f 204//203 205//204 206//205
f 206//205 205//204 207//206
f 206//205 207//206 208//207
f 208//207 207//206 209//208
f 208//207 209//208 210//209
f 210//209 209//208 211//210
f 210//209 211//210 212//211
f 212//211 211//210 213//212
f 212//211 213//212 214//213
f 214//213 213//212 215//214
f 214//213 215//214 216//215
f 216//215 215//214 217//216
f 216//215 217//216 218//217
f 218//217 217//216 219//218
f 218//217 219//218 220//219
f 220//219 219//218 221//220
f 220//219 221//220 222//221
f 222//221 221//220 223//222
f 222//221 223//222 224//223
f 224//223 223//222 160//158
f 224//223 160//158 225//224
f 225//224 160//158 162//160
f 226//225 227//226 228//227
f 228//227 229//228 226//225
f 226//225 229//228 230//229
f 226//225 230//229 231//230
f 230//229 232//231 231//230
f 231//230 232//231 233//232
f 231//230 233//232 234//233
f 233//232 235//234 234//233
f 234//233 235//234 236//235
f 234//233 236//235 237//236
f 236//235 238//237 237//236
f 237//236 238//237 239//238
f 237//236 239//238 240//239
f 239//238 241//240 240//239
f 240//239 241//240 242//241
f 240//239 242//241 243//242
f 242//241 244//243 243//242
f 243//242 244//243 245//244
f 243//242 245//244 246//245
f 245//244 247//246 246//245
f 246//245 247//246 248//247
f 246//245 248//247 249//248
f 248//247 250//249 249//248
f 249//248 250//249 251//250
f 249//248 251//250 252//251
f 251//250 253//252 252//251
f 252//251 253//252 254//253
f 252//251 254//253 255//254
f 254//253 256//255 255//254
f 255//254 256//255 257//256
f 255//254 257//256 258//257
f 257//256 259//258 258//257
f 258//257 259//258 260//259
f 258//257 260//259 261//260
f 260//259 262//261 261//260
f 261//260 262//261 263//262
f 261//260 263//262 264//263
f 263//262 265//264 264//263
f 264//263 265//264 266//265
f 264//263 266//265 267//266
f 266//265 268//267 267//266
f 267//266 268//267 269//268
f 267//266 269//268 270//269
f 269//270 271//271 272//272
f 272//272 271//271 273//273
f 272//272 273//273 274//274
f 273//273 275//275 274//274
f 274//274 275//275 276//276
f 274//274 276//276 277//277
f 277//277 276//276 278//278
f 277//277 278//278 279//279
f 279//279 278//278 280//280
f 280//280 281//281 279//279
f 279//279 281//281 282//282
f 279//279 282//282 283//283
f 282//282 284//284 283//283
f 283//283 284//284 285//285
f 283//283 285//285 286//286
f 285//285 287//287 286//286
f 286//286 287//287 288//288
f 286//286 288//288 289//289
f 289//289 288//288 290//290
f 289//289 290//290 291//291
f 291//291 290//290 292//292
f 292//292 293//293 291//291
f 291//291 293//293 294//294
f 291//291 294//294 295//295
f 294//294 296//296 295//295
f 295//295 296//296 297//297
f 295//295 297//297 298//298
f 297//297 299//299 298//298
f 298//298 299//299 300//300
f 298//298 300//300 301//301
f 301//301 300//300 302//302
f 301//301 302//302 303//303
f 303//303 302//302 304//304
f 304//304 305//305 303//303
f 303//303 305//305 306//306
f 303//303 306//306 307//307
f 307//307 306//306 308//308
f 307//307 308//308 309//309
f 309//309 308//308 310//310
f 310//310 311//311 309//309
f 309//309 311//311 312//312
f 309//309 312//312 313//313
f 312//312 314//314 313//313
f 313//313 314//314 315//315
f 313//313 315//315 316//316
f 315//315 317//317 316//316
f 316//316 317//317 318//318
f 316//316 318//318 227//226
f 227//226 318//318 319//319
f 227//226 319//319 228//227
f 320//320 321//321 322//322
f 322//322 323//323 320//320
f 320//320 323//323 324//324
f 320//320 324//324 325//325
f 324//324 326//326 325//325
f 325//325 326//326 327//327
f 325//325 327//327 328//328
f 327//327 329//329 328//328
f 328//328 329//329 330//330
f 328//328 330//330 331//331
f 330//330 332//332 331//331
f 331//331 332//332 333//333
f 331//331 333//333 334//334
f 333//333 335//335 334//334
f 334//334 335//335 336//336
f 334//334 336//336 337//337
f 336//336 338//338 337//337
f 337//337 338//338 339//339
f 337//337 339//339 340//340
f 339//339 341//341 340//340
f 340//340 341//341 342//342
f 340//340 342//342 343//343
f 342//342 344//344 343//343
f 343//343 344//344 345//345
f 343//343 345//345 346//346
f 345//345 347//347 346//346
f 346//346 347//347 348//348
f 346//346 348//348 349//349
f 348//348 350//350 349//349
f 349//349 350//350 351//351
f 349//349 351//351 352//352
f 351//351 353//353 352//352
f 352//352 353//353 354//354
f 352//352 354//354 355//355
f 354//354 356//356 355//355
f 355//355 356//356 357//357
f 355//355 357//357 358//358
f 357//357 359//359 358//358
f 358//358 359//359 360//360
f 358//358 360//360 361//361
f 360//360 362//362 361//361
f 361//361 362//362 363//363
f 361//361 363//363 364//364
f 364//364 363//363 365//365
f 364//364 365//365 366//366
f 366//366 365//365 367//367
f 366//366 367//367 368//368
f 367//367 369//369 368//368
f 368//368 369//369 370//370
f 368//368 370//370 371//371
f 370//370 372//372 371//371
f 371//371 372//372 373//373
f 371//371 373//373 374//374
f 373//373 375//375 374//374
f 374//374 375//375 376//376
f 374//374 376//376 377//377
f 376//376 378//378 377//377
f 377//377 378//378 379//379
f 377//377 379//379 380//380
f 379//379 381//381 380//380
f 380//380 381//381 382//382
f 380//380 382//382 383//383
f 382//382 384//384 383//383
f 383//383 384//384 385//385
f 383//383 385//385 386//386
f 385//385 387//387 386//386
f 386//386 387//387 388//388
f 386//386 388//388 389//389
f 388//388 390//390 389//389
f 389//389 390//390 391//391
f 389//389 391//391 392//392
f 391//391 393//393 392//392
f 392//392 393//393 394//394
f 392//392 394//394 395//395
f 394//394 396//396 395//395
f 395//395 396//396 397//397
f 395//395 397//397 398//398
f 397//397 399//399 398//398
f 398//398 399//399 400//400
f 398//398 400//400 401//401
f 400//400 402//402 401//401
f 401//401 402//402 403//403
f 401//401 403//403 404//404
f 403//403 405//405 404//404
f 404//404 405//405 406//406
f 404//404 406//406 407//407
f 406//406 408//408 407//407
f 407//407 408//408 409//409
f 407//407 409//409 410//410
f 409//409 411//411 410//410
f 410//410 411//411 412//412
f 410//410 412//412 321//321
f 321//321 412//412 413//413
f 321//321 413//413 322//322
f 414//414 415//414 416//414
f 414//415 416//415 417//415
f 418//416 419//416 416//416
f 416//417 419//417 420//417
f 416//418 420//418 417//418
f 421//419 422//419 416//419
f 416//420 422//420 423//420
f 416//421 423//421 418//421
f 424//422 425//422 416//422
f 416//423 425//423 426//423
f 416//424 426//424 421//424
f 427//425 428//425 416//425
f 416//426 428//426 429//426
f 416//427 429//427 424//427
f 430//428 431//428 416//428
f 416//429 431//429 432//429
f 416//430 432//430 427//430
f 433//431 434//431 416//431
f 416//432 434//432 435//432
f 416//433 435//433 430//433
f 436//434 437//434 416//434
f 416//435 437//435 438//435
f 416//436 438//436 433//436
f 439//437 440//437 416//437
f 416//438 440//438 441//438
f 416//439 441//439 436//439
f 442//440 443//440 416//440
f 416//441 443//441 444//441
f 416//442 444//442 439//442
f 415//443 445//443 416//443
f 416//444 445//444 446//444
f 416//445 446//445 442//445
f 447//446 448//446 449//446
f 450//447 451//447 449//447
f 449//448 451//448 452//448
f 449//449 452//449 447//449
f 453//450 454//450 449//450
f 449//451 454//451 455//451
f 449//452 455//452 450//452
f 456//453 457//453 449//453
f 449//454 457//454 458//454
f 449//455 458//455 453//455
f 459//456 460//456 449//456
f 449//457 460//457 461//457
f 449//458 461//458 456//458
f 462//459 463//459 449//459
f 449//460 463//460 464//460
f 449//461 464//461 459//461
f 465//462 466//462 449//462
f 449//463 466//463 467//463
f 449//464 467//464 462//464
f 468//465 469//465 449//465
f 449//466 469//466 470//466
f 449//467 470//467 465//467
f 471//468 472//468 449//468
f 449//469 472//469 473//469
f 449//470 473//470 468//470
f 474//471 475//471 449//471
f 449//472 475//472 476//472
f 449//473 476//473 471//473
f 448//474 477//474 449//474
f 449//475 477//475 478//475
f 449//476 478//476 474//476
f 479//477 480//478 481//479
f 482//480 480//481 483//480
f 480//482 484//483 485//484
f 485//484 484//483 486//485
f 485//484 486//485 487//486
f 487//486 486//485 488//487
f 487//486 488//487 489//488
f 489//488 488//487 490//489
f 489//488 490//489 491//490
f 491//490 490//489 492//491
f 491//490 492//491 493//492
f 493//492 492//491 494//493
f 493//492 494//493 495//494
f 495//494 494//493 496//495
f 495//494 496//495 497//496
f 497//496 496//495 498//497
f 497//496 498//497 499//498
f 499//498 498//497 500//499
f 499//498 500//499 501//500
f 501//500 500//499 502//501
f 501//500 502//501 503//502
f 503//502 502//501 504//503
f 503//502 504//503 505//504
f 505//504 504//503 506//505
f 505//504 506//505 507//506
f 507//506 506//505 508//507
f 507//506 508//507 509//508
f 509//508 508//507 510//509
f 509//508 510//509 511//510
f 511//510 510//509 512//511
f 511//510 512//511 513//512
f 513//512 512//511 514//513
f 513//512 514//513 515//514
f 515//514 514//513 516//515
f 515//514 516//515 517//516
f 517//516 516//515 518//517
f 517//516 518//517 519//518
f 519//518 518//517 520//519
f 519//518 520//519 521//520
f 521//520 520//519 522//521
f 521//520 522//521 523//522
f 523//522 522//521 524//523
f 523//522 524//523 525//524
f 525//524 524//523 526//525
f 525//524 526//525 527//526
f 527//526 526//525 528//527
f 527//526 528//527 529//528
f 529//528 528//527 530//529
f 529//528 530//529 531//530
f 531//530 530//529 532//531
f 531//530 532//531 533//532
f 533//532 532//531 534//533
f 533//532 534//533 535//534
f 535//534 534//533 536//535
f 535//534 536//535 537//536
f 537//536 536//535 538//537
f 537//536 538//537 539//538
f 539//538 538//537 540//539
f 539//538 540//539 541//540
f 541//540 540//539 542//541
f 541//540 542//541 543//542
f 543//542 542//541 479//477
f 543//542 479//477 544//543
f 544//543 479//477 481//479
f 545//544 546//545 547//546
f 545//544 547//546 548//547
f 547//546 549//548 548//547
f 548//547 549//548 550//549
f 548//547 550//549 551//550
f 550//549 552//551 551//550
f 551//550 552//551 553//552
f 551//550 553//552 554//553
f 553//552 555//554 554//553
f 554//553 555//554 556//555
f 554//553 556//555 557//556
f 556//555 558//557 557//556
f 557//556 558//557 559//558
f 557//556 559//558 560//559
f 559//558 561//560 560//559
f 560//559 561//560 562//561
f 560//559 562//561 563//562
f 562//561 564//563 563//562
f 563//562 564//563 565//564
f 563//562 565//564 566//565
f 565//564 567//566 566//565
f 566//565 567//566 568//567
f 566//565 568//567 569//568
f 568//567 570//569 569//568
f 569//568 570//569 571//570
f 569//568 571//570 572//571
f 571//570 573//572 572//571
f 572//571 573//572 574//573
f 572//571 574//573 575//574
f 574//573 576//575 575//574
f 575//574 576//575 577//576
f 575//574 577//576 578//577
f 577//576 579//578 578//577
f 578//577 579//578 580//579
f 578//577 580//579 581//580
f 580//579 582//581 581//580
f 581//580 582//581 583//582
f 581//580 583//582 584//583
f 583//582 585//584 584//583
f 584//583 585//584 586//585
f 584//583 586//585 587//586
f 586//585 588//587 587//586
f 587//586 588//587 589//588
f 587//586 589//588 590//589
f 589//590 591//591 592//592
f 592//592 591//591 593//593
f 592//592 593//593 594//594
f 593//593 595//595 594//594
f 594//594 595//595 596//596
f 594//594 596//596 597//597
f 596//596 598//598 597//597
f 597//597 598//598 599//599
f 597//597 599//599 600//600
f 599//599 601//601 600//600
f 600//600 601//601 602//602
f 600//600 602//602 603//603
f 603//603 602//602 604//604
f 603//603 604//604 605//605
f 605//605 604//604 606//606
f 606//606 607//607 605//605
f 605//605 607//607 608//608
f 605//605 608//608 609//609
f 608//608 610//610 609//609
f 609//609 610//610 611//611
f 609//609 611//611 612//612
f 612//612 611//611 613//613
f 612//612 613//613 614//614
f 614//614 613//613 615//615
f 615//615 616//616 614//614
f 614//614 616//616 617//617
f 614//614 617//617 618//618
f 617//617 619//619 618//618
f 618//618 619//619 620//620
f 618//618 620//620 621//621
f 620//620 622//622 621//621
f 621//621 622//622 623//623
f 621//621 623//623 624//624
f 624//624 623//623 625//625
f 624//624 625//625 626//626
f 626//626 625//625 627//627
f 627//627 628//628 626//626
f 626//626 628//628 629//629
f 626//626 629//629 630//630
f 629//629 631//631 630//630
f 630//630 631//631 632//632
f 630//630 632//632 633//633
f 632//632 634//634 633//633
f 633//633 634//634 635//635
f 633//633 635//635 636//636
f 636//636 635//635 637//637
f 636//636 637//637 545//544
f 545//544 637//637 638//638
f 545//544 638//638 546//545
f 639//639 640//640 641//641
f 641//641 642//642 639//639
f 639//639 642//642 643//643
f 639//639 643//643 644//644
f 643//643 645//645 644//644
f 644//644 645//645 646//646
f 644//644 646//646 647//647
f 646//646 648//648 647//647
f 647//647 648//648 649//649
f 647//647 649//649 650//650
f 649//649 651//651 650//650
f 650//650 651//651 652//652
f 650//650 652//652 653//653
f 652//652 654//654 653//653
f 653//653 654//654 655//655
f 653//653 655//655 656//656
f 655//655 657//657 656//656
f 656//656 657//657 658//658
f 656//656 658//658 659//659
f 658//658 660//660 659//659
f 659//659 660//660 661//661
f 659//659 661//661 662//662
f 661//661 663//663 662//662
f 662//662 663//663 664//664
f 662//662 664//664 665//665
f 664//664 666//666 665//665
f 665//665 666//666 667//667
f 665//665 667//667 668//668
f 667//667 669//669 668//668
f 668//668 669//669 670//670
f 668//668 670//670 671//671
f 670//670 672//672 671//671
f 671//671 672//672 673//673
f 671//671 673//673 674//674
f 673//673 675//675 674//674
f 674//674 675//675 676//676
f 674//674 676//676 677//677
f 676//676 678//678 677//677
f 677//677 678//678 679//679
f 677//677 679//679 680//680
f 679//679 681//681 680//680
f 680//680 681//681 682//682
f 680//680 682//682 683//683
f 683//683 682//682 684//684
f 683//683 684//684 685//685
f 685//685 684//684 686//686
f 685//685 686//686 687//687
f 686//686 688//688 687//687
f 687//687 688//688 689//689
f 687//687 689//689 690//690
f 689//689 691//691 690//690
f 690//690 691//691 692//692
f 690//690 692//692 693//693
f 692//692 694//694 693//693
f 693//693 694//694 695//695
f 693//693 695//695 696//696
f 695//695 697//697 696//696
f 696//696 697//697 698//698
f 696//696 698//698 699//699
f 698//698 700//700 699//699
f 699//699 700//700 701//701
f 699//699 701//701 702//702
f 701//701 703//703 702//702
f 702//702 703//703 704//704
f 702//702 704//704 705//705
f 704//704 706//706 705//705
f 705//705 706//706 707//707
f 705//705 707//707 708//708
f 707//707 709//709 708//708
f 708//708 709//709 710//710
f 708//708 710//710 711//711
f 710//710 712//712 711//711
f 711//711 712//712 713//713
f 711//711 713//713 714//714
f 713//713 715//715 714//714
f 714//714 715//715 716//716
f 714//714 716//716 717//717
f 716//716 718//718 717//717
f 717//717 718//718 719//719
f 717//717 719//719 720//720
f 719//719 721//721 720//720
f 720//720 721//721 722//722
f 720//720 722//722 723//723
f 722//722 724//724 723//723
f 723//723 724//724 725//725
f 723//723 725//725 726//726
f 725//725 727//727 726//726
f 726//726 727//727 728//728
f 726//726 728//728 729//729
f 728//728 730//730 729//729
f 729//729 730//730 731//731
f 729//729 731//731 640//640
f 640//640 731//731 732//732
f 640//640 732//732 641//641
f 733//733 734//733 735//733
f 733//734 735//734 736//734
f 737//735 738//735 735//735
f 735//736 738//736 739//736
f 735//737 739//737 736//737
f 740//738 741//738 735//738
f 735//739 741//739 742//739
f 735//740 742//740 737//740
f 743//741 744//741 735//741
f 735//742 744//742 745//742
f 735//743 745//743 740//743
f 746//744 747//744 735//744
f 735//745 747//745 748//745
f 735//746 748//746 743//746
f 749//747 750//747 735//747
f 735//748 750//748 751//748
f 735//749 751//749 746//749
f 752//750 753//750 735//750
f 735//751 753//751 754//751
f 735//752 754//752 749//752
f 755//753 756//753 735//753
f 735//754 756//754 757//754
f 735//755 757//755 752//755
f 758//756 759//756 735//756
f 735//757 759//757 760//757
f 735//758 760//758 755//758
f 761//759 762//759 735//759
f 735//760 762//760 763//760
f 735//761 763//761 758//761
f 734//762 764//762 735//762
f 735//763 764//763 765//763
f 735//764 765//764 761//764
f 766//765 767//765 768//765
f 769//766 770//766 768//766
f 768//767 770//767 771//767
f 768//768 771//768 766//768
f 772//769 773//769 768//769
f 768//770 773//770 774//770
f 768//771 774//771 769//771
f 775//772 776//772 768//772
f 768//773 776//773 777//773
f 768//774 777//774 772//774
f 778//775 779//775 768//775
f 768//776 779//776 780//776
f 768//777 780//777 775//777
f 781//778 782//778 768//778
f 768//779 782//779 783//779
f 768//780 783//780 778//780
f 784//781 785//781 768//781
f 768//782 785//782 786//782
f 768//783 786//783 781//783
f 787//784 788//784 768//784
f 768//785 788//785 789//785
f 768//786 789//786 784//786
f 790//787 791//787 768//787
f 768//788 791//788 792//788
f 768//789 792//789 787//789
f 793//790 794//790 768//790
f 768//791 794//791 795//791
f 768//792 795//792 790//792
f 767//793 796//793 768//793
f 768//794 796//794 797//794
f 768//795 797//795 793//795
f 798//796 799//797 800//798
f 801//799 799//800 802//799
f 799//801 803//802 804//803
f 804//803 803//802 805//804
f 804//803 805//804 806//805
f 806//805 805//804 807//806
f 806//805 807//806 808//807
f 808//807 807//806 809//808
f 808//807 809//808 810//809
f 810//809 809//808 811//810
f 810//809 811//810 812//811
f 812//811 811//810 813//812
f 812//811 813//812 814//813
f 814//813 813//812 815//814
f 814//813 815//814 816//815
f 816//815 815//814 817//816
f 816//815 817//816 818//817
f 818//817 817//816 819//818
f 818//817 819//818 820//819
f 820//819 819//818 821//820
f 820//819 821//820 822//821
f 822//821 821//820 823//822
f 822//821 823//822 824//823
f 824//823 823//822 825//824
f 824//823 825//824 826//825
f 826//825 825//824 827//826
f 826//825 827//826 828//827
f 828//827 827//826 829//828
f 828//827 829//828 830//829
f 830//829 829//828 831//830
f 830//829 831//830 832//831
f 832//831 831//830 833//832
f 832//831 833//832 834//833
f 834//833 833//832 835//834
f 834//833 835//834 836//835
f 836//835 835//834 837//836
f 836//835 837//836 838//837
f 838//837 837//836 839//838
f 838//837 839//838 840//839
f 840//839 839//838 841//840
f 840//839 841//840 842//841
f 842//841 841//840 843//842
f 842//841 843//842 844//843
f 844//843 843//842 845//844
f 844//843 845//844 846//845
f 846//845 845//844 847//846
f 846//845 847//846 848//847
f 848//847 847//846 849//848
f 848//847 849//848 850//849
f 850//849 849//848 851//850
f 850//849 851//850 852//851
f 852//851 851//850 853//852
f 852//851 853//852 854//853
f 854//853 853//852 855//854
f 854//853 855//854 856//855
f 856//855 855//854 857//856
f 856//855 857//856 858//857
f 858//857 857//856 859//858
f 858//857 859//858 860//859
f 860//859 859//858 861//860
f 860//859 861//860 862//861
f 862//861 861//860 798//796
f 862//861 798//796 863//862
f 863//862 798//796 800//798
f 864//863 865//864 866//865
f 866//865 867//866 864//863
f 864//863 867//866 868//867
f 864//863 868//867 869//868
f 868//867 870//869 869//868
f 869//868 870//869 871//870
f 869//868 871//870 872//871
f 871//870 873//872 872//871
f 872//871 873//872 874//873
f 872//871 874//873 875//874
f 874//873 876//875 875//874
f 875//874 876//875 877//876
f 875//874 877//876 878//877
f 877//876 879//878 878//877
f 878//877 879//878 880//879
f 878//877 880//879 881//880
f 880//879 882//881 881//880
f 881//880 882//881 883//882
f 881//880 883//882 884//883
f 883//882 885//884 884//883
f 884//883 885//884 886//885
f 884//883 886//885 887//886
f 886//885 888//887 887//886
f 887//886 888//887 889//888
f 887//886 889//888 890//889
f 889//888 891//890 890//889
f 890//889 891//890 892//891
f 890//889 892//891 893//892
f 892//891 894//893 893//892
f 893//892 894//893 895//894
f 893//892 895//894 896//895
f 895//894 897//896 896//895
f 896//895 897//896 898//897
f 896//895 898//897 899//898
f 898//897 900//899 899//898
f 899//898 900//899 901//900
f 899//898 901//900 902//901
f 901//900 903//902 902//901
f 902//901 903//902 904//903
f 902//901 904//903 905//904
f 904//903 906//905 905//904
f 905//904 906//905 907//906
f 905//904 907//906 908//907
f 907//908 909//909 910//910
f 910//910 909//909 911//911
f 910//910 911//911 912//912
f 911//911 913//913 912//912
f 912//912 913//913 914//914
f 912//912 914//914 915//915
f 914//914 916//916 915//915
f 915//915 916//916 917//917
f 915//915 917//917 918//918
f 917//917 919//919 918//918
f 918//918 919//919 920//920
f 918//918 920//920 921//921
f 920//920 922//922 921//921
f 921//921 922//922 923//923
f 921//921 923//923 924//924
f 923//923 925//925 924//924
f 924//924 925//925 926//926
f 924//924 926//926 927//927
f 927//927 926//926 928//928
f 927//927 928//928 929//929
f 929//929 928//928 930//930
f 930//930 931//931 929//929
f 929//929 931//931 932//932
f 929//929 932//932 933//933
f 932//932 934//934 933//933
f 933//933 934//934 935//935
f 933//933 935//935 936//936
f 935//935 937//937 936//936
f 936//936 937//937 938//938
f 936//936 938//938 939//939
f 939//939 938//938 940//940
f 939//939 940//940 941//941
f 941//941 940//940 942//942
f 942//942 943//943 941//941
f 941//941 943//943 944//944
f 941//941 944//944 945//945
f 944//944 946//946 945//945
f 945//945 946//946 947//947
f 945//945 947//947 948//948
f 947//947 949//949 948//948
f 948//948 949//949 950//950
f 948//948 950//950 951//951
f 950//950 952//952 951//951
f 951//951 952//952 953//953
f 951//951 953//953 954//954
f 953//953 955//955 954//954
f 954//954 955//955 956//956
f 954//954 956//956 865//864
f 865//864 956//956 957//957
f 865//864 957//957 866//865
f 958//958 959//958 960//958
f 961//959 962//959 963//959
f 964//960 965//960 966//960
f 967//961 968//961 969//961
f 970//962 971//962 972//962
f 973//963 974//963 975//963
f 968//964 976//964 977//964
f 973//965 975//965 978//965
f 979//966 980//966 981//966
f 981//967 980//967 982//967
f 982//968 980//968 983//968
f 982//969 983//969 984//969
f 984//970 983//970 985//970
f 984//971 985//971 986//971
f 987//972 988//972 989//972
f 990//973 991//973 992//973
f 992//974 991//974 989//974
f 992//975 989//975 993//975
f 993//976 989//976 988//976
f 994//977 995//977 996//977
f 990//978 997//978 991//978
f 991//979 997//979 998//979
f 991//980 998//980 996//980
f 996//981 998//981 999//981
f 996//982 999//982 994//982
f 995//983 1000//983 1001//983
f 1001//984 1000//984 1002//984
f 1001//985 1002//985 1003//985
f 1003//986 1002//986 987//986
f 1003//987 987//987 1004//987
f 1004//988 987//988 989//988
f 965//989 964//989 991//989
f 991//990 964//990 1005//990
f 991//991 1005//991 989//991
f 966//992 965//992 1006//992
f 1006//993 965//993 972//993
f 1006//994 972//994 985//994
f 985//995 972//995 971//995
f 985//996 971//996 986//996
f 968//997 977//997 969//997
f 969//998 977//998 1007//998
f 969//999 1007//999 1008//999
f 981//1000 967//1000 979//1000
f 979//1001 967//1001 969//1001
f 979//1002 969//1002 1009//1002
f 1009//1003 969//1003 1008//1003
f 1010//1004 1011//1004 1012//1004
f 1011//1005 1010//1005 1013//1005
f 1013//1006 1010//1006 1014//1006
f 1013//1007 1014//1007 1015//1007
f 1016//1008 1017//1008 1018//1008
f 962//1009 1019//1009 963//1009
f 963//1010 1019//1010 1020//1010
f 963//1011 1020//1011 1021//1011
f 1021//1012 1020//1012 1022//1012
f 1021//1013 1022//1013 1023//1013
f 1023//1014 1022//1014 1018//1014
f 1024//1015 1025//1015 1026//1015
f 1027//1016 1028//1016 1029//1016
f 1029//1017 1030//1017 1031//1017
f 1032//1018 1033//1018 1034//1018
f 1034//1019 1033//1019 1035//1019
f 1036//1020 1037//1020 1038//1020
f 1038//1021 1037//1021 1039//1021
f 1038//1022 1039//1022 1032//1022
f 1032//1023 1039//1023 1040//1023
f 1032//1024 1040//1024 1033//1024
f 1031//1025 1030//1025 1041//1025
f 1041//1026 1030//1026 1042//1026
f 1041//1027 1042//1027 1035//1027
f 1035//1028 1042//1028 1043//1028
f 1035//1029 1043//1029 1034//1029
f 1044//1030 1028//1030 1026//1030
f 1026//1031 1028//1031 1027//1031
f 1026//1032 1027//1032 1024//1032
f 1044//1033 1045//1033 1028//1033
f 1028//1034 1045//1034 1046//1034
f 1028//1035 1046//1035 1047//1035
f 1047//1036 1046//1036 1048//1036
f 1047//1037 1048//1037 959//1037
f 1049//1038 1050//1038 1051//1038
f 995//1039 1001//1039 996//1039
f 996//1040 1001//1040 1052//1040
f 996//1041 1052//1041 1051//1041
f 1051//1042 1052//1042 1053//1042
f 1051//1043 1053//1043 1049//1043
f 1054//1044 1055//1044 1056//1044
f 1056//1045 1055//1045 1057//1045
f 1056//1046 1057//1046 1058//1046
f 1058//1047 1057//1047 1059//1047
f 1058//1048 1059//1048 1060//1048
f 1060//1049 1059//1049 1061//1049
f 1060//1050 1061//1050 1053//1050
f 1053//1051 1061//1051 1062//1051
f 1053//1052 1062//1052 1049//1052
f 1063//1053 1054//1053 1064//1053
f 1064//1054 1054//1054 1056//1054
f 1064//1055 1056//1055 960//1055
f 960//1056 1056//1056 1065//1056
f 960//1057 1065//1057 958//1057
f 1050//1058 1066//1058 1051//1058
f 1051//1059 1066//1059 1067//1059
f 1051//1060 1067//1060 1064//1060
f 1064//1061 1067//1061 1068//1061
f 1064//1062 1068//1062 1063//1062
f 1069//1063 1070//1063 1023//1063
f 1018//1064 1017//1064 1023//1064
f 1023//1065 1017//1065 1071//1065
f 1023//1066 1071//1066 1069//1066
f 1070//1067 1072//1067 1073//1067
f 1072//1068 1074//1068 1073//1068
f 1073//1069 1074//1069 1075//1069
f 1073//1070 1075//1070 1076//1070
f 1076//1071 1075//1071 1077//1071
f 1076//1072 1077//1072 1078//1072
f 1018//1073 1079//1073 1080//1073
f 1080//1074 1079//1074 1015//1074
f 1080//1075 1015//1075 1081//1075
f 1081//1076 1015//1076 1014//1076
f 1081//1077 1014//1077 1082//1077
f 1082//1078 1014//1078 1083//1078
f 1084//1079 1085//1079 1086//1079
f 1086//1080 1085//1080 1087//1080
f 1086//1081 1087//1081 1026//1081
f 1026//1082 1087//1082 1088//1082
f 1026//1083 1088//1083 1044//1083
f 1048//1084 1089//1084 959//1084
f 959//1085 1089//1085 1090//1085
f 959//1086 1090//1086 960//1086
f 960//1087 1090//1087 1091//1087
f 960//1088 1091//1088 1064//1088
f 1064//1089 1091//1089 1092//1089
f 1064//1090 1092//1090 1093//1090
f 1094//1091 1095//1091 1023//1091
f 1070//1092 1073//1092 1023//1092
f 1023//1093 1073//1093 1096//1093
f 1023//1094 1096//1094 1094//1094
f 1097//1095 1098//1095 1099//1095
f 1098//1096 1100//1096 1099//1096
f 1099//1097 1100//1097 1101//1097
f 1099//1098 1101//1098 1073//1098
f 1073//1099 1101//1099 1102//1099
f 1073//1100 1102//1100 1096//1100
f 1095//1101 1103//1101 1023//1101
f 1023//1102 1103//1102 1104//1102
f 1023//1103 1104//1103 1021//1103
f 1021//1104 1104//1104 1105//1104
f 1021//1105 1105//1105 1106//1105
f 1106//1106 1097//1106 1021//1106
f 1021//1107 1097//1107 1099//1107
f 1021//1108 1099//1108 963//1108
f 963//1109 1099//1109 1038//1109
f 963//1110 1038//1110 961//1110
f 961//1111 1038//1111 1032//1111
f 1025//1112 1036//1112 1026//1112
f 1026//1113 1036//1113 1038//1113
f 1026//1114 1038//1114 1086//1114
f 1086//1115 1038//1115 1099//1115
f 1086//1116 1099//1116 1107//1116
f 1107//1117 1099//1117 1073//1117
f 1107//1118 1073//1118 1108//1118
f 1108//1119 1073//1119 1076//1119
f 1108//1120 1076//1120 975//1120
f 975//1121 1076//1121 977//1121
f 975//1122 977//1122 978//1122
f 978//1123 977//1123 976//1123
f 1109//1124 1110//1124 977//1124
f 1111//1125 1112//1125 1010//1125
f 1012//1126 1007//1126 1010//1126
f 1010//1127 1007//1127 977//1127
f 1010//1128 977//1128 1111//1128
f 1111//1129 977//1129 1110//1129
f 1112//1130 1113//1130 1010//1130
f 1010//1131 1113//1131 1114//1131
f 1010//1132 1114//1132 1014//1132
f 1014//1133 1114//1133 1115//1133
f 1014//1134 1115//1134 1116//1134
f 1116//1135 1117//1135 1014//1135
f 1014//1136 1117//1136 1076//1136
f 1014//1137 1076//1137 1083//1137
f 1083//1138 1076//1138 1078//1138
f 1117//1139 1118//1139 1076//1139
f 1076//1140 1118//1140 1119//1140
f 1076//1141 1119//1141 977//1141
f 977//1142 1119//1142 1120//1142
f 977//1143 1120//1143 1109//1143
f 1121//1144 1122//1144 991//1144
f 1123//1145 1124//1145 972//1145
f 972//1146 1124//1146 975//1146
f 972//1147 975//1147 970//1147
f 970//1148 975//1148 974//1148
f 1125//1149 965//1149 1126//1149
f 1126//1150 965//1150 991//1150
f 1126//1151 991//1151 1127//1151
f 1127//1152 991//1152 1122//1152
f 1125//1153 1128//1153 965//1153
f 965//1154 1128//1154 1129//1154
f 965//1155 1129//1155 972//1155
f 972//1156 1129//1156 1130//1156
f 972//1157 1130//1157 1123//1157
f 1124//1158 1131//1158 975//1158
f 975//1159 1131//1159 1132//1159
f 975//1160 1132//1160 1133//1160
f 1093//1161 1084//1161 1064//1161
f 1064//1162 1084//1162 1086//1162
f 1064//1163 1086//1163 1051//1163
f 1051//1164 1086//1164 1107//1164
f 1051//1165 1107//1165 996//1165
f 996//1166 1107//1166 1108//1166
f 996//1167 1108//1167 991//1167
f 991//1168 1108//1168 975//1168
f 991//1169 975//1169 1121//1169
f 1121//1170 975//1170 1133//1170
f 1134//1171 1135//1172 1136//1173
f 1136//1173 1135//1172 1137//1174
f 1137//1174 1138//1175 1136//1173
f 1136//1173 1138//1175 1139//1176
f 1136//1173 1139//1176 1140//1177
f 1139//1176 1141//1178 1140//1177
f 1140//1177 1141//1178 1142//1179
f 1140//1177 1142//1179 1143//1180
f 1143//1180 1142//1179 1144//1181
f 1143//1180 1144//1181 1145//1182
f 1144//1181 1146//1183 1145//1182
f 1145//1182 1146//1183 1147//1184
f 1145//1182 1147//1184 1148//1185
f 1147//1184 1149//1186 1148//1185
f 1148//1185 1149//1186 1150//1187
f 1148//1185 1150//1187 1151//1188
f 1150//1187 1152//1189 1151//1188
f 1151//1188 1152//1189 1153//1190
f 1151//1188 1153//1190 1154//1191
f 1153//1190 1155//1192 1154//1191
f 1154//1191 1155//1192 1156//1193
f 1154//1191 1156//1193 1157//1194
f 1156//1193 1158//1195 1157//1194
f 1157//1194 1158//1195 1159//1196
f 1157//1194 1159//1196 1160//1197
f 1159//1196 1161//1198 1160//1197
f 1160//1197 1161//1198 1162//1199
f 1160//1197 1162//1199 1163//1200
f 1162//1199 1164//1201 1163//1200
f 1163//1200 1164//1201 1165//1202
f 1163//1200 1165//1202 1166//1203
f 1165//1202 1167//1204 1166//1203
f 1166//1203 1167//1204 1168//1205
f 1166//1203 1168//1205 1169//1206
f 1168//1205 1170//1207 1169//1206
f 1169//1206 1170//1207 1171//1208
f 1169//1206 1171//1208 1172//1209
f 1171//1208 1173//1210 1172//1209
f 1172//1209 1173//1210 1174//1211
f 1172//1209 1174//1211 1175//1212
f 1174//1211 1176//1213 1175//1212
f 1175//1212 1176//1213 1177//1214
f 1175//1212 1177//1214 1178//1215
f 1177//1214 1179//1216 1178//1215
f 1178//1215 1179//1216 1180//1217
f 1178//1215 1180//1217 1181//1218
f 1180//1217 1182//1219 1181//1218
f 1181//1218 1182//1219 1183//1220
f 1181//1218 1183//1220 1184//1221
f 1183//1220 1185//1222 1184//1221
f 1184//1221 1185//1222 1186//1223
f 1184//1221 1186//1223 1187//1224
f 1186//1223 1188//1225 1187//1224
f 1187//1224 1188//1225 1189//1226
f 1187//1224 1189//1226 1190//1227
f 1190//1227 1189//1226 1191//1228
f 1191//1228 1192//1229 1190//1227
f 1190//1227 1192//1229 1193//1230
f 1190//1227 1193//1230 1194//1231
f 1193//1230 1195//1232 1194//1231
f 1194//1231 1195//1232 1196//1233
f 1194//1231 1196//1233 1197//1234
f 1196//1233 1198//1235 1197//1234
f 1197//1234 1198//1235 1199//1236
f 1197//1234 1199//1236 1200//1237
f 1199//1236 1201//1238 1200//1237
f 1200//1237 1201//1238 1202//1239
f 1200//1237 1202//1239 1203//1240
f 1202//1239 1204//1241 1203//1240
f 1203//1240 1204//1241 1205//1242
f 1203//1240 1205//1242 1206//1243
f 1205//1242 1207//1244 1206//1243
f 1206//1243 1207//1244 1208//1245
f 1206//1243 1208//1245 1209//1246
f 1208//1245 1210//1247 1209//1246
f 1209//1246 1210//1247 1211//1248
f 1209//1246 1211//1248 1212//1249
f 1211//1248 1213//1250 1212//1249
f 1212//1249 1213//1250 1214//1251
f 1212//1249 1214//1251 1215//1252
f 1214//1251 1216//1253 1215//1252
f 1215//1252 1216//1253 1217//1254
f 1215//1252 1217//1254 1218//1255
f 1217//1254 1219//1256 1218//1255
f 1218//1255 1219//1256 1220//1257
f 1218//1255 1220//1257 1221//1258
f 1220//1257 1222//1259 1221//1258
f 1221//1258 1222//1259 1223//1260
f 1221//1258 1223//1260 1224//1261
f 1223//1260 1225//1262 1224//1261
f 1224//1261 1225//1262 1226//1263
f 1224//1261 1226//1263 1227//1264
f 1226//1263 1228//1265 1227//1264
f 1227//1264 1228//1265 1229//1266
f 1227//1264 1229//1266 1230//1267
f 1229//1266 1231//1268 1230//1267
f 1230//1267 1231//1268 1232//1269
f 1230//1267 1232//1269 1233//1270
f 1232//1269 1234//1271 1233//1270
f 1233//1270 1234//1271 1235//1272
f 1233//1270 1235//1272 1236//1273
f 1235//1272 1237//1274 1236//1273
f 1236//1273 1237//1274 1238//1275
f 1236//1273 1238//1275 1239//1276
f 1238//1275 1240//1277 1239//1276
f 1239//1276 1240//1277 1241//1278
f 1239//1276 1241//1278 1242//1279
f 1242//1279 1241//1278 1243//1280
f 1242//1279 1243//1280 1244//1281
f 1243//1280 1245//1282 1244//1281
f 1244//1281 1245//1282 1246//1283
f 1244//1281 1246//1283 1247//1284
f 1246//1283 1248//1285 1247//1284
f 1247//1284 1248//1285 1249//1286
f 1247//1284 1249//1286 1134//1171
f 1134//1171 1249//1286 1250//1287
f 1134//1171 1250//1287 1135//1172
f 1251//1288 1252//1289 1253//1290
f 1253//1290 1254//1291 1251//1288
f 1251//1288 1254//1291 1255//1292
f 1251//1288 1255//1292 1256//1293
f 1255//1292 1257//1294 1256//1293
f 1256//1293 1257//1294 1258//1295
f 1256//1293 1258//1295 1259//1296
f 1258//1295 1260//1297 1259//1296
f 1259//1296 1260//1297 1261//1298
f 1259//1296 1261//1298 1262//1299
f 1261//1298 1263//1300 1262//1299
f 1262//1299 1263//1300 1264//1301
f 1262//1299 1264//1301 1265//1302
f 1264//1301 1266//1303 1265//1302
f 1265//1302 1266//1303 1267//1304
f 1265//1302 1267//1304 1268//1305
f 1267//1304 1269//1306 1268//1305
f 1268//1305 1269//1306 1270//1307
f 1268//1305 1270//1307 1271//1308
f 1270//1307 1272//1309 1271//1308
f 1271//1308 1272//1309 1273//1310
f 1271//1308 1273//1310 1274//1311
f 1273//1310 1275//1312 1274//1311
f 1274//1311 1275//1312 1276//1313
f 1274//1311 1276//1313 1277//1314
f 1276//1313 1278//1315 1277//1314
f 1277//1314 1278//1315 1279//1316
f 1277//1314 1279//1316 1280//1317
f 1279//1316 1281//1318 1280//1317
f 1280//1317 1281//1318 1282//1319
f 1280//1317 1282//1319 1283//1320
f 1282//1319 1284//1321 1283//1320
f 1283//1320 1284//1321 1285//1322
f 1283//1320 1285//1322 1286//1323
f 1285//1322 1287//1324 1286//1323
f 1286//1323 1287//1324 1288//1325
f 1286//1323 1288//1325 1289//1326
f 1288//1325 1290//1327 1289//1326
f 1289//1326 1290//1327 1291//1328
f 1289//1326 1291//1328 1292//1329
f 1291//1328 1293//1330 1292//1329
f 1292//1329 1293//1330 1294//1331
f 1292//1329 1294//1331 1295//1332
f 1294//1331 1296//1333 1295//1332
f 1295//1332 1296//1333 1297//1334
f 1295//1332 1297//1334 1298//1335
f 1297//1334 1299//1336 1298//1335
f 1298//1335 1299//1336 1300//1337
f 1298//1335 1300//1337 1301//1338
f 1300//1337 1302//1339 1301//1338
f 1301//1338 1302//1339 1303//1340
f 1301//1338 1303//1340 1304//1341
f 1304//1341 1303//1340 1305//1342
f 1304//1341 1305//1342 1306//1343
f 1306//1343 1305//1342 1307//1344
f 1306//1343 1307//1344 1308//1345
f 1307//1344 1309//1346 1308//1345
f 1308//1345 1309//1346 1310//1347
f 1308//1345 1310//1347 1311//1348
f 1310//1347 1312//1349 1311//1348
f 1311//1348 1312//1349 1313//1350
f 1311//1348 1313//1350 1314//1351
f 1313//1350 1315//1352 1314//1351
f 1314//1351 1315//1352 1316//1353
f 1314//1351 1316//1353 1317//1354
f 1316//1353 1318//1355 1317//1354
f 1317//1354 1318//1355 1319//1356
f 1317//1354 1319//1356 1320//1357
f 1319//1356 1321//1358 1320//1357
f 1320//1357 1321//1358 1322//1359
f 1320//1357 1322//1359 1323//1360
f 1322//1359 1324//1361 1323//1360
f 1323//1360 1324//1361 1325//1362
f 1323//1360 1325//1362 1326//1363
f 1325//1362 1327//1364 1326//1363
f 1326//1363 1327//1364 1328//1365
f 1326//1363 1328//1365 1329//1366
f 1328//1365 1330//1367 1329//1366
f 1329//1366 1330//1367 1331//1368
f 1329//1366 1331//1368 1332//1369
f 1331//1368 1333//1370 1332//1369
f 1332//1369 1333//1370 1334//1371
f 1332//1369 1334//1371 1335//1372
f 1334//1371 1336//1373 1335//1372
f 1335//1372 1336//1373 1337//1374
f 1335//1372 1337//1374 1338//1375
f 1337//1374 1339//1376 1338//1375
f 1338//1375 1339//1376 1340//1377
f 1338//1375 1340//1377 1341//1378
f 1340//1377 1342//1379 1341//1378
f 1341//1378 1342//1379 1343//1380
f 1341//1378 1343//1380 1344//1381
f 1343//1380 1345//1382 1344//1381
f 1344//1381 1345//1382 1346//1383
f 1344//1381 1346//1383 1347//1384
f 1346//1383 1348//1385 1347//1384
f 1347//1384 1348//1385 1349//1386
f 1347//1384 1349//1386 1350//1387
f 1349//1386 1351//1388 1350//1387
f 1350//1387 1351//1388 1352//1389
f 1350//1387 1352//1389 1353//1390
f 1352//1389 1354//1391 1353//1390
f 1353//1390 1354//1391 1355//1392
f 1353//1390 1355//1392 1356//1393
f 1355//1392 1357//1394 1356//1393
f 1356//1393 1357//1394 1358//1395
f 1356//1393 1358//1395 1359//1396
f 1358//1395 1360//1397 1359//1396
f 1359//1396 1360//1397 1361//1398
f 1359//1396 1361//1398 1252//1289
f 1252//1289 1361//1398 1362//1399
f 1252//1289 1362//1399 1253//1290
f 1363//1400 1364//1400 1365//1400
f 1366//1401 1367//1401 1368//1401
f 1369//1402 1370//1402 1371//1402
f 1372//1403 1373//1403 1374//1403
f 1375//1404 1376//1404 1377//1404
f 1377//1405 1376//1405 1378//1405
f 1377//1406 1378//1406 1374//1406
f 1374//1407 1378//1407 1379//1407
f 1374//1408 1379//1408 1372//1408
f 1380//1409 1381//1409 1382//1409
f 1382//1410 1381//1410 1383//1410
f 1382//1411 1383//1411 1384//1411
f 1383//1412 1385//1412 1384//1412
f 1384//1413 1385//1413 1386//1413
f 1384//1414 1386//1414 1387//1414
f 1387//1415 1386//1415 1388//1415
f 1387//1416 1388//1416 1389//1416
f 1390//1417 1391//1417 1364//1417
f 1364//1418 1391//1418 1392//1418
f 1392//1419 1393//1419 1364//1419
f 1364//1420 1393//1420 1394//1420
f 1364//1421 1394//1421 1365//1421
f 1365//1422 1394//1422 1395//1422
f 1365//1423 1395//1423 1396//1423
f 1397//1424 1398//1424 1399//1424
f 1399//1425 1398//1425 1400//1425
f 1399//1426 1400//1426 1401//1426
f 1402//1427 1403//1427 1404//1427
f 1404//1428 1403//1428 1405//1428
f 1404//1429 1405//1429 1390//1429
f 1390//1430 1405//1430 1406//1430
f 1390//1431 1406//1431 1391//1431
f 1400//1432 1407//1432 1401//1432
f 1401//1433 1407//1433 1408//1433
f 1401//1434 1408//1434 1404//1434
f 1404//1435 1408//1435 1409//1435
f 1404//1436 1409//1436 1402//1436
f 1410//1437 1411//1437 1412//1437
f 1410//1438 1412//1438 1413//1438
f 1411//1439 1410//1439 1414//1439
f 1414//1440 1410//1440 1415//1440
f 1414//1441 1415//1441 1416//1441
f 1417//1442 1418//1442 1419//1442
f 1419//1443 1418//1443 1420//1443
f 1419//1444 1420//1444 1416//1444
f 1412//1445 1421//1445 1413//1445
f 1413//1446 1421//1446 1422//1446
f 1413//1447 1422//1447 1423//1447
f 1423//1448 1422//1448 1424//1448
f 1423//1449 1424//1449 1425//1449
f 1425//1450 1424//1450 1426//1450
f 1425//1451 1426//1451 1427//1451
f 1427//1452 1426//1452 1428//1452
f 1427//1453 1428//1453 1429//1453
f 1429//1454 1428//1454 1430//1454
f 1429//1455 1430//1455 1431//1455
f 1432//1456 1433//1456 1434//1456
f 1434//1457 1433//1457 1435//1457
f 1434//1458 1435//1458 1417//1458
f 1417//1459 1435//1459 1436//1459
f 1417//1460 1436//1460 1418//1460
f 1437//1461 1438//1461 1439//1461
f 1439//1462 1440//1462 1437//1462
f 1437//1463 1440//1463 1441//1463
f 1437//1464 1441//1464 1442//1464
f 1442//1465 1441//1465 1443//1465
f 1438//1466 1437//1466 1444//1466
f 1444//1467 1437//1467 1399//1467
f 1444//1468 1399//1468 1445//1468
f 1445//1469 1399//1469 1401//1469
f 1445//1470 1401//1470 1446//1470
f 1447//1471 1374//1471 1448//1471
f 1448//1472 1374//1472 1449//1472
f 1448//1473 1449//1473 1450//1473
f 1451//1474 1452//1474 1453//1474
f 1453//1475 1452//1475 1454//1475
f 1453//1476 1454//1476 1449//1476
f 1449//1477 1454//1477 1455//1477
f 1449//1478 1455//1478 1450//1478
f 1456//1479 1457//1479 1453//1479
f 1453//1480 1457//1480 1458//1480
f 1453//1481 1458//1481 1451//1481
f 1443//1482 1459//1482 1442//1482
f 1442//1483 1459//1483 1460//1483
f 1442//1484 1460//1484 1419//1484
f 1461//1485 1417//1485 1462//1485
f 1462//1486 1417//1486 1419//1486
f 1462//1487 1419//1487 1463//1487
f 1463//1488 1419//1488 1460//1488
f 1464//1489 1465//1489 1466//1489
f 1466//1490 1465//1490 1467//1490
f 1466//1491 1467//1491 1468//1491
f 1468//1492 1467//1492 1469//1492
f 1470//1493 1471//1493 1472//1493
f 1472//1494 1471//1494 1473//1494
f 1474//1495 1475//1495 1476//1495
f 1476//1496 1475//1496 1477//1496
f 1475//1497 1478//1497 1477//1497
f 1477//1498 1478//1498 1479//1498
f 1477//1499 1479//1499 1480//1499
f 1480//1500 1479//1500 1481//1500
f 1480//1501 1481//1501 1473//1501
f 1473//1502 1481//1502 1482//1502
f 1473//1503 1482//1503 1472//1503
f 1413//1504 1483//1504 1410//1504
f 1410//1505 1483//1505 1484//1505
f 1410//1506 1484//1506 1415//1506
f 1415//1507 1484//1507 1471//1507
f 1415//1508 1471//1508 1467//1508
f 1467//1509 1471//1509 1470//1509
f 1467//1510 1470//1510 1469//1510
f 1370//1511 1485//1511 1486//1511
f 1486//1512 1487//1512 1370//1512
f 1370//1513 1487//1513 1488//1513
f 1370//1514 1488//1514 1371//1514
f 1371//1515 1488//1515 1489//1515
f 1371//1516 1489//1516 1490//1516
f 1490//1517 1491//1517 1492//1517
f 1492//1518 1491//1518 1493//1518
f 1492//1519 1493//1519 1494//1519
f 1494//1520 1495//1520 1492//1520
f 1492//1521 1495//1521 1496//1521
f 1492//1522 1496//1522 1431//1522
f 1495//1523 1497//1523 1496//1523
f 1496//1524 1497//1524 1498//1524
f 1496//1525 1498//1525 1485//1525
f 1485//1526 1498//1526 1499//1526
f 1485//1527 1499//1527 1486//1527
f 1369//1528 1371//1528 1500//1528
f 1500//1529 1371//1529 1501//1529
f 1500//1530 1501//1530 1502//1530
f 1503//1531 1504//1531 1505//1531
f 1503//1532 1505//1532 1367//1532
f 1367//1533 1505//1533 1506//1533
f 1367//1534 1506//1534 1368//1534
f 1504//1535 1503//1535 1507//1535
f 1507//1536 1503//1536 1508//1536
f 1507//1537 1508//1537 1382//1537
f 1387//1538 1509//1538 1384//1538
f 1384//1539 1509//1539 1510//1539
f 1384//1540 1510//1540 1382//1540
f 1382//1541 1510//1541 1511//1541
f 1382//1542 1511//1542 1507//1542
f 1512//1543 1513//1543 1404//1543
f 1404//1544 1513//1544 1389//1544
f 1364//1545 1514//1545 1390//1545
f 1390//1546 1514//1546 1515//1546
f 1390//1547 1515//1547 1404//1547
f 1404//1548 1515//1548 1516//1548
f 1404//1549 1516//1549 1512//1549
f 1464//1550 1474//1550 1465//1550
f 1465//1551 1474//1551 1476//1551
f 1465//1552 1476//1552 1365//1552
f 1365//1553 1476//1553 1517//1553
f 1365//1554 1517//1554 1363//1554
f 1388//1555 1375//1555 1389//1555
f 1389//1556 1375//1556 1377//1556
f 1389//1557 1377//1557 1404//1557
f 1404//1558 1377//1558 1374//1558
f 1404//1559 1374//1559 1401//1559
f 1401//1560 1374//1560 1447//1560
f 1401//1561 1447//1561 1446//1561
f 1518//1562 1519//1562 1367//1562
f 1520//1563 1503//1563 1521//1563
f 1521//1564 1503//1564 1367//1564
f 1521//1565 1367//1565 1522//1565
f 1522//1566 1367//1566 1519//1566
f 1523//1567 1524//1567 1525//1567
f 1526//1568 1527//1568 1508//1568
f 1520//1569 1528//1569 1503//1569
f 1503//1570 1528//1570 1529//1570
f 1503//1571 1529//1571 1508//1571
f 1508//1572 1529//1572 1530//1572
f 1508//1573 1530//1573 1526//1573
f 1523//1574 1525//1574 1531//1574
f 1502//1575 1501//1575 1366//1575
f 1366//1576 1501//1576 1525//1576
f 1366//1577 1525//1577 1367//1577
f 1367//1578 1525//1578 1524//1578
f 1367//1579 1524//1579 1518//1579
f 1527//1580 1532//1580 1508//1580
f 1508//1581 1532//1581 1533//1581
f 1508//1582 1533//1582 1525//1582
f 1525//1583 1533//1583 1534//1583
f 1525//1584 1534//1584 1531//1584
f 1416//1585 1415//1585 1419//1585
f 1419//1586 1415//1586 1467//1586
f 1419//1587 1467//1587 1442//1587
f 1442//1588 1467//1588 1465//1588
f 1442//1589 1465//1589 1437//1589
f 1437//1590 1465//1590 1365//1590
f 1437//1591 1365//1591 1399//1591
f 1399//1592 1365//1592 1396//1592
f 1399//1593 1396//1593 1397//1593
f 1430//1594 1432//1594 1431//1594
f 1431//1595 1432//1595 1434//1595
f 1431//1596 1434//1596 1492//1596
f 1492//1597 1434//1597 1417//1597
f 1492//1598 1417//1598 1456//1598
f 1456//1599 1417//1599 1461//1599
f 1456//1600 1461//1600 1457//1600
f 1490//1601 1492//1601 1371//1601
f 1371//1602 1492//1602 1456//1602
f 1371//1603 1456//1603 1501//1603
f 1501//1604 1456//1604 1453//1604
f 1501//1605 1453//1605 1525//1605
f 1525//1606 1453//1606 1449//1606
f 1525//1607 1449//1607 1508//1607
f 1508//1608 1449//1608 1374//1608
f 1508//1609 1374//1609 1382//1609
f 1382//1610 1374//1610 1373//1610
f 1382//1611 1373//1611 1380//1611
f 1535//1612 1536//1613 1537//1614
f 1535//1612 1538//1615 1536//1613
f 1536//1613 1538//1615 1539//1616
f 1536//1613 1539//1616 1540//1617
f 1539//1616 1541//1618 1540//1617
f 1540//1617 1541//1618 1542//1619
f 1540//1617 1542//1619 1543//1620
f 1542//1619 1544//1621 1543//1620
f 1543//1620 1544//1621 1545//1622
f 1543//1620 1545//1622 1546//1623
f 1545//1622 1547//1624 1546//1623
f 1546//1623 1547//1624 1548//1625
f 1546//1623 1548//1625 1549//1626
f 1548//1625 1550//1627 1549//1626
f 1549//1626 1550//1627 1551//1628
f 1549//1626 1551//1628 1552//1629
f 1551//1628 1553//1630 1552//1629
f 1552//1629 1553//1630 1554//1631
f 1552//1629 1554//1631 1555//1632
f 1554//1631 1556//1633 1555//1632
f 1555//1632 1556//1633 1557//1634
f 1555//1632 1557//1634 1558//1635
f 1557//1634 1559//1636 1558//1635
f 1558//1635 1559//1636 1560//1637
f 1558//1635 1560//1637 1561//1638
f 1560//1637 1562//1639 1561//1638
f 1561//1638 1562//1639 1563//1640
f 1561//1638 1563//1640 1564//1641
f 1563//1640 1565//1642 1564//1641
f 1564//1641 1565//1642 1566//1643
f 1564//1641 1566//1643 1567//1644
f 1566//1643 1568//1645 1567//1644
f 1567//1644 1568//1645 1569//1646
f 1567//1644 1569//1646 1570//1647
f 1569//1646 1571//1648 1570//1647
f 1570//1647 1571//1648 1572//1649
f 1570//1647 1572//1649 1573//1650
f 1572//1649 1574//1651 1573//1650
f 1573//1650 1574//1651 1575//1652
f 1573//1650 1575//1652 1576//1653
f 1575//1652 1577//1654 1576//1653
f 1576//1653 1577//1654 1578//1655
f 1576//1653 1578//1655 1579//1656
f 1578//1655 1580//1657 1579//1656
f 1579//1656 1580//1657 1581//1658
f 1579//1656 1581//1658 1582//1659
f 1581//1658 1583//1660 1582//1659
f 1582//1659 1583//1660 1584//1661
f 1582//1659 1584//1661 1585//1662
f 1584//1661 1586//1663 1585//1662
f 1585//1662 1586//1663 1587//1664
f 1585//1662 1587//1664 1588//1665
f 1587//1664 1589//1666 1588//1665
f 1588//1665 1589//1666 1590//1667
f 1588//1665 1590//1667 1591//1668
f 1590//1667 1592//1669 1591//1668
f 1591//1668 1592//1669 1593//1670
f 1591//1668 1593//1670 1594//1671
f 1593//1670 1595//1672 1594//1671
f 1594//1671 1595//1672 1596//1673
f 1594//1671 1596//1673 1537//1614
f 1537//1614 1596//1673 1597//1674
f 1537//1614 1597//1674 1535//1612
f 1598//1675 1599//1675 1600//1675
f 1600//1676 1599//1676 1601//1676
f 1600//1677 1602//1677 1603//1677
f 1603//1678 1602//1678 1604//1678
f 1603//1679 1605//1679 1606//1679
f 1606//1680 1605//1680 1607//1680
f 1606//1681 1608//1681 1609//1681
f 1609//1682 1608//1682 1610//1682
f 1609//1683 1611//1683 1612//1683
f 1612//1684 1611//1684 1613//1684
f 1612//1685 1614//1685 1615//1685
f 1615//1686 1614//1686 1616//1686
f 1615//1687 1617//1687 1618//1687
f 1618//1688 1617//1688 1619//1688
f 1618//1689 1620//1689 1621//1689
f 1621//1690 1620//1690 1622//1690
f 1621//1691 1623//1691 1624//1691
f 1623//1692 1625//1692 1624//1692
f 1624//1693 1625//1693 1626//1693
f 1624//1694 1627//1694 1628//1694
f 1628//1695 1627//1695 1629//1695
f 1628//1696 1630//1696 1631//1696
f 1631//1697 1630//1697 1632//1697
f 1631//1698 1633//1698 1634//1698
f 1634//1699 1633//1699 1635//1699
f 1634//1700 1636//1700 1637//1700
f 1637//1701 1636//1701 1638//1701
f 1637//1702 1638//1702 1639//1702
f 1639//1703 1638//1703 1640//1703
f 1639//1704 1640//1704 1641//1704
f 1641//1705 1640//1705 1642//1705
f 1641//1706 1642//1706 1643//1706
f 1643//1707 1642//1707 1644//1707
f 1643//1708 1645//1708 1646//1708
f 1646//1709 1645//1709 1647//1709
f 1646//1710 1648//1710 1649//1710
f 1649//1711 1648//1711 1650//1711
f 1649//1712 1650//1712 1598//1712
f 1598//1713 1651//1713 1652//1713
f 1598//1714 1652//1714 1653//1714
f 1654//1715 1655//1716 1656//1717
f 1656//1717 1657//1718 1654//1715
f 1654//1715 1657//1718 1658//1719
f 1654//1715 1658//1719 1659//1720
f 1658//1719 1660//1721 1659//1720
f 1659//1720 1660//1721 1661//1722
f 1659//1720 1661//1722 1662//1723
f 1661//1722 1663//1724 1662//1723
f 1662//1723 1663//1724 1664//1725
f 1662//1723 1664//1725 1665//1726
f 1664//1725 1666//1727 1665//1726
f 1665//1726 1666//1727 1667//1728
f 1665//1726 1667//1728 1668//1729
f 1667//1728 1669//1730 1668//1729
f 1668//1729 1669//1730 1670//1731
f 1668//1729 1670//1731 1671//1732
f 1670//1731 1672//1733 1671//1732
f 1671//1732 1672//1733 1673//1734
f 1671//1732 1673//1734 1674//1735
f 1673//1734 1675//1736 1674//1735
f 1674//1735 1675//1736 1676//1737
f 1674//1735 1676//1737 1677//1738
f 1676//1737 1678//1739 1677//1738
f 1677//1738 1678//1739 1679//1740
f 1677//1738 1679//1740 1680//1741
f 1679//1740 1681//1742 1680//1741
f 1680//1741 1681//1742 1682//1743
f 1680//1741 1682//1743 1683//1744
f 1683//1744 1682//1743 1684//1745
f 1683//1744 1684//1745 1685//1746
f 1684//1745 1686//1747 1685//1746
f 1685//1746 1686//1747 1687//1748
f 1685//1746 1687//1748 1688//1749
f 1687//1748 1689//1750 1688//1749
f 1688//1749 1689//1750 1690//1751
f 1688//1749 1690//1751 1691//1752
f 1690//1751 1692//1753 1691//1752
f 1691//1752 1692//1753 1693//1754
f 1691//1752 1693//1754 1694//1755
f 1693//1754 1695//1756 1694//1755
f 1694//1755 1695//1756 1696//1757
f 1694//1755 1696//1757 1697//1758
f 1696//1757 1698//1759 1697//1758
f 1697//1758 1698//1759 1699//1760
f 1697//1758 1699//1760 1700//1761
f 1699//1760 1701//1762 1700//1761
f 1700//1761 1701//1762 1702//1763
f 1700//1761 1702//1763 1703//1764
f 1702//1763 1704//1765 1703//1764
f 1703//1764 1704//1765 1705//1766
f 1703//1764 1705//1766 1706//1767
f 1705//1766 1707//1768 1706//1767
f 1708//1769 1707//1770 1709//1771
f 1708//1769 1709//1771 1710//1772
f 1709//1771 1711//1773 1710//1772
f 1710//1772 1711//1773 1712//1774
f 1710//1772 1712//1774 1713//1775
f 1712//1774 1714//1776 1713//1775
f 1713//1775 1714//1776 1715//1777
f 1713//1775 1715//1777 1716//1778
f 1716//1778 1715//1777 1717//1779
f 1716//1778 1717//1779 1655//1716
f 1655//1716 1717//1779 1718//1780
f 1655//1716 1718//1780 1656//1717
f 1719//1781 1720//1782 1721//1783
f 1719//1781 1722//1784 1720//1782
f 1720//1782 1722//1784 1723//1785
f 1720//1782 1723//1785 1724//1786
f 1723//1785 1725//1787 1724//1786
f 1724//1786 1725//1787 1726//1788
f 1724//1786 1726//1788 1727//1789
f 1726//1788 1728//1790 1727//1789
f 1727//1789 1728//1790 1729//1791
f 1727//1789 1729//1791 1730//1792
f 1729//1791 1731//1793 1730//1792
f 1730//1792 1731//1793 1732//1794
f 1730//1792 1732//1794 1733//1795
f 1732//1794 1734//1796 1733//1795
f 1733//1795 1734//1796 1735//1797
f 1733//1795 1735//1797 1736//1798
f 1735//1797 1737//1799 1736//1798
f 1736//1798 1737//1799 1738//1800
f 1736//1798 1738//1800 1739//1801
f 1738//1800 1740//1802 1739//1801
f 1739//1801 1740//1802 1741//1803
f 1739//1801 1741//1803 1742//1804
f 1741//1803 1743//1805 1742//1804
f 1742//1804 1743//1805 1744//1806
f 1742//1804 1744//1806 1745//1807
f 1744//1806 1746//1808 1745//1807
f 1745//1807 1746//1808 1747//1809
f 1745//1807 1747//1809 1748//1810
f 1747//1809 1749//1811 1748//1810
f 1748//1810 1749//1811 1750//1812
f 1748//1810 1750//1812 1751//1813
f 1750//1812 1752//1814 1751//1813
f 1751//1813 1752//1814 1753//1815
f 1751//1813 1753//1815 1754//1816
f 1753//1815 1755//1817 1754//1816
f 1754//1816 1755//1817 1756//1818
f 1754//1816 1756//1818 1757//1819
f 1756//1818 1758//1820 1757//1819
f 1757//1819 1758//1820 1759//1821
f 1757//1819 1759//1821 1760//1822
f 1760//1822 1759//1821 1761//1823
f 1721//1783 1762//1824 1719//1781
f 1763//1825 1764//1825 1765//1825
f 1765//1826 1764//1826 1766//1826
f 1765//1827 1767//1827 1768//1827
f 1768//1828 1767//1828 1769//1828
f 1768//1829 1770//1829 1771//1829
f 1771//1830 1770//1830 1772//1830
f 1771//1831 1773//1831 1774//1831
f 1774//1832 1773//1832 1775//1832
f 1774//1833 1776//1833 1777//1833
f 1777//1834 1776//1834 1778//1834
f 1777//1835 1779//1835 1780//1835
f 1780//1836 1779//1836 1781//1836
f 1780//1837 1781//1837 1782//1837
f 1782//1838 1781//1838 1783//1838
f 1782//1839 1783//1839 1784//1839
f 1784//1840 1783//1840 1785//1840
f 1784//1841 1785//1841 1786//1841
f 1786//1842 1785//1842 1787//1842
f 1786//1843 1788//1843 1789//1843
f 1789//1844 1788//1844 1790//1844
f 1789//1845 1791//1845 1792//1845
f 1792//1846 1791//1846 1793//1846
f 1792//1847 1794//1847 1795//1847
f 1795//1848 1794//1848 1796//1848
f 1795//1849 1797//1849 1798//1849
f 1798//1850 1797//1850 1763//1850
f 1798//1851 1763//1851 1765//1851
f 1799//1852 1800//1853 1801//1854
f 1799//1852 1802//1855 1800//1853
f 1800//1853 1802//1855 1803//1856
f 1800//1853 1803//1856 1804//1857
f 1803//1856 1805//1858 1804//1857
f 1804//1857 1805//1858 1806//1859
f 1804//1857 1806//1859 1807//1860
f 1806//1859 1808//1861 1807//1860
f 1807//1860 1808//1861 1809//1862
f 1807//1860 1809//1862 1810//1863
f 1809//1862 1811//1864 1810//1863
f 1810//1863 1811//1864 1812//1865
f 1810//1863 1812//1865 1813//1866
f 1812//1865 1814//1867 1813//1866
f 1813//1866 1814//1867 1815//1868
f 1813//1866 1815//1868 1816//1869
f 1815//1868 1817//1870 1816//1869
f 1816//1869 1817//1870 1818//1871
f 1816//1869 1818//1871 1819//1872
f 1818//1871 1820//1873 1819//1872
f 1819//1872 1820//1873 1821//1874
f 1819//1872 1821//1874 1822//1875
f 1821//1874 1823//1876 1822//1875
f 1822//1875 1823//1876 1824//1877
f 1822//1875 1824//1877 1825//1878
f 1824//1877 1826//1879 1825//1878
f 1825//1878 1826//1879 1827//1880
f 1825//1878 1827//1880 1828//1881
f 1827//1880 1829//1882 1828//1881
f 1828//1881 1829//1882 1830//1883
f 1828//1881 1830//1883 1831//1884
f 1830//1883 1832//1885 1831//1884
f 1831//1884 1832//1885 1833//1886
f 1831//1884 1833//1886 1834//1887
f 1833//1886 1835//1888 1834//1887
f 1834//1887 1835//1888 1836//1889
f 1834//1887 1836//1889 1837//1890
f 1836//1889 1838//1891 1837//1890
f 1837//1890 1838//1891 1839//1892
f 1837//1890 1839//1892 1840//1893
f 1840//1893 1839//1892 1841//1894
f 1801//1854 1842//1895 1799//1852
f 1843//1896 1844//1896 1845//1896
f 1845//1897 1844//1897 1846//1897
f 1845//1898 1847//1898 1848//1898
f 1848//1899 1847//1899 1849//1899
f 1848//1900 1850//1900 1851//1900
f 1851//1901 1850//1901 1852//1901
f 1851//1902 1853//1902 1854//1902
f 1854//1903 1853//1903 1855//1903
f 1854//1904 1856//1904 1857//1904
f 1857//1905 1856//1905 1858//1905
f 1857//1906 1859//1906 1860//1906
f 1860//1907 1859//1907 1861//1907
f 1860//1908 1862//1908 1863//1908
f 1863//1909 1862//1909 1864//1909
f 1863//1910 1864//1910 1865//1910
f 1865//1911 1864//1911 1866//1911
f 1865//1912 1866//1912 1867//1912
f 1867//1913 1866//1913 1868//1913
f 1867//1914 1868//1914 1869//1914
f 1869//1915 1868//1915 1870//1915
f 1869//1916 1871//1916 1872//1916
f 1872//1917 1871//1917 1873//1917
f 1872//1918 1874//1918 1875//1918
f 1875//1919 1874//1919 1876//1919
f 1875//1920 1877//1920 1878//1920
f 1878//1921 1877//1921 1843//1921
f 1878//1922 1843//1922 1845//1922
f 1879//1923 1880//1924 1881//1925
f 1879//1923 1882//1926 1880//1924
f 1880//1924 1882//1926 1883//1927
f 1880//1924 1883//1927 1884//1928
f 1883//1927 1885//1929 1884//1928
f 1884//1928 1885//1929 1886//1930
f 1884//1928 1886//1930 1887//1931
f 1886//1930 1888//1932 1887//1931
f 1887//1931 1888//1932 1889//1933
f 1887//1931 1889//1933 1890//1934
f 1889//1933 1891//1935 1890//1934
f 1890//1934 1891//1935 1892//1936
f 1890//1934 1892//1936 1893//1937
f 1892//1936 1894//1938 1893//1937
f 1893//1937 1894//1938 1895//1939
f 1893//1937 1895//1939 1896//1940
f 1895//1939 1897//1941 1896//1940
f 1896//1940 1897//1941 1898//1942
f 1896//1940 1898//1942 1899//1943
f 1898//1942 1900//1944 1899//1943
f 1899//1943 1900//1944 1901//1945
f 1899//1943 1901//1945 1902//1946
f 1901//1945 1903//1947 1902//1946
f 1902//1946 1903//1947 1904//1948
f 1902//1946 1904//1948 1905//1949
f 1904//1948 1906//1950 1905//1949
f 1905//1949 1906//1950 1907//1951
f 1905//1949 1907//1951 1908//1952
f 1907//1951 1909//1953 1908//1952
f 1908//1952 1909//1953 1910//1954
f 1908//1952 1910//1954 1911//1955
f 1910//1954 1912//1956 1911//1955
f 1911//1955 1912//1956 1913//1957
f 1911//1955 1913//1957 1914//1958
f 1913//1957 1915//1959 1914//1958
f 1914//1958 1915//1959 1916//1960
f 1914//1958 1916//1960 1917//1961
f 1916//1960 1918//1962 1917//1961
f 1917//1961 1918//1962 1919//1963
f 1917//1961 1919//1963 1920//1964
f 1920//1964 1919//1963 1921//1965
f 1881//1925 1922//1966 1879//1923
f 1923//1967 1924//1967 1925//1967
f 1925//1968 1924//1968 1926//1968
f 1925//1969 1927//1969 1928//1969
f 1928//1970 1927//1970 1929//1970
f 1928//1971 1930//1971 1931//1971
f 1931//1972 1930//1972 1932//1972
f 1931//1973 1933//1973 1934//1973
f 1934//1974 1933//1974 1935//1974
f 1934//1975 1936//1975 1937//1975
f 1937//1976 1936//1976 1938//1976
f 1937//1977 1938//1977 1939//1977
f 1939//1978 1938//1978 1940//1978
f 1939//1979 1940//1979 1941//1979
f 1941//1980 1940//1980 1942//1980
f 1941//1981 1942//1981 1943//1981
f 1943//1982 1942//1982 1944//1982
f 1943//1983 1945//1983 1946//1983
f 1946//1984 1945//1984 1947//1984
f 1946//1985 1948//1985 1949//1985
f 1949//1986 1948//1986 1950//1986
f 1949//1987 1951//1987 1952//1987
f 1952//1988 1951//1988 1953//1988
f 1952//1989 1954//1989 1955//1989
f 1955//1990 1954//1990 1956//1990
f 1955//1991 1956//1991 1923//1991
f 1923//1992 1957//1992 1958//1992
f 1923//1993 1958//1993 1959//1993
f 1960//1994 1961//1995 1962//1996
f 1962//1996 1963//1997 1960//1994
f 1960//1994 1963//1997 1964//1998
f 1960//1994 1964//1998 1965//1999
f 1964//1998 1966//2000 1965//1999
f 1965//1999 1966//2000 1967//2001
f 1965//1999 1967//2001 1968//2002
f 1967//2001 1969//2003 1968//2002
f 1968//2002 1969//2003 1970//2004
f 1968//2002 1970//2004 1971//2005
f 1970//2004 1972//2006 1971//2005
f 1971//2005 1972//2006 1973//2007
f 1971//2005 1973//2007 1974//2008
f 1973//2007 1975//2009 1974//2008
f 1974//2008 1975//2009 1976//2010
f 1974//2008 1976//2010 1977//2011
f 1977//2011 1976//2010 1978//2012
f 1977//2011 1978//2012 1979//2013
f 1979//2013 1978//2012 1980//2014
f 1979//2013 1980//2014 1981//2015
f 1981//2015 1980//2014 1982//2016
f 1981//2015 1982//2016 1983//2017
f 1982//2016 1984//2018 1983//2017
f 1983//2017 1984//2018 1985//2019
f 1983//2017 1985//2019 1986//2020
f 1985//2019 1987//2021 1986//2020
f 1986//2020 1987//2021 1988//2022
f 1986//2020 1988//2022 1989//2023
f 1988//2022 1990//2024 1989//2023
f 1989//2023 1990//2024 1991//2025
f 1989//2023 1991//2025 1992//2026
f 1991//2025 1993//2027 1992//2026
f 1992//2026 1993//2027 1994//2028
f 1992//2026 1994//2028 1995//2029
f 1994//2028 1996//2030 1995//2029
f 1995//2029 1996//2030 1997//2031
f 1995//2029 1997//2031 1998//2032
f 1997//2031 1999//2033 1998//2032
f 1998//2032 1999//2033 2000//2034
f 1998//2032 2000//2034 2001//2035
f 2001//2035 2000//2034 2002//2036
f 2001//2035 2002//2036 1961//1995
f 1961//1995 2002//2036 2003//2037
f 1961//1995 2003//2037 1962//1996
f 2004//2038 2005//2039 2006//2040
f 2006//2040 2007//2041 2004//2038
f 2004//2038 2007//2041 2008//2042
f 2004//2038 2008//2042 2009//2043
f 2008//2042 2010//2044 2009//2043
f 2009//2043 2010//2044 2011//2045
f 2009//2043 2011//2045 2012//2046
f 2011//2045 2013//2047 2012//2046
f 2012//2046 2013//2047 2014//2048
f 2012//2046 2014//2048 2015//2049
f 2014//2048 2016//2050 2015//2049
f 2015//2049 2016//2050 2017//2051
f 2015//2049 2017//2051 2018//2052
f 2017//2051 2019//2053 2018//2052
f 2018//2052 2019//2053 2020//2054
f 2018//2052 2020//2054 2021//2055
f 2021//2055 2020//2054 2022//2056
f 2021//2055 2022//2056 2023//2057
f 2023//2057 2022//2056 2024//2058
f 2023//2057 2024//2058 2025//2059
f 2025//2059 2024//2058 2026//2060
f 2025//2059 2026//2060 2027//2061
f 2026//2060 2028//2062 2027//2061
f 2027//2061 2028//2062 2029//2063
f 2027//2061 2029//2063 2030//2064
f 2029//2063 2031//2065 2030//2064
f 2030//2064 2031//2065 2032//2066
f 2030//2064 2032//2066 2033//2067
f 2032//2066 2034//2068 2033//2067
f 2033//2067 2034//2068 2035//2069
f 2033//2067 2035//2069 2036//2070
f 2035//2069 2037//2071 2036//2070
f 2036//2070 2037//2071 2038//2072
f 2036//2070 2038//2072 2039//2073
f 2038//2072 2040//2074 2039//2073
f 2039//2073 2040//2074 2041//2075
f 2039//2073 2041//2075 2042//2076
f 2041//2075 2043//2077 2042//2076
f 2042//2076 2043//2077 2044//2078
f 2042//2076 2044//2078 2045//2079
f 2046//2080 2044//2081 2047//2082
f 2046//2080 2047//2082 2005//2039
f 2005//2039 2047//2082 2048//2083
f 2005//2039 2048//2083 2006//2040
f 2049//2084 2050//2085 2051//2086
f 2051//2086 2052//2087 2049//2084
f 2049//2084 2052//2087 2053//2088
f 2049//2084 2053//2088 2054//2089
f 2053//2088 2055//2090 2054//2089
f 2054//2089 2055//2090 2056//2091
f 2054//2089 2056//2091 2057//2092
f 2056//2091 2058//2093 2057//2092
f 2059//2094 2058//2095 2060//2096
f 2059//2094 2060//2096 2061//2097
f 2060//2096 2062//2098 2061//2097
f 2061//2097 2062//2098 2063//2099
f 2061//2097 2063//2099 2064//2100
f 2063//2099 2065//2101 2064//2100
f 2064//2100 2065//2101 2066//2102
f 2064//2100 2066//2102 2067//2103
f 2067//2103 2066//2102 2068//2104
f 2067//2103 2068//2104 2069//2105
f 2069//2105 2068//2104 2070//2106
f 2069//2105 2070//2106 2071//2107
f 2071//2107 2070//2106 2072//2108
f 2071//2107 2072//2108 2073//2109
f 2072//2108 2074//2110 2073//2109
f 2073//2109 2074//2110 2075//2111
f 2073//2109 2075//2111 2076//2112
f 2075//2111 2077//2113 2076//2112
f 2076//2112 2077//2113 2078//2114
f 2076//2112 2078//2114 2079//2115
f 2078//2114 2080//2116 2079//2115
f 2079//2115 2080//2116 2081//2117
f 2079//2115 2081//2117 2082//2118
f 2081//2117 2083//2119 2082//2118
f 2082//2118 2083//2119 2084//2120
f 2082//2118 2084//2120 2085//2121
f 2084//2120 2086//2122 2085//2121
f 2085//2121 2086//2122 2087//2123
f 2085//2121 2087//2123 2088//2124
f 2087//2123 2089//2125 2088//2124
f 2088//2124 2089//2125 2090//2126
f 2088//2124 2090//2126 2091//2127
f 2091//2127 2090//2126 2092//2128
f 2091//2127 2092//2128 2050//2085
f 2050//2085 2092//2128 2093//2129
f 2050//2085 2093//2129 2051//2086
f 2094//2130 2095//2131 2096//2132
f 2097//2133 2098//2134 2095//2131
f 2095//2131 2098//2134 2099//2135
f 2095//2131 2099//2135 2096//2132
f 2100//2136 2101//2137 2097//2133
f 2097//2133 2101//2137 2102//2138
f 2097//2133 2102//2138 2098//2134
f 2103//2139 2104//2140 2100//2136
f 2100//2136 2104//2140 2105//2141
f 2100//2136 2105//2141 2101//2137
f 2106//2142 2107//2143 2103//2139
f 2103//2139 2107//2143 2108//2144
f 2103//2139 2108//2144 2104//2140
f 2109//2145 2110//2146 2106//2142
f 2106//2142 2110//2146 2111//2147
f 2106//2142 2111//2147 2107//2143
f 2112//2148 2113//2149 2109//2145
f 2109//2145 2113//2149 2114//2150
f 2109//2145 2114//2150 2110//2146
f 2115//2151 2116//2152 2112//2148
f 2112//2148 2116//2152 2117//2153
f 2112//2148 2117//2153 2113//2149
f 2118//2154 2119//2155 2115//2151
f 2115//2151 2119//2155 2120//2156
f 2115//2151 2120//2156 2116//2152
f 2121//2157 2122//2158 2118//2154
f 2118//2154 2122//2158 2123//2159
f 2118//2154 2123//2159 2119//2155
f 2124//2160 2125//2161 2121//2157
f 2121//2157 2125//2161 2126//2162
f 2121//2157 2126//2162 2122//2158
f 2127//2163 2128//2164 2124//2160
f 2124//2160 2128//2164 2129//2165
f 2124//2160 2129//2165 2125//2161
f 2096//2132 2130//2166 2094//2130
f 2094//2130 2130//2166 2131//2167
f 2094//2130 2131//2167 2127//2163
f 2127//2163 2131//2167 2132//2168
f 2127//2163 2132//2168 2128//2164
f 2133//2169 2134//2170 2135//2171
f 2136//2172 2137//2173 2134//2170
f 2134//2170 2137//2173 2138//2174
f 2134//2170 2138//2174 2135//2171
f 2139//2175 2140//2176 2136//2172
f 2136//2172 2140//2176 2141//2177
f 2136//2172 2141//2177 2137//2173
f 2142//2178 2143//2179 2139//2175
f 2139//2175 2143//2179 2144//2180
f 2139//2175 2144//2180 2140//2176
f 2145//2181 2146//2182 2142//2178
f 2142//2178 2146//2182 2147//2183
f 2142//2178 2147//2183 2143//2179
f 2148//2184 2149//2185 2145//2181
f 2145//2181 2149//2185 2150//2186
f 2145//2181 2150//2186 2146//2182
f 2151//2187 2152//2188 2148//2184
f 2148//2184 2152//2188 2153//2189
f 2148//2184 2153//2189 2149//2185
f 2154//2190 2155//2191 2151//2187
f 2151//2187 2155//2191 2156//2192
f 2151//2187 2156//2192 2152//2188
f 2157//2193 2158//2194 2154//2190
f 2154//2190 2158//2194 2159//2195
f 2154//2190 2159//2195 2155//2191
f 2160//2196 2161//2197 2157//2193
f 2157//2193 2161//2197 2162//2198
f 2157//2193 2162//2198 2158//2194
f 2163//2199 2164//2200 2160//2196
f 2160//2196 2164//2200 2165//2201
f 2160//2196 2165//2201 2161//2197
f 2166//2202 2167//2203 2163//2199
f 2163//2199 2167//2203 2168//2204
f 2163//2199 2168//2204 2164//2200
f 2135//2171 2169//2205 2133//2169
f 2133//2169 2169//2205 2170//2206
f 2133//2169 2170//2206 2166//2202
f 2166//2202 2170//2206 2171//2207
f 2166//2202 2171//2207 2167//2203
f 2172//2208 2173//2209 2174//2210
f 2175//2211 2176//2212 2173//2209
f 2173//2209 2176//2212 2177//2213
f 2173//2209 2177//2213 2174//2210
f 2178//2214 2179//2215 2175//2211
f 2175//2211 2179//2215 2180//2216
f 2175//2211 2180//2216 2176//2212
f 2181//2217 2182//2218 2178//2214
f 2178//2214 2182//2218 2183//2219
f 2178//2214 2183//2219 2179//2215
f 2184//2220 2185//2221 2181//2217
f 2181//2217 2185//2221 2186//2222
f 2181//2217 2186//2222 2182//2218
f 2187//2223 2188//2224 2184//2220
f 2184//2220 2188//2224 2189//2225
f 2184//2220 2189//2225 2185//2221
f 2190//2226 2191//2227 2187//2223
f 2187//2223 2191//2227 2192//2228
f 2187//2223 2192//2228 2188//2224
f 2193//2229 2194//2230 2190//2226
f 2190//2226 2194//2230 2195//2231
f 2190//2226 2195//2231 2191//2227
f 2196//2232 2197//2233 2193//2229
f 2193//2229 2197//2233 2198//2234
f 2193//2229 2198//2234 2194//2230
f 2199//2235 2200//2236 2196//2232
f 2196//2232 2200//2236 2201//2237
f 2196//2232 2201//2237 2197//2233
f 2202//2238 2203//2239 2199//2235
f 2199//2235 2203//2239 2204//2240
f 2199//2235 2204//2240 2200//2236
f 2205//2241 2206//2242 2202//2238
f 2202//2238 2206//2242 2207//2243
f 2202//2238 2207//2243 2203//2239
f 2174//2210 2208//2244 2172//2208
f 2172//2208 2208//2244 2209//2245
f 2172//2208 2209//2245 2205//2241
f 2205//2241 2209//2245 2210//2246
f 2205//2241 2210//2246 2206//2242
f 2211//2247 2212//2248 2213//2249
f 2214//2250 2212//2248 2211//2247
f 2211//2247 2215//2251 2216//2252
f 2217//2253 2215//2251 2211//2247
f 2213//2249 2217//2253 2211//2247
f 2211//2247 2218//2254 2219//2255
f 2220//2256 2218//2254 2211//2247
f 2216//2252 2220//2256 2211//2247
f 2211//2247 2221//2257 2222//2258
f 2223//2259 2221//2257 2211//2247
f 2219//2255 2223//2259 2211//2247
f 2222//2258 2214//2250 2211//2247
f 2224//2260 2225//2260 2226//2260
f 2226//2261 2225//2261 2227//2261
f 2228//2262 2229//2262 2230//2262
f 2230//2263 2229//2263 2231//2263
f 2232//2264 2233//2264 2234//2264
f 2234//2265 2233//2265 2235//2265
f 2236//2266 2237//2266 2238//2266
f 2238//2267 2237//2267 2239//2267
f 2240//2268 2241//2268 2242//2268
f 2242//2269 2241//2269 2243//2269
f 2244//2270 2245//2270 2246//2270
f 2246//2271 2245//2271 2247//2271
f 2248//2272 2249//2272 2250//2272
f 2250//2273 2249//2273 2251//2273
f 2252//2274 2253//2274 2254//2274
f 2254//2275 2253//2275 2255//2275
f 2256//2276 2257//2276 2258//2276
f 2258//2277 2257//2277 2259//2277
f 2260//2278 2261//2278 2262//2278
f 2262//2279 2261//2279 2263//2279
f 2264//2280 2265//2280 2266//2280
f 2266//2281 2265//2281 2267//2281
f 2268//2282 2269//2282 2270//2282
f 2270//2283 2269//2283 2271//2283
f 2272//2284 2273//2285 2274//2286
f 2274//2286 2273//2285 2275//2287
f 2274//2286 2275//2287 2276//2288
f 2276//2288 2275//2287 2277//2289
f 2276//2288 2277//2289 2278//2290
f 2278//2290 2277//2289 2279//2291
f 2278//2292 2280//2293 2281//2294
f 2281//2294 2280//2293 2282//2295
f 2281//2294 2282//2295 2283//2296
f 2283//2296 2282//2295 2284//2297
f 2283//2296 2284//2297 2285//2298
f 2285//2298 2284//2297 2286//2299
f 2285//2298 2286//2299 2287//2300
f 2287//2300 2286//2299 2288//2301
f 2287//2302 2289//2303 2290//2304
f 2290//2304 2289//2303 2291//2305
f 2290//2304 2291//2305 2292//2306
f 2292//2306 2291//2305 2293//2307
f 2292//2306 2293//2307 2294//2308
f 2294//2308 2293//2307 2295//2309
f 2294//2308 2295//2309 2296//2310
f 2296//2310 2295//2309 2297//2311
f 2296//2310 2297//2311 2272//2284
f 2272//2284 2297//2311 2273//2285
f 2298//2312 2299//2313 2300//2314
f 2301//2315 2299//2313 2298//2312
f 2298//2312 2302//2316 2303//2317
f 2304//2318 2302//2316 2298//2312
f 2300//2314 2304//2318 2298//2312
f 2298//2312 2305//2319 2306//2320
f 2307//2321 2305//2319 2298//2312
f 2303//2317 2307//2321 2298//2312
f 2298//2312 2308//2322 2309//2323
f 2310//2324 2308//2322 2298//2312
f 2306//2320 2310//2324 2298//2312
f 2309//2323 2301//2315 2298//2312
f 2311//2325 2312//2325 2313//2325
f 2313//2326 2312//2326 2314//2326
f 2315//2327 2316//2327 2317//2327
f 2317//2328 2316//2328 2318//2328
f 2319//2329 2320//2329 2321//2329
f 2321//2330 2320//2330 2322//2330
f 2323//2331 2324//2331 2325//2331
f 2325//2332 2324//2332 2326//2332
f 2327//2333 2328//2333 2329//2333
f 2329//2334 2328//2334 2330//2334
f 2331//2335 2332//2335 2333//2335
f 2333//2336 2332//2336 2334//2336
f 2335//2337 2336//2337 2337//2337
f 2337//2338 2336//2338 2338//2338
f 2339//2339 2340//2339 2341//2339
f 2341//2340 2340//2340 2342//2340
f 2343//2341 2344//2341 2345//2341
f 2345//2342 2344//2342 2346//2342
f 2347//2343 2348//2343 2349//2343
f 2349//2344 2348//2344 2350//2344
f 2351//2345 2352//2345 2353//2345
f 2353//2346 2352//2346 2354//2346
f 2355//2347 2356//2347 2357//2347
f 2357//2348 2356//2348 2358//2348
f 2359//2349 2360//2350 2361//2351
f 2361//2351 2360//2350 2362//2352
f 2361//2351 2362//2352 2363//2353
f 2363//2353 2362//2352 2364//2354
f 2363//2353 2364//2354 2365//2355
f 2365//2355 2364//2354 2366//2356
f 2365//2355 2366//2356 2367//2357
f 2367//2357 2366//2356 2368//2358
f 2367//2357 2368//2358 2369//2359
f 2369//2359 2368//2358 2370//2360
f 2369//2359 2370//2360 2371//2361
f 2371//2361 2370//2360 2372//2362
f 2371//2361 2372//2362 2373//2363
f 2373//2363 2372//2362 2374//2364
f 2373//2363 2374//2364 2375//2365
f 2375//2365 2374//2364 2376//2366
f 2375//2365 2376//2366 2377//2367
f 2377//2367 2376//2366 2378//2368
f 2377//2367 2378//2368 2379//2369
f 2379//2369 2378//2368 2380//2370
f 2379//2369 2380//2370 2381//2371
f 2381//2371 2380//2370 2382//2372
f 2381//2371 2382//2372 2359//2349
f 2359//2349 2382//2372 2360//2350
f 2383//2373 2384//2374 2385//2375
f 2386//2376 2384//2374 2383//2373
f 2383//2373 2387//2377 2388//2378
f 2389//2379 2387//2377 2383//2373
f 2385//2375 2389//2379 2383//2373
f 2383//2373 2390//2380 2391//2381
f 2392//2382 2390//2380 2383//2373
f 2388//2378 2392//2382 2383//2373
f 2383//2373 2393//2383 2394//2384
f 2395//2385 2393//2383 2383//2373
f 2391//2381 2395//2385 2383//2373
f 2394//2384 2386//2376 2383//2373
f 2396//2386 2397//2386 2398//2386
f 2398//2387 2397//2387 2399//2387
f 2400//2388 2401//2388 2402//2388
f 2402//2389 2401//2389 2403//2389
f 2404//2390 2405//2390 2406//2390
f 2406//2391 2405//2391 2407//2391
f 2408//2392 2409//2392 2410//2392
f 2410//2393 2409//2393 2411//2393
f 2412//2394 2413//2394 2414//2394
f 2414//2395 2413//2395 2415//2395
f 2416//2396 2417//2396 2418//2396
f 2418//2397 2417//2397 2419//2397
f 2420//2398 2421//2398 2422//2398
f 2422//2399 2421//2399 2423//2399
f 2424//2400 2425//2400 2426//2400
f 2426//2401 2425//2401 2427//2401
f 2428//2402 2429//2402 2430//2402
f 2430//2403 2429//2403 2431//2403
f 2432//2404 2433//2404 2434//2404
f 2434//2405 2433//2405 2435//2405
f 2436//2406 2437//2406 2438//2406
f 2438//2407 2437//2407 2439//2407
f 2440//2408 2441//2408 2442//2408
f 2442//2409 2441//2409 2443//2409
f 2444//2410 2445//2411 2446//2412
f 2446//2412 2445//2411 2447//2413
f 2446//2412 2447//2413 2448//2414
f 2448//2414 2447//2413 2449//2415
f 2448//2414 2449//2415 2450//2416
f 2450//2416 2449//2415 2451//2417
f 2450//2418 2452//2419 2453//2420
f 2453//2420 2452//2419 2454//2421
f 2453//2420 2454//2421 2455//2422
f 2455//2422 2454//2421 2456//2423
f 2455//2422 2456//2423 2457//2424
f 2457//2424 2456//2423 2458//2425
f 2457//2424 2458//2425 2459//2426
f 2459//2426 2458//2425 2460//2427
f 2459//2426 2460//2427 2461//2428
f 2461//2428 2460//2427 2462//2429
f 2461//2428 2462//2429 2463//2430
f 2463//2430 2462//2429 2464//2431
f 2463//2430 2464//2431 2465//2432
f 2465//2432 2464//2431 2466//2433
f 2465//2432 2466//2433 2467//2434
f 2467//2434 2466//2433 2468//2435
f 2467//2436 2469//2437 2444//2438
f 2444//2438 2469//2437 2470//2439
f 2471//2440 2472//2440 2473//2440
f 2473//2441 2472//2441 2474//2441
f 2473//2442 2475//2442 2476//2442
f 2476//2443 2475//2443 2477//2443
f 2476//2444 2477//2444 2478//2444
f 2478//2445 2479//2445 2480//2445
f 2478//2446 2480//2446 2481//2446
f 2481//2447 2482//2447 2483//2447
f 2481//2448 2483//2448 2484//2448
f 2484//2449 2485//2449 2486//2449
f 2484//2450 2486//2450 2487//2450
f 2487//2451 2488//2451 2489//2451
f 2487//2452 2489//2452 2490//2452
f 2490//2453 2491//2453 2492//2453
f 2490//2454 2492//2454 2493//2454
f 2493//2455 2494//2455 2495//2455
f 2493//2456 2495//2456 2496//2456
f 2496//2457 2497//2457 2498//2457
f 2496//2458 2498//2458 2499//2458
f 2499//2459 2500//2459 2501//2459
f 2499//2460 2501//2460 2502//2460
f 2502//2461 2503//2461 2504//2461
f 2502//2462 2504//2462 2505//2462
f 2505//2463 2506//2463 2507//2463
f 2505//2464 2507//2464 2508//2464
f 2508//2465 2509//2465 2510//2465
f 2508//2466 2510//2466 2511//2466
f 2511//2467 2512//2467 2513//2467
f 2511//2468 2513//2468 2514//2468
f 2514//2469 2515//2469 2516//2469
f 2514//2470 2516//2470 2517//2470
f 2517//2471 2518//2471 2519//2471
f 2517//2472 2519//2472 2520//2472
f 2520//2473 2521//2473 2522//2473
f 2520//2474 2522//2474 2523//2474
f 2523//2475 2524//2475 2525//2475
f 2523//2476 2525//2476 2526//2476
f 2526//2477 2527//2477 2528//2477
f 2526//2478 2528//2478 2529//2478
f 2529//2479 2528//2479 2530//2479
f 2529//2480 2530//2480 2531//2480
f 2531//2481 2530//2481 2532//2481
f 2531//2482 2532//2482 2533//2482
f 2533//2483 2534//2483 2535//2483
f 2533//2484 2535//2484 2536//2484
f 2536//2485 2537//2485 2538//2485
f 2536//2486 2538//2486 2539//2486
f 2539//2487 2540//2487 2541//2487
f 2539//2488 2541//2488 2542//2488
f 2542//2489 2543//2489 2544//2489
f 2542//2490 2544//2490 2545//2490
f 2545//2491 2546//2491 2547//2491
f 2545//2492 2547//2492 2548//2492
f 2548//2493 2549//2493 2550//2493
f 2548//2494 2550//2494 2551//2494
f 2551//2495 2552//2495 2553//2495
f 2551//2496 2553//2496 2554//2496
f 2554//2497 2555//2497 2556//2497
f 2554//2498 2556//2498 2557//2498
f 2557//2499 2558//2499 2559//2499
f 2557//2500 2559//2500 2560//2500
f 2560//2501 2561//2501 2562//2501
f 2560//2502 2562//2502 2563//2502
f 2563//2503 2564//2503 2565//2503
f 2563//2504 2565//2504 2566//2504
f 2566//2505 2567//2505 2568//2505
f 2566//2506 2568//2506 2569//2506
f 2569//2507 2570//2507 2571//2507
f 2569//2508 2571//2508 2572//2508
f 2572//2509 2573//2509 2574//2509
f 2572//2510 2574//2510 2575//2510
f 2575//2511 2576//2511 2577//2511
f 2575//2512 2577//2512 2578//2512
f 2578//2513 2579//2513 2580//2513
f 2578//2514 2580//2514 2581//2514
f 2581//2515 2582//2515 2471//2515
f 2581//2516 2471//2516 2473//2516
f 2583//2517 2584//2518 2585//2519
f 2585//2519 2586//2520 2583//2517
f 2583//2517 2586//2520 2587//2521
f 2583//2517 2587//2521 2588//2522
f 2587//2521 2589//2523 2588//2522
f 2588//2522 2589//2523 2590//2524
f 2588//2522 2590//2524 2591//2525
f 2590//2524 2592//2526 2591//2525
f 2591//2525 2592//2526 2593//2527
f 2591//2525 2593//2527 2594//2528
f 2595//2529 2596//2530 2597//2531
f 2593//2527 2598//2532 2594//2528
f 2594//2528 2598//2532 2599//2533
f 2594//2528 2599//2533 2597//2531
f 2597//2531 2599//2533 2600//2534
f 2597//2531 2600//2534 2595//2529
f 2601//2535 2602//2536 2603//2537
f 2595//2529 2604//2538 2596//2530
f 2596//2530 2604//2538 2605//2539
f 2596//2530 2605//2539 2603//2537
f 2603//2537 2605//2539 2606//2540
f 2603//2537 2606//2540 2601//2535
f 2601//2535 2607//2541 2602//2536
f 2602//2536 2607//2541 2608//2542
f 2602//2536 2608//2542 2609//2543
f 2610//2544 2611//2545 2612//2546
f 2608//2542 2613//2547 2609//2543
f 2609//2543 2613//2547 2614//2548
f 2609//2543 2614//2548 2612//2546
f 2612//2546 2614//2548 2615//2549
f 2612//2546 2615//2549 2610//2544
f 2616//2550 2617//2551 2618//2552
f 2610//2544 2619//2553 2611//2545
f 2611//2545 2619//2553 2620//2554
f 2611//2545 2620//2554 2618//2552
f 2618//2552 2620//2554 2621//2555
f 2618//2552 2621//2555 2616//2550
f 2622//2556 2623//2557 2624//2558
f 2616//2550 2625//2559 2617//2551
f 2617//2551 2625//2559 2626//2560
f 2617//2551 2626//2560 2624//2558
f 2624//2558 2626//2560 2627//2561
f 2624//2558 2627//2561 2622//2556
f 2628//2562 2629//2563 2630//2564
f 2622//2556 2631//2565 2623//2557
f 2623//2557 2631//2565 2632//2566
f 2623//2557 2632//2566 2630//2564
f 2630//2564 2632//2566 2633//2567
f 2630//2564 2633//2567 2628//2562
f 2634//2568 2635//2569 2636//2570
f 2628//2562 2637//2571 2629//2563
f 2629//2563 2637//2571 2638//2572
f 2629//2563 2638//2572 2639//2573
f 2636//2570 2638//2574 2640//2575
f 2636//2570 2640//2575 2634//2568
f 2634//2568 2641//2576 2635//2569
f 2635//2569 2641//2576 2642//2577
f 2635//2569 2642//2577 2643//2578
f 2643//2578 2642//2577 2644//2579
f 2643//2578 2644//2579 2645//2580
f 2645//2580 2644//2579 2646//2581
f 2645//2580 2646//2581 2647//2582
f 2646//2581 2648//2583 2647//2582
f 2647//2582 2648//2583 2649//2584
f 2647//2582 2649//2584 2650//2585
f 2651//2586 2652//2587 2653//2588
f 2649//2584 2654//2589 2650//2585
f 2650//2585 2654//2589 2655//2590
f 2650//2585 2655//2590 2653//2588
f 2653//2588 2655//2590 2656//2591
f 2653//2588 2656//2591 2651//2586
f 2651//2586 2657//2592 2652//2587
f 2652//2587 2657//2592 2658//2593
f 2652//2587 2658//2593 2659//2594
f 2658//2593 2660//2595 2659//2594
f 2659//2594 2660//2595 2661//2596
f 2659//2594 2661//2596 2662//2597
f 2661//2596 2663//2598 2662//2597
f 2662//2597 2663//2598 2664//2599
f 2662//2597 2664//2599 2665//2600
f 2664//2599 2666//2601 2665//2600
f 2665//2600 2666//2601 2667//2602
f 2665//2600 2667//2602 2668//2603
f 2669//2604 2670//2605 2671//2606
f 2667//2602 2672//2607 2668//2603
f 2668//2603 2672//2607 2673//2608
f 2668//2603 2673//2608 2671//2606
f 2671//2606 2673//2608 2674//2609
f 2671//2606 2674//2609 2669//2604
f 2675//2610 2676//2611 2677//2612
f 2669//2604 2678//2613 2670//2605
f 2670//2605 2678//2613 2679//2614
f 2670//2605 2679//2614 2677//2612
f 2677//2612 2679//2614 2680//2615
f 2677//2612 2680//2615 2675//2610
f 2681//2616 2682//2617 2683//2618
f 2675//2610 2684//2619 2676//2611
f 2676//2611 2684//2619 2685//2620
f 2676//2611 2685//2620 2683//2618
f 2683//2618 2685//2620 2686//2621
f 2683//2618 2686//2621 2681//2616
f 2687//2622 2688//2623 2689//2624
f 2681//2616 2690//2625 2682//2617
f 2682//2617 2690//2625 2691//2626
f 2682//2617 2691//2626 2689//2624
f 2689//2624 2691//2626 2692//2627
f 2689//2624 2692//2627 2687//2622
f 2687//2622 2693//2628 2688//2623
f 2688//2623 2693//2628 2694//2629
f 2688//2623 2694//2629 2584//2518
f 2584//2518 2694//2629 2695//2630
f 2584//2518 2695//2630 2585//2519
f 2696//2631 2697//2632 2698//2633
f 2699//2634 2697//2632 2696//2631
f 2696//2631 2700//2635 2701//2636
f 2702//2637 2700//2635 2696//2631
f 2698//2633 2702//2637 2696//2631
f 2696//2631 2703//2638 2704//2639
f 2705//2640 2703//2638 2696//2631
f 2701//2636 2705//2640 2696//2631
f 2696//2631 2706//2641 2707//2642
f 2708//2643 2706//2641 2696//2631
f 2704//2639 2708//2643 2696//2631
f 2707//2642 2699//2634 2696//2631
f 2709//2644 2710//2644 2711//2644
f 2711//2645 2710//2645 2712//2645
f 2713//2646 2714//2646 2715//2646
f 2715//2647 2714//2647 2716//2647
f 2717//2648 2718//2648 2719//2648
f 2719//2649 2718//2649 2720//2649
f 2721//2650 2722//2650 2723//2650
f 2723//2651 2722//2651 2724//2651
f 2725//2652 2726//2652 2727//2652
f 2727//2653 2726//2653 2728//2653
f 2729//2654 2730//2654 2731//2654
f 2731//2655 2730//2655 2732//2655
f 2733//2656 2734//2656 2735//2656
f 2735//2657 2734//2657 2736//2657
f 2737//2658 2738//2658 2739//2658
f 2739//2659 2738//2659 2740//2659
f 2741//2660 2742//2660 2743//2660
f 2743//2661 2742//2661 2744//2661
f 2745//2662 2746//2662 2747//2662
f 2747//2663 2746//2663 2748//2663
f 2749//2664 2750//2664 2751//2664
f 2751//2665 2750//2665 2752//2665
f 2753//2666 2754//2666 2755//2666
f 2755//2667 2754//2667 2756//2667
f 2757//2668 2758//2669 2759//2670
f 2759//2670 2758//2669 2760//2671
f 2759//2670 2760//2671 2761//2672
f 2761//2672 2760//2671 2762//2673
f 2761//2672 2762//2673 2763//2674
f 2763//2674 2762//2673 2764//2675
f 2763//2674 2764//2675 2765//2676
f 2765//2676 2764//2675 2766//2677
f 2765//2676 2766//2677 2767//2678
f 2767//2678 2766//2677 2768//2679
f 2767//2678 2768//2679 2769//2680
f 2769//2680 2768//2679 2770//2681
f 2769//2680 2770//2681 2771//2682
f 2771//2682 2770//2681 2772//2683
f 2771//2682 2772//2683 2773//2684
f 2773//2684 2772//2683 2774//2685
f 2773//2684 2774//2685 2775//2686
f 2775//2686 2774//2685 2776//2687
f 2775//2686 2776//2687 2777//2688
f 2777//2688 2776//2687 2778//2689
f 2777//2688 2778//2689 2779//2690
f 2779//2690 2778//2689 2780//2691
f 2779//2690 2780//2691 2757//2668
f 2757//2668 2780//2691 2758//2669
f 2781//2692 2782//2693 2783//2694
f 2784//2695 2782//2693 2781//2692
f 2781//2692 2785//2696 2786//2697
f 2787//2698 2785//2696 2781//2692
f 2783//2694 2787//2698 2781//2692
f 2781//2692 2788//2699 2789//2700
f 2790//2701 2788//2699 2781//2692
f 2786//2697 2790//2701 2781//2692
f 2781//2692 2791//2702 2792//2703
f 2793//2704 2791//2702 2781//2692
f 2789//2700 2793//2704 2781//2692
f 2792//2703 2784//2695 2781//2692
f 2794//2705 2795//2705 2796//2705
f 2796//2706 2795//2706 2797//2706
f 2798//2707 2799//2707 2800//2707
f 2800//2708 2799//2708 2801//2708
f 2802//2709 2803//2709 2804//2709
f 2804//2710 2803//2710 2805//2710
f 2806//2711 2807//2711 2808//2711
f 2808//2712 2807//2712 2809//2712
f 2810//2713 2811//2713 2812//2713
f 2812//2714 2811//2714 2813//2714
f 2814//2715 2815//2715 2816//2715
f 2816//2716 2815//2716 2817//2716
f 2818//2717 2819//2717 2820//2717
f 2820//2718 2819//2718 2821//2718
f 2822//2719 2823//2719 2824//2719
f 2824//2720 2823//2720 2825//2720
f 2826//2721 2827//2721 2828//2721
f 2828//2722 2827//2722 2829//2722
f 2830//2723 2831//2723 2832//2723
f 2832//2724 2831//2724 2833//2724
f 2834//2725 2835//2725 2836//2725
f 2836//2726 2835//2726 2837//2726
f 2838//2727 2839//2727 2840//2727
f 2840//2728 2839//2728 2841//2728
f 2842//2729 2843//2730 2844//2731
f 2844//2731 2843//2730 2845//2732
f 2844//2731 2845//2732 2846//2733
f 2846//2733 2845//2732 2847//2734
f 2846//2733 2847//2734 2848//2735
f 2848//2735 2847//2734 2849//2736
f 2848//2735 2849//2736 2850//2737
f 2850//2737 2849//2736 2851//2738
f 2850//2737 2851//2738 2852//2739
f 2852//2739 2851//2738 2853//2740
f 2852//2739 2853//2740 2854//2741
f 2854//2741 2853//2740 2855//2742
f 2854//2741 2855//2742 2856//2743
f 2856//2743 2855//2742 2857//2744
f 2856//2743 2857//2744 2858//2745
f 2858//2745 2857//2744 2859//2746
f 2858//2745 2859//2746 2860//2747
f 2860//2747 2859//2746 2861//2748
f 2860//2747 2861//2748 2862//2749
f 2862//2749 2861//2748 2863//2750
f 2862//2749 2863//2750 2864//2751
f 2864//2751 2863//2750 2865//2752
f 2864//2751 2865//2752 2842//2729
f 2842//2729 2865//2752 2843//2730
f 2866//2753 2867//2754 2868//2755
f 2869//2756 2867//2754 2866//2753
f 2866//2753 2870//2757 2871//2758
f 2872//2759 2870//2757 2866//2753
f 2868//2755 2872//2759 2866//2753
f 2866//2753 2873//2760 2874//2761
f 2875//2762 2873//2760 2866//2753
f 2871//2758 2875//2762 2866//2753
f 2866//2753 2876//2763 2877//2764
f 2878//2765 2876//2763 2866//2753
f 2874//2761 2878//2765 2866//2753
f 2877//2764 2869//2756 2866//2753
f 2879//2766 2880//2766 2881//2766
f 2881//2767 2880//2767 2882//2767
f 2883//2768 2884//2768 2885//2768
f 2885//2769 2884//2769 2886//2769
f 2887//2770 2888//2770 2889//2770
f 2889//2771 2888//2771 2890//2771
f 2891//2772 2892//2772 2893//2772
f 2893//2773 2892//2773 2894//2773
f 2895//2774 2896//2774 2897//2774
f 2897//2775 2896//2775 2898//2775
f 2899//2776 2900//2776 2901//2776
f 2901//2777 2900//2777 2902//2777
f 2903//2778 2904//2778 2905//2778
f 2905//2779 2904//2779 2906//2779
f 2907//2780 2908//2780 2909//2780
f 2909//2781 2908//2781 2910//2781
f 2911//2782 2912//2782 2913//2782
f 2913//2783 2912//2783 2914//2783
f 2915//2784 2916//2784 2917//2784
f 2917//2785 2916//2785 2918//2785
f 2919//2786 2920//2786 2921//2786
f 2921//2787 2920//2787 2922//2787
f 2923//2788 2924//2788 2925//2788
f 2925//2789 2924//2789 2926//2789
f 2927//2790 2928//2791 2929//2792
f 2929//2792 2928//2791 2930//2793
f 2929//2792 2930//2793 2931//2794
f 2931//2794 2930//2793 2932//2795
f 2931//2796 2933//2797 2934//2798
f 2934//2798 2933//2797 2935//2799
f 2934//2798 2935//2799 2936//2800
f 2936//2800 2935//2799 2937//2801
f 2936//2800 2937//2801 2938//2802
f 2938//2802 2937//2801 2939//2803
f 2938//2802 2939//2803 2940//2804
f 2940//2804 2939//2803 2941//2805
f 2940//2806 2942//2807 2943//2808
f 2943//2808 2942//2807 2944//2809
f 2943//2810 2945//2811 2946//2812
f 2946//2812 2945//2811 2947//2813
f 2946//2812 2947//2813 2948//2814
f 2948//2814 2947//2813 2949//2815
f 2948//2816 2950//2817 2951//2818
f 2951//2818 2950//2817 2952//2819
f 2951//2818 2952//2819 2953//2820
f 2953//2820 2952//2819 2954//2821
f 2953//2820 2954//2821 2927//2822
f 2927//2822 2954//2821 2955//2823
f 2956//2824 2957//2825 2958//2826
f 2959//2827 2957//2825 2956//2824
f 2956//2824 2960//2828 2961//2829
f 2962//2830 2960//2828 2956//2824
f 2958//2826 2962//2830 2956//2824
f 2956//2824 2963//2831 2964//2832
f 2965//2833 2963//2831 2956//2824
f 2961//2829 2965//2833 2956//2824
f 2956//2824 2966//2834 2967//2835
f 2968//2836 2966//2834 2956//2824
f 2964//2832 2968//2836 2956//2824
f 2967//2835 2959//2827 2956//2824
f 2969//2837 2970//2837 2971//2837
f 2971//2838 2970//2838 2972//2838
f 2973//2839 2974//2839 2975//2839
f 2975//2840 2974//2840 2976//2840
f 2977//2841 2978//2841 2979//2841
f 2979//2842 2978//2842 2980//2842
f 2981//2843 2982//2843 2983//2843
f 2983//2844 2982//2844 2984//2844
f 2985//2845 2986//2845 2987//2845
f 2987//2846 2986//2846 2988//2846
f 2989//2847 2990//2847 2991//2847
f 2991//2848 2990//2848 2992//2848
f 2993//2849 2994//2849 2995//2849
f 2995//2850 2994//2850 2996//2850
f 2997//2851 2998//2851 2999//2851
f 2999//2852 2998//2852 3000//2852
f 3001//2853 3002//2853 3003//2853
f 3003//2854 3002//2854 3004//2854
f 3005//2855 3006//2855 3007//2855
f 3007//2856 3006//2856 3008//2856
f 3009//2857 3010//2857 3011//2857
f 3011//2858 3010//2858 3012//2858
f 3013//2859 3014//2859 3015//2859
f 3015//2860 3014//2860 3016//2860
f 3017//2861 3018//2862 3019//2863
f 3019//2863 3018//2862 3020//2864
f 3019//2863 3020//2864 3021//2865
f 3021//2865 3020//2864 3022//2866
f 3021//2865 3022//2866 3023//2867
f 3023//2867 3022//2866 3024//2868
f 3023//2869 3025//2870 3026//2871
f 3026//2871 3025//2870 3027//2872
f 3026//2871 3027//2872 3028//2873
f 3028//2873 3027//2872 3029//2874
f 3028//2873 3029//2874 3030//2875
f 3030//2875 3029//2874 3031//2876
f 3030//2875 3031//2876 3032//2877
f 3032//2877 3031//2876 3033//2878
f 3032//2877 3033//2878 3034//2879
f 3034//2879 3033//2878 3035//2880
f 3034//2879 3035//2880 3036//2881
f 3036//2881 3035//2880 3037//2882
f 3036//2881 3037//2882 3038//2883
f 3038//2883 3037//2882 3039//2884
f 3038//2883 3039//2884 3040//2885
f 3040//2885 3039//2884 3041//2886
f 3040//2887 3042//2888 3017//2861
f 3017//2861 3042//2888 3018//2862
f 3043//2889 3044//2890 3045//2891
f 3046//2892 3044//2890 3043//2889
f 3043//2889 3047//2893 3048//2894
f 3049//2895 3047//2893 3043//2889
f 3045//2891 3049//2895 3043//2889
f 3043//2889 3050//2896 3051//2897
f 3052//2898 3050//2896 3043//2889
f 3048//2894 3052//2898 3043//2889
f 3043//2889 3053//2899 3054//2900
f 3055//2901 3053//2899 3043//2889
f 3051//2897 3055//2901 3043//2889
f 3054//2900 3046//2892 3043//2889
f 3056//2902 3057//2902 3058//2902
f 3058//2903 3057//2903 3059//2903
f 3060//2904 3061//2904 3062//2904
f 3062//2905 3061//2905 3063//2905
f 3064//2906 3065//2906 3066//2906
f 3066//2907 3065//2907 3067//2907
f 3068//2908 3069//2908 3070//2908
f 3070//2909 3069//2909 3071//2909
f 3072//2910 3073//2910 3074//2910
f 3074//2911 3073//2911 3075//2911
f 3076//2912 3077//2912 3078//2912
f 3078//2913 3077//2913 3079//2913
f 3080//2914 3081//2914 3082//2914
f 3082//2915 3081//2915 3083//2915
f 3084//2916 3085//2916 3086//2916
f 3086//2917 3085//2917 3087//2917
f 3088//2918 3089//2918 3090//2918
f 3090//2919 3089//2919 3091//2919
f 3092//2920 3093//2920 3094//2920
f 3094//2921 3093//2921 3095//2921
f 3096//2922 3097//2922 3098//2922
f 3098//2923 3097//2923 3099//2923
f 3100//2924 3101//2924 3102//2924
f 3102//2925 3101//2925 3103//2925
f 3104//2926 3105//2927 3106//2928
f 3106//2928 3105//2927 3107//2929
f 3106//2928 3107//2929 3108//2930
f 3108//2930 3107//2929 3109//2931
f 3108//2932 3110//2933 3111//2934
f 3111//2934 3110//2933 3112//2935
f 3111//2936 3113//2937 3114//2938
f 3114//2938 3113//2937 3115//2939
f 3114//2938 3115//2939 3116//2940
f 3116//2940 3115//2939 3117//2941
f 3116//2940 3117//2941 3118//2942
f 3118//2942 3117//2941 3119//2943
f 3118//2942 3119//2943 3120//2944
f 3120//2944 3119//2943 3121//2945
f 3120//2944 3121//2945 3122//2946
f 3122//2946 3121//2945 3123//2947
f 3122//2948 3124//2949 3125//2950
f 3125//2950 3124//2949 3126//2951
f 3125//2950 3126//2951 3127//2952
f 3127//2952 3126//2951 3128//2953
f 3127//2952 3128//2953 3129//2954
f 3129//2954 3128//2953 3130//2955
f 3129//2954 3130//2955 3104//2926
f 3104//2926 3130//2955 3105//2927
f 3131//2956 3132//2957 3133//2958
f 3134//2959 3132//2957 3131//2956
f 3131//2956 3135//2960 3136//2961
f 3137//2962 3135//2960 3131//2956
f 3133//2958 3137//2962 3131//2956
f 3131//2956 3138//2963 3139//2964
f 3140//2965 3138//2963 3131//2956
f 3136//2961 3140//2965 3131//2956
f 3131//2956 3141//2966 3142//2967
f 3143//2968 3141//2966 3131//2956
f 3139//2964 3143//2968 3131//2956
f 3142//2967 3134//2959 3131//2956
f 3144//2969 3145//2969 3146//2969
f 3146//2970 3145//2970 3147//2970
f 3148//2971 3149//2971 3150//2971
f 3150//2972 3149//2972 3151//2972
f 3152//2973 3153//2973 3154//2973
f 3154//2974 3153//2974 3155//2974
f 3156//2975 3157//2975 3158//2975
f 3158//2976 3157//2976 3159//2976
f 3160//2977 3161//2977 3162//2977
f 3162//2978 3161//2978 3163//2978
f 3164//2979 3165//2979 3166//2979
f 3166//2980 3165//2980 3167//2980
f 3168//2981 3169//2981 3170//2981
f 3170//2982 3169//2982 3171//2982
f 3172//2983 3173//2983 3174//2983
f 3174//2984 3173//2984 3175//2984
f 3176//2985 3177//2985 3178//2985
f 3178//2986 3177//2986 3179//2986
f 3180//2987 3181//2987 3182//2987
f 3182//2988 3181//2988 3183//2988
f 3184//2989 3185//2989 3186//2989
f 3186//2990 3185//2990 3187//2990
f 3188//2991 3189//2991 3190//2991
f 3190//2992 3189//2992 3191//2992
f 3192//2993 3193//2994 3194//2995
f 3194//2995 3193//2994 3195//2996
f 3194//2995 3195//2996 3196//2997
f 3196//2997 3195//2996 3197//2998
f 3196//2997 3197//2998 3198//2999
f 3198//2999 3197//2998 3199//3000
f 3198//2999 3199//3000 3200//3001
f 3200//3001 3199//3000 3201//3002
f 3200//3001 3201//3002 3202//3003
f 3202//3003 3201//3002 3203//3004
f 3202//3003 3203//3004 3204//3005
f 3204//3005 3203//3004 3205//3006
f 3204//3005 3205//3006 3206//3007
f 3206//3007 3205//3006 3207//3008
f 3206//3007 3207//3008 3208//3009
f 3208//3009 3207//3008 3209//3010
f 3208//3009 3209//3010 3210//3011
f 3210//3011 3209//3010 3211//3012
f 3210//3011 3211//3012 3212//3013
f 3212//3013 3211//3012 3213//3014
f 3212//3013 3213//3014 3214//3015
f 3214//3015 3213//3014 3215//3016
f 3214//3017 3216//3018 3192//3019
f 3192//3019 3216//3018 3217//3020
f 3218//3021 3219//3022 3220//3023
f 3220//3023 3221//3024 3218//3021
f 3218//3021 3221//3024 3222//3025
f 3218//3021 3222//3025 3223//3026
f 3222//3025 3224//3027 3223//3026
f 3223//3026 3224//3027 3225//3028
f 3223//3026 3225//3028 3226//3029
f 3225//3028 3227//3030 3226//3029
f 3226//3029 3227//3030 3228//3031
f 3226//3029 3228//3031 3229//3032
f 3228//3031 3230//3033 3229//3032
f 3229//3032 3230//3033 3231//3034
f 3229//3032 3231//3034 3232//3035
f 3231//3034 3233//3036 3232//3035
f 3232//3035 3233//3036 3234//3037
f 3232//3035 3234//3037 3235//3038
f 3234//3037 3236//3039 3235//3038
f 3235//3038 3236//3039 3237//3040
f 3235//3038 3237//3040 3238//3041
f 3237//3040 3239//3042 3238//3041
f 3238//3041 3239//3042 3240//3043
f 3238//3041 3240//3043 3241//3044
f 3241//3044 3240//3043 3242//3045
f 3241//3044 3242//3045 3243//3046
f 3244//3047 2098//2134 2102//2138
f 3245//3048 3246//3049 3247//3050
f 3247//3050 3246//3049 3248//3051
f 3247//3050 3248//3051 3249//3052
f 3248//3051 3250//3053 3249//3052
f 3249//3052 3250//3053 3251//3054
f 3249//3052 3251//3054 3252//3055
f 3251//3054 3253//3056 3252//3055
f 3252//3055 3253//3056 3254//3057
f 3252//3055 3254//3057 3255//3058
f 3254//3057 3256//3059 3255//3058
f 3255//3058 3256//3059 3257//3060
f 3255//3058 3257//3060 3219//3022
f 3219//3022 3257//3060 3258//3061
f 3219//3022 3258//3061 3220//3023
f 3259//3062 3260//3063 3261//3064
f 3261//3064 3262//3065 3259//3062
f 3259//3062 3262//3065 3263//3066
f 3259//3062 3263//3066 3264//3067
f 3263//3066 3265//3068 3264//3067
f 3264//3067 3265//3068 3266//3069
f 3264//3067 3266//3069 3267//3070
f 3266//3069 3268//3071 3267//3070
f 3267//3070 3268//3071 3269//3072
f 3267//3070 3269//3072 3270//3073
f 3269//3072 3271//3074 3270//3073
f 3270//3073 3271//3074 3272//3075
f 3270//3073 3272//3075 3273//3076
f 3272//3075 3274//3077 3273//3076
f 3273//3076 3274//3077 3275//3078
f 3273//3076 3275//3078 3276//3079
f 3275//3078 3277//3080 3276//3079
f 3276//3079 3277//3080 3278//3081
f 3276//3079 3278//3081 3279//3082
f 3278//3081 3280//3083 3279//3082
f 3279//3082 3280//3083 3281//3084
f 3279//3082 3281//3084 3282//3085
f 3281//3084 3283//3086 3282//3085
f 3282//3085 3283//3086 3284//3087
f 3282//3085 3284//3087 3285//3088
f 3284//3087 3286//3089 3285//3088
f 3285//3088 3286//3089 3287//3090
f 3285//3088 3287//3090 3288//3091
f 3287//3090 3289//3092 3288//3091
f 3288//3091 3289//3092 3290//3093
f 3288//3091 3290//3093 3291//3094
f 3290//3093 3292//3095 3291//3094
f 3291//3094 3292//3095 3293//3096
f 3291//3094 3293//3096 3294//3097
f 3293//3096 3295//3098 3294//3097
f 3294//3097 3295//3098 3296//3099
f 3294//3097 3296//3099 3260//3063
f 3260//3063 3296//3099 3297//3100
f 3260//3063 3297//3100 3261//3064
f 3298//3101 3299//3102 3300//3103
f 3300//3103 3301//3104 3298//3101
f 3298//3101 3301//3104 3302//3105
f 3298//3101 3302//3105 3303//3106
f 3302//3105 3304//3107 3303//3106
f 3303//3106 3304//3107 3305//3108
f 3303//3106 3305//3108 3306//3109
f 3305//3108 3307//3110 3306//3109
f 3306//3109 3307//3110 3308//3111
f 3306//3109 3308//3111 3309//3112
f 3308//3111 3310//3113 3309//3112
f 3309//3112 3310//3113 3311//3114
f 3309//3112 3311//3114 3312//3115
f 3311//3114 3313//3116 3312//3115
f 3312//3115 3313//3116 3314//3117
f 3312//3115 3314//3117 3315//3118
f 3314//3117 3316//3119 3315//3118
f 3315//3118 3316//3119 3317//3120
f 3315//3118 3317//3120 3318//3121
f 3317//3120 3319//3122 3318//3121
f 3318//3121 3319//3122 3320//3123
f 3318//3121 3320//3123 3321//3124
f 3320//3123 3322//3125 3321//3124
f 3321//3124 3322//3125 3323//3126
f 3321//3124 3323//3126 3324//3127
f 3323//3126 3325//3128 3324//3127
f 3324//3127 3325//3128 3326//3129
f 3324//3127 3326//3129 3327//3130
f 3326//3129 3328//3131 3327//3130
f 3327//3130 3328//3131 3329//3132
f 3327//3130 3329//3132 3330//3133
f 3329//3132 3331//3134 3330//3133
f 3330//3133 3331//3134 3332//3135
f 3330//3133 3332//3135 3333//3136
f 3332//3135 3334//3137 3333//3136
f 3333//3136 3334//3137 3335//3138
f 3333//3136 3335//3138 3299//3102
f 3299//3102 3335//3138 3336//3139
f 3299//3102 3336//3139 3300//3103
f 3337//3140 3338//3141 3339//3142
f 3339//3142 3340//3143 3337//3140
f 3337//3140 3340//3143 3341//3144
f 3337//3140 3341//3144 3342//3145
f 3341//3144 3343//3146 3342//3145
f 3342//3145 3343//3146 3344//3147
f 3342//3145 3344//3147 3345//3148
f 3344//3147 3346//3149 3345//3148
f 3345//3148 3346//3149 3347//3150
f 3345//3148 3347//3150 3348//3151
f 3347//3150 3349//3152 3348//3151
f 3350//3153 3349//3154 3351//3155
f 3350//3153 3351//3155 3352//3156
f 3351//3155 3353//3157 3352//3156
f 3352//3156 3353//3157 3354//3158
f 3352//3156 3354//3158 3355//3159
f 3354//3158 3356//3160 3355//3159
f 3355//3159 3356//3160 3357//3161
f 3355//3159 3357//3161 3358//3162
f 3357//3161 3359//3163 3358//3162
f 3358//3162 3359//3163 3360//3164
f 3358//3162 3360//3164 3361//3165
f 3360//3164 3362//3166 3361//3165
f 3361//3165 3362//3166 3363//3167
f 3361//3165 3363//3167 3364//3168
f 3363//3167 3365//3169 3364//3168
f 3364//3168 3365//3169 3366//3170
f 3364//3168 3366//3170 3367//3171
f 3366//3170 3368//3172 3367//3171
f 3367//3171 3368//3172 3369//3173
f 3367//3171 3369//3173 3370//3174
f 3369//3173 3371//3175 3370//3174
f 3370//3174 3371//3175 3372//3176
f 3370//3174 3372//3176 3373//3177
f 3372//3176 3374//3178 3373//3177
f 3373//3177 3374//3178 3375//3179
f 3373//3177 3375//3179 3376//3180
f 3375//3179 3377//3181 3376//3180
f 3376//3180 3377//3181 3378//3182
f 3376//3180 3378//3182 3379//3183
f 3378//3182 3380//3184 3379//3183
f 3379//3183 3380//3184 3381//3185
f 3379//3183 3381//3185 3382//3186
f 3381//3185 3383//3187 3382//3186
f 3382//3186 3383//3187 3384//3188
f 3382//3186 3384//3188 3385//3189
f 3384//3188 3386//3190 3385//3189
f 3385//3189 3386//3190 3387//3191
f 3385//3189 3387//3191 3388//3192
f 3387//3191 3389//3193 3388//3192
f 3388//3192 3389//3193 3390//3194
f 3388//3192 3390//3194 3391//3195
f 3390//3194 3392//3196 3391//3195
f 3391//3195 3392//3196 3393//3197
f 3391//3195 3393//3197 3394//3198
f 3394//3198 3393//3197 3395//3199
f 3394//3198 3395//3199 3396//3200
f 3396//3200 3395//3199 3397//3201
f 3396//3200 3397//3201 3398//3202
f 3397//3201 3399//3203 3398//3202
f 3398//3202 3399//3203 3400//3204
f 3398//3202 3400//3204 3401//3205
f 3400//3204 3402//3206 3401//3205
f 3401//3205 3402//3206 3403//3207
f 3401//3205 3403//3207 3404//3208
f 3403//3207 3405//3209 3404//3208
f 3404//3208 3405//3209 3406//3210
f 3404//3208 3406//3210 3407//3211
f 3406//3210 3408//3212 3407//3211
f 3407//3211 3408//3212 3409//3213
f 3407//3211 3409//3213 3410//3214
f 3409//3213 3411//3215 3410//3214
f 3412//3216 3411//3217 3413//3218
f 3412//3216 3413//3218 3414//3219
f 3413//3218 3415//3220 3414//3219
f 3414//3219 3415//3220 3416//3221
f 3414//3219 3416//3221 3417//3222
f 3416//3221 3418//3223 3417//3222
f 3417//3222 3418//3223 3419//3224
f 3417//3222 3419//3224 3420//3225
f 3419//3224 3421//3226 3420//3225
f 3420//3225 3421//3226 3422//3227
f 3420//3225 3422//3227 3423//3228
f 3422//3227 3424//3229 3423//3228
f 3423//3228 3424//3229 3425//3230
f 3423//3228 3425//3230 3426//3231
f 3425//3230 3427//3232 3426//3231
f 3426//3231 3427//3232 3428//3233
f 3426//3231 3428//3233 3429//3234
f 3428//3233 3430//3235 3429//3234
f 3431//3236 3430//3237 3432//3238
f 3431//3236 3432//3238 3433//3239
f 3432//3238 3434//3240 3433//3239
f 3433//3239 3434//3240 3435//3241
f 3433//3239 3435//3241 3436//3242
f 3435//3241 3437//3243 3436//3242
f 3436//3242 3437//3243 3438//3244
f 3436//3242 3438//3244 3439//3245
f 3438//3244 3440//3246 3439//3245
f 3439//3245 3440//3246 3441//3247
f 3439//3245 3441//3247 3442//3248
f 3441//3247 3443//3249 3442//3248
f 3442//3248 3443//3249 3444//3250
f 3442//3248 3444//3250 3445//3251
f 3444//3250 3446//3252 3445//3251
f 3445//3251 3446//3252 3447//3253
f 3445//3251 3447//3253 3448//3254
f 3447//3253 3449//3255 3448//3254
f 3448//3254 3449//3255 3450//3256
f 3448//3254 3450//3256 3451//3257
f 3450//3256 3452//3258 3451//3257
f 3453//3259 3452//3260 3454//3261
f 3453//3259 3454//3261 3455//3262
f 3454//3261 3456//3263 3455//3262
f 3455//3262 3456//3263 3457//3264
f 3455//3262 3457//3264 3458//3265
f 3458//3265 3457//3264 3459//3266
f 3338//3141 3459//3267 3339//3142
f 3460//3268 3461//3269 3462//3270
f 3462//3270 3461//3269 3463//3271
f 3462//3270 3463//3271 3464//3272
f 3464//3272 3463//3271 3465//3273
f 3464//3272 3465//3273 3466//3274
f 3466//3274 3465//3273 3467//3275
f 3466//3274 3467//3275 3468//3276
f 3468//3276 3467//3275 3469//3277
f 3468//3276 3469//3277 3470//3278
f 3470//3278 3469//3277 3471//3279
f 3470//3278 3471//3279 3472//3280
f 3472//3280 3471//3279 3473//3281
f 3472//3280 3473//3281 3474//3282
f 3474//3282 3473//3281 3475//3283
f 3474//3282 3475//3283 3476//3284
f 3476//3284 3475//3283 3477//3285
f 3476//3284 3477//3285 3478//3286
f 3478//3286 3477//3285 3479//3287
f 3478//3286 3479//3287 3480//3288
f 3480//3288 3479//3287 3481//3289
f 3480//3288 3481//3289 3482//3290
f 3482//3290 3481//3289 3483//3291
f 3482//3290 3483//3291 3484//3292
f 3484//3292 3483//3291 3485//3293
f 3484//3292 3485//3293 3486//3294
f 3486//3294 3485//3293 3487//3295
f 3486//3294 3487//3295 3488//3296
f 3488//3296 3487//3295 3489//3297
f 3488//3296 3489//3297 3490//3298
f 3490//3298 3489//3297 3491//3299
f 3490//3298 3491//3299 3492//3300
f 3492//3300 3491//3299 3493//3301
f 3492//3300 3493//3301 3494//3302
f 3494//3302 3493//3301 3495//3303
f 3494//3302 3495//3303 3496//3304
f 3496//3304 3495//3303 3497//3305
f 3496//3304 3497//3305 3460//3268
f 3460//3268 3497//3305 3461//3269
f 3498//3306 3499//3306 3500//3306
f 3501//3307 3502//3307 3500//3307
f 3500//3308 3502//3308 3503//3308
f 3500//3309 3503//3309 3498//3309
f 3504//3310 3505//3310 3500//3310
f 3500//3311 3505//3311 3506//3311
f 3500//3312 3506//3312 3501//3312
f 3507//3313 3508//3313 3500//3313
f 3500//3314 3508//3314 3509//3314
f 3500//3315 3509//3315 3504//3315
f 3510//3316 3511//3316 3500//3316
f 3500//3317 3511//3317 3512//3317
f 3500//3318 3512//3318 3507//3318
f 3513//3319 3514//3319 3500//3319
f 3500//3320 3514//3320 3515//3320
f 3500//3321 3515//3321 3510//3321
f 3499//3322 3516//3322 3500//3322
f 3500//3323 3516//3323 3517//3323
f 3500//3324 3517//3324 3513//3324
